control_id,document_id,topic,control_type,owner,evidence_template,status
GOV-001-C001,GOV-001,使命与价值主张,preventive,项目负责人,FRM-013,approved
GOV-001-C002,GOV-001,0301/0302优先范围,detective,项目负责人,FRM-013,approved
GOV-001-C003,GOV-001,首批链范围,corrective,项目负责人,FRM-013,approved
GOV-001-C004,GOV-001,证据级成功标准,preventive,项目负责人,FRM-013,approved
GOV-001-C005,GOV-001,阶段门授权,detective,项目负责人,FRM-013,approved
GOV-001-C006,GOV-001,对外承诺边界,corrective,项目负责人,FRM-013,approved
GOV-001-C007,GOV-001,资源优先级,preventive,项目负责人,FRM-013,approved
GOV-001-C008,GOV-001,试点退出条件,detective,项目负责人,FRM-013,approved
GOV-001-C009,GOV-001,重大风险升级,corrective,项目负责人,FRM-013,approved
GOV-001-C010,GOV-001,项目终止条件,preventive,项目负责人,FRM-013,approved
GOV-001-C011,GOV-001,利益相关方沟通,detective,项目负责人,FRM-013,approved
GOV-001-C012,GOV-001,年度目标冻结,corrective,项目负责人,FRM-013,approved
GOV-002-C001,GOV-002,文件层级定义,preventive,质量负责人,FRM-013,approved
GOV-002-C002,GOV-002,单一权威来源,detective,质量负责人,FRM-013,approved
GOV-002-C003,GOV-002,文件编号规则,corrective,质量负责人,FRM-013,approved
GOV-002-C004,GOV-002,主文档与附件关系,preventive,质量负责人,FRM-013,approved
GOV-002-C005,GOV-002,版本状态,detective,质量负责人,FRM-013,approved
GOV-002-C006,GOV-002,批准权限,corrective,质量负责人,FRM-013,approved
GOV-002-C007,GOV-002,外来文件控制,preventive,质量负责人,FRM-013,approved
GOV-002-C008,GOV-002,引用与链接,detective,质量负责人,FRM-013,approved
GOV-002-C009,GOV-002,废止与归档,corrective,质量负责人,FRM-013,approved
GOV-002-C010,GOV-002,受控副本,preventive,质量负责人,FRM-013,approved
GOV-002-C011,GOV-002,机器可读索引,detective,质量负责人,FRM-013,approved
GOV-002-C012,GOV-002,文档冲突处理,corrective,质量负责人,FRM-013,approved
GOV-002-C013,GOV-002,发布渠道,preventive,质量负责人,FRM-013,approved
GOV-002-C014,GOV-002,历史版本检索,detective,质量负责人,FRM-013,approved
GOV-003-C001,GOV-003,管理层责任,preventive,项目负责人,FRM-013,approved
GOV-003-C002,GOV-003,项目负责人权限,detective,项目负责人,FRM-013,approved
GOV-003-C003,GOV-003,质量负责人独立性,corrective,项目负责人,FRM-013,approved
GOV-003-C004,GOV-003,技术负责人职责,preventive,项目负责人,FRM-013,approved
GOV-003-C005,GOV-003,方法负责人职责,detective,项目负责人,FRM-013,approved
GOV-003-C006,GOV-003,安全负责人职责,corrective,项目负责人,FRM-013,approved
GOV-003-C007,GOV-003,数据管理员职责,preventive,项目负责人,FRM-013,approved
GOV-003-C008,GOV-003,实验室负责人职责,detective,项目负责人,FRM-013,approved
GOV-003-C009,GOV-003,鉴定人候选人员职责,corrective,项目负责人,FRM-013,approved
GOV-003-C010,GOV-003,研发人员边界,preventive,项目负责人,FRM-013,approved
GOV-003-C011,GOV-003,复核人员独立性,detective,项目负责人,FRM-013,approved
GOV-003-C012,GOV-003,授权签字人准备,corrective,项目负责人,FRM-013,approved
GOV-003-C013,GOV-003,供应商管理责任,preventive,项目负责人,FRM-013,approved
GOV-003-C014,GOV-003,对外沟通授权,detective,项目负责人,FRM-013,approved
GOV-003-C015,GOV-003,人员替补机制,corrective,项目负责人,FRM-013,approved
GOV-004-C001,GOV-004,变更分类,preventive,质量负责人,FRM-013,approved
GOV-004-C002,GOV-004,紧急变更,detective,质量负责人,FRM-013,approved
GOV-004-C003,GOV-004,法规变更,corrective,质量负责人,FRM-013,approved
GOV-004-C004,GOV-004,协议升级,preventive,质量负责人,FRM-013,approved
GOV-004-C005,GOV-004,节点客户端升级,detective,质量负责人,FRM-013,approved
GOV-004-C006,GOV-004,工具版本升级,corrective,质量负责人,FRM-013,approved
GOV-004-C007,GOV-004,算法规则变更,preventive,质量负责人,FRM-013,approved
GOV-004-C008,GOV-004,标签库变更,detective,质量负责人,FRM-013,approved
GOV-004-C009,GOV-004,数据模式变更,corrective,质量负责人,FRM-013,approved
GOV-004-C010,GOV-004,场所设备变更,preventive,质量负责人,FRM-013,approved
GOV-004-C011,GOV-004,人员授权变更,detective,质量负责人,FRM-013,approved
GOV-004-C012,GOV-004,供应商变更,corrective,质量负责人,FRM-013,approved
GOV-004-C013,GOV-004,影响分析,preventive,质量负责人,FRM-013,approved
GOV-004-C014,GOV-004,验证深度,detective,质量负责人,FRM-013,approved
GOV-004-C015,GOV-004,回退计划,corrective,质量负责人,FRM-013,approved
GOV-004-C016,GOV-004,历史案件影响,preventive,质量负责人,FRM-013,approved
GOV-004-C017,GOV-004,发布窗口,detective,质量负责人,FRM-013,approved
GOV-004-C018,GOV-004,变更关闭,corrective,质量负责人,FRM-013,approved
GOV-005-C001,GOV-005,决策登记,preventive,项目负责人,FRM-013,approved
GOV-005-C002,GOV-005,假设登记,detective,项目负责人,FRM-013,approved
GOV-005-C003,GOV-005,例外申请,corrective,项目负责人,FRM-013,approved
GOV-005-C004,GOV-005,监管待确认项,preventive,项目负责人,FRM-013,approved
GOV-005-C005,GOV-005,技术债务,detective,项目负责人,FRM-013,approved
GOV-005-C006,GOV-005,有效期,corrective,项目负责人,FRM-013,approved
GOV-005-C007,GOV-005,补偿控制,preventive,项目负责人,FRM-013,approved
GOV-005-C008,GOV-005,风险接受,detective,项目负责人,FRM-013,approved
GOV-005-C009,GOV-005,否决权,corrective,项目负责人,FRM-013,approved
GOV-005-C010,GOV-005,延期批准,preventive,项目负责人,FRM-013,approved
GOV-005-C011,GOV-005,关闭证据,detective,项目负责人,FRM-013,approved
GOV-005-C012,GOV-005,关联需求,corrective,项目负责人,FRM-013,approved
GOV-005-C013,GOV-005,外部依赖,preventive,项目负责人,FRM-013,approved
GOV-005-C014,GOV-005,升级阈值,detective,项目负责人,FRM-013,approved
GOV-005-C015,GOV-005,公开沟通边界,corrective,项目负责人,FRM-013,approved
GOV-006-C001,GOV-006,证据包完整率,preventive,质量负责人,FRM-013,approved
GOV-006-C002,GOV-006,独立复现通过率,detective,质量负责人,FRM-013,approved
GOV-006-C003,GOV-006,关键字段一致率,corrective,质量负责人,FRM-013,approved
GOV-006-C004,GOV-006,工具回归通过率,preventive,质量负责人,FRM-013,approved
GOV-006-C005,GOV-006,方法拒绝率,detective,质量负责人,FRM-013,approved
GOV-006-C006,GOV-006,越界措辞缺陷率,corrective,质量负责人,FRM-013,approved
GOV-006-C007,GOV-006,CAPA按期关闭率,preventive,质量负责人,FRM-013,approved
GOV-006-C008,GOV-006,内审问题复发率,detective,质量负责人,FRM-013,approved
GOV-006-C009,GOV-006,人员授权有效率,corrective,质量负责人,FRM-013,approved
GOV-006-C010,GOV-006,供应商合格率,preventive,质量负责人,FRM-013,approved
GOV-006-C011,GOV-006,数据源可用率,detective,质量负责人,FRM-013,approved
GOV-006-C012,GOV-006,备份恢复成功率,corrective,质量负责人,FRM-013,approved
GOV-006-C013,GOV-006,报告退回率,preventive,质量负责人,FRM-013,approved
GOV-006-C014,GOV-006,客户投诉率,detective,质量负责人,FRM-013,approved
GOV-006-C015,GOV-006,安全事件率,corrective,质量负责人,FRM-013,approved
GOV-006-C016,GOV-006,监管查新及时率,preventive,质量负责人,FRM-013,approved
GOV-007-C001,GOV-007,语义版本,preventive,配置管理员,FRM-013,approved
GOV-007-C002,GOV-007,生产基线,detective,配置管理员,FRM-013,approved
GOV-007-C003,GOV-007,候选版本,corrective,配置管理员,FRM-013,approved
GOV-007-C004,GOV-007,实验版本,preventive,配置管理员,FRM-013,approved
GOV-007-C005,GOV-007,发布清单,detective,配置管理员,FRM-013,approved
GOV-007-C006,GOV-007,构建可重现,corrective,配置管理员,FRM-013,approved
GOV-007-C007,GOV-007,依赖锁定,preventive,配置管理员,FRM-013,approved
GOV-007-C008,GOV-007,制品哈希,detective,配置管理员,FRM-013,approved
GOV-007-C009,GOV-007,签名与批准,corrective,配置管理员,FRM-013,approved
GOV-007-C010,GOV-007,回滚包,preventive,配置管理员,FRM-013,approved
GOV-007-C011,GOV-007,长期归档,detective,配置管理员,FRM-013,approved
GOV-007-C012,GOV-007,兼容性声明,corrective,配置管理员,FRM-013,approved
GOV-007-C013,GOV-007,弃用通知,preventive,配置管理员,FRM-013,approved
GOV-007-C014,GOV-007,历史案件复现,detective,配置管理员,FRM-013,approved
GOV-007-C015,GOV-007,紧急撤回,corrective,配置管理员,FRM-013,approved
REG-001-C001,REG-001,CMA行政许可性质,preventive,合规负责人,FRM-015,approved
REG-001-C002,REG-001,CNAS自愿认可性质,detective,合规负责人,FRM-015,approved
REG-001-C003,REG-001,司法鉴定机构登记,corrective,合规负责人,FRM-015,approved
REG-001-C004,REG-001,司法鉴定人登记,preventive,合规负责人,FRM-015,approved
REG-001-C005,REG-001,0301存在性鉴定,detective,合规负责人,FRM-015,approved
REG-001-C006,REG-001,0302真实性鉴定,corrective,合规负责人,FRM-015,approved
REG-001-C007,REG-001,0303功能性鉴定,preventive,合规负责人,FRM-015,approved
REG-001-C008,REG-001,0304相似性鉴定,detective,合规负责人,FRM-015,approved
REG-001-C009,REG-001,诉讼证据真实性审查,corrective,合规负责人,FRM-015,approved
REG-001-C010,REG-001,合法性审查,preventive,合规负责人,FRM-015,approved
REG-001-C011,REG-001,关联性审查,detective,合规负责人,FRM-015,approved
REG-001-C012,REG-001,技术报告与鉴定意见区别,corrective,合规负责人,FRM-015,approved
REG-001-C013,REG-001,检测报告与鉴定意见区别,preventive,合规负责人,FRM-015,approved
REG-001-C014,REG-001,机构许可与个人许可关系,detective,合规负责人,FRM-015,approved
REG-001-C015,REG-001,地方审批与国家认可关系,corrective,合规负责人,FRM-015,approved
REG-002-C001,REG-002,事项清单查询,preventive,合规负责人,FRM-015,approved
REG-002-C002,REG-002,能力项目库查询,detective,合规负责人,FRM-015,approved
REG-002-C003,REG-002,审批决定时点,corrective,合规负责人,FRM-015,approved
REG-002-C004,REG-002,标准现行性,preventive,合规负责人,FRM-015,approved
REG-002-C005,REG-002,对象项目参数表述,detective,合规负责人,FRM-015,approved
REG-002-C006,REG-002,限制范围,corrective,合规负责人,FRM-015,approved
REG-002-C007,REG-002,库外项目服务,preventive,合规负责人,FRM-015,approved
REG-002-C008,REG-002,CMA标志禁止使用,detective,合规负责人,FRM-015,approved
REG-002-C009,REG-002,旧证书过渡,corrective,合规负责人,FRM-015,approved
REG-002-C010,REG-002,动态调整建议,preventive,合规负责人,FRM-015,approved
REG-002-C011,REG-002,三家机构联合建议,detective,合规负责人,FRM-015,approved
REG-002-C012,REG-002,沙盒研究,corrective,合规负责人,FRM-015,approved
REG-002-C013,REG-002,申请材料冻结,preventive,合规负责人,FRM-015,approved
REG-002-C014,REG-002,评审范围一致性,detective,合规负责人,FRM-015,approved
REG-002-C015,REG-002,报告模板控制,corrective,合规负责人,FRM-015,approved
REG-002-C016,REG-002,宣传审查,preventive,合规负责人,FRM-015,approved
REG-002-C017,REG-002,证书到期管理,detective,合规负责人,FRM-015,approved
REG-003-C001,REG-003,法律地位,preventive,质量负责人,FRM-015,approved
REG-003-C002,REG-003,管理体系六个月运行,detective,质量负责人,FRM-015,approved
REG-003-C003,REG-003,完整内审,corrective,质量负责人,FRM-015,approved
REG-003-C004,REG-003,管理评审,preventive,质量负责人,FRM-015,approved
REG-003-C005,REG-003,全部体系要素记录,detective,质量负责人,FRM-015,approved
REG-003-C006,REG-003,能力验证规则,corrective,质量负责人,FRM-015,approved
REG-003-C007,REG-003,授权签字人资格,preventive,质量负责人,FRM-015,approved
REG-003-C008,REG-003,人员资源,detective,质量负责人,FRM-015,approved
REG-003-C009,REG-003,设备量值溯源,corrective,质量负责人,FRM-015,approved
REG-003-C010,REG-003,申请项目鉴定经历,preventive,质量负责人,FRM-015,approved
REG-003-C011,REG-003,受理要求,detective,质量负责人,FRM-015,approved
REG-003-C012,REG-003,能力范围表述,corrective,质量负责人,FRM-015,approved
REG-003-C013,REG-003,领域分类,preventive,质量负责人,FRM-015,approved
REG-003-C014,REG-003,仪器配置,detective,质量负责人,FRM-015,approved
REG-003-C015,REG-003,不符合整改,corrective,质量负责人,FRM-015,approved
REG-003-C016,REG-003,现场评审准备,preventive,质量负责人,FRM-015,approved
REG-003-C017,REG-003,认可后监督,detective,质量负责人,FRM-015,approved
REG-004-C001,REG-004,法人主体条件,preventive,合规负责人,FRM-015,approved
REG-004-C002,REG-004,固定住所,detective,合规负责人,FRM-015,approved
REG-004-C003,REG-004,资金证明,corrective,合规负责人,FRM-015,approved
REG-004-C004,REG-004,业务范围,preventive,合规负责人,FRM-015,approved
REG-004-C005,REG-004,每项业务人员配置,detective,合规负责人,FRM-015,approved
REG-004-C006,REG-004,司法鉴定人资格路径,corrective,合规负责人,FRM-015,approved
REG-004-C007,REG-004,机构质量体系,preventive,合规负责人,FRM-015,approved
REG-004-C008,REG-004,设备与实验室,detective,合规负责人,FRM-015,approved
REG-004-C009,REG-004,专家评审,corrective,合规负责人,FRM-015,approved
REG-004-C010,REG-004,许可证范围,preventive,合规负责人,FRM-015,approved
REG-004-C011,REG-004,执业证范围,detective,合规负责人,FRM-015,approved
REG-004-C012,REG-004,受理回避,corrective,合规负责人,FRM-015,approved
REG-004-C013,REG-004,鉴定意见签署,preventive,合规负责人,FRM-015,approved
REG-004-C014,REG-004,出庭作证,detective,合规负责人,FRM-015,approved
REG-004-C015,REG-004,延续变更注销,corrective,合规负责人,FRM-015,approved
REG-004-C016,REG-004,行政监督,preventive,合规负责人,FRM-015,approved
REG-004-C017,REG-004,未获许可前禁止事项,detective,合规负责人,FRM-015,approved
REG-005-C001,REG-005,区级初审与市级终审研究,preventive,合规负责人,FRM-015,approved
REG-005-C002,REG-005,固定场所,detective,合规负责人,FRM-015,approved
REG-005-C003,REG-005,案件受理预检室,corrective,合规负责人,FRM-015,approved
REG-005-C004,REG-005,样品保管区,preventive,合规负责人,FRM-015,approved
REG-005-C005,REG-005,防静电分析室,detective,合规负责人,FRM-015,approved
REG-005-C006,REG-005,档案室,corrective,合规负责人,FRM-015,approved
REG-005-C007,REG-005,UPS,preventive,合规负责人,FRM-015,approved
REG-005-C008,REG-005,防火防磁防静电存储,detective,合规负责人,FRM-015,approved
REG-005-C009,REG-005,视频监控,corrective,合规负责人,FRM-015,approved
REG-005-C010,REG-005,网络数据获取工具,preventive,合规负责人,FRM-015,approved
REG-005-C011,REG-005,远程服务器分析,detective,合规负责人,FRM-015,approved
REG-005-C012,REG-005,日志与数据库分析,corrective,合规负责人,FRM-015,approved
REG-005-C013,REG-005,可视化关联分析,preventive,合规负责人,FRM-015,approved
REG-005-C014,REG-005,设备所有权,detective,合规负责人,FRM-015,approved
REG-005-C015,REG-005,校准维护,corrective,合规负责人,FRM-015,approved
REG-005-C016,REG-005,专家现场演示,preventive,合规负责人,FRM-015,approved
REG-005-C017,REG-005,消防与物理安全,detective,合规负责人,FRM-015,approved
REG-005-C018,REG-005,筹建顺序书面确认,corrective,合规负责人,FRM-015,approved
REG-006-C001,REG-006,原始存储介质,preventive,合规负责人,FRM-015,approved
REG-006-C002,REG-006,在线提取,detective,合规负责人,FRM-015,approved
REG-006-C003,REG-006,完整性校验值,corrective,合规负责人,FRM-015,approved
REG-006-C004,REG-006,备份与封存,preventive,合规负责人,FRM-015,approved
REG-006-C005,REG-006,冻结与访问日志,detective,合规负责人,FRM-015,approved
REG-006-C006,REG-006,提取录像,corrective,合规负责人,FRM-015,approved
REG-006-C007,REG-006,二人操作场景,preventive,合规负责人,FRM-015,approved
REG-006-C008,REG-006,见证要求研究,detective,合规负责人,FRM-015,approved
REG-006-C009,REG-006,笔录与清单,corrective,合规负责人,FRM-015,approved
REG-006-C010,REG-006,文件格式记录,preventive,合规负责人,FRM-015,approved
REG-006-C011,REG-006,写保护,detective,合规负责人,FRM-015,approved
REG-006-C012,REG-006,拆封录像,corrective,合规负责人,FRM-015,approved
REG-006-C013,REG-006,检查方法过程结果,preventive,合规负责人,FRM-015,approved
REG-006-C014,REG-006,可重现性,detective,合规负责人,FRM-015,approved
REG-006-C015,REG-006,增加删除修改说明,corrective,合规负责人,FRM-015,approved
REG-006-C016,REG-006,网络身份综合判断,preventive,合规负责人,FRM-015,approved
REG-006-C017,REG-006,移送展示,detective,合规负责人,FRM-015,approved
REG-006-C018,REG-006,出庭质证准备,corrective,合规负责人,FRM-015,approved
REG-007-C001,REG-007,数据分类分级,preventive,安全负责人,FRM-015,approved
REG-007-C002,REG-007,处理目的,detective,安全负责人,FRM-015,approved
REG-007-C003,REG-007,最小必要,corrective,安全负责人,FRM-015,approved
REG-007-C004,REG-007,访问授权,preventive,安全负责人,FRM-015,approved
REG-007-C005,REG-007,敏感信息,detective,安全负责人,FRM-015,approved
REG-007-C006,REG-007,案件秘密,corrective,安全负责人,FRM-015,approved
REG-007-C007,REG-007,商业秘密,preventive,安全负责人,FRM-015,approved
REG-007-C008,REG-007,地址标签个人关联,detective,安全负责人,FRM-015,approved
REG-007-C009,REG-007,设备标识,corrective,安全负责人,FRM-015,approved
REG-007-C010,REG-007,交易所材料,preventive,安全负责人,FRM-015,approved
REG-007-C011,REG-007,跨境数据识别,detective,安全负责人,FRM-015,approved
REG-007-C012,REG-007,数据本地化策略,corrective,安全负责人,FRM-015,approved
REG-007-C013,REG-007,加密与密钥,preventive,安全负责人,FRM-015,approved
REG-007-C014,REG-007,脱敏与匿名化,detective,安全负责人,FRM-015,approved
REG-007-C015,REG-007,第三方共享,corrective,安全负责人,FRM-015,approved
REG-007-C016,REG-007,留存期限,preventive,安全负责人,FRM-015,approved
REG-007-C017,REG-007,销毁证明,detective,安全负责人,FRM-015,approved
REG-007-C018,REG-007,安全事件通知,corrective,安全负责人,FRM-015,approved
REG-007-C019,REG-007,数据主体请求研究,preventive,安全负责人,FRM-015,approved
REG-008-C001,REG-008,技术分析服务,preventive,合规负责人,FRM-015,approved
REG-008-C002,REG-008,司法技术辅助,detective,合规负责人,FRM-015,approved
REG-008-C003,REG-008,软件许可,corrective,合规负责人,FRM-015,approved
REG-008-C004,REG-008,数据服务,preventive,合规负责人,FRM-015,approved
REG-008-C005,REG-008,交易撮合禁止边界,detective,合规负责人,FRM-015,approved
REG-008-C006,REG-008,兑换结算边界,corrective,合规负责人,FRM-015,approved
REG-008-C007,REG-008,资金托管边界,preventive,合规负责人,FRM-015,approved
REG-008-C008,REG-008,投资建议边界,detective,合规负责人,FRM-015,approved
REG-008-C009,REG-008,代客操作边界,corrective,合规负责人,FRM-015,approved
REG-008-C010,REG-008,地址冻结建议边界,preventive,合规负责人,FRM-015,approved
REG-008-C011,REG-008,风险标签措辞,detective,合规负责人,FRM-015,approved
REG-008-C012,REG-008,海外服务审查,corrective,合规负责人,FRM-015,approved
REG-008-C013,REG-008,客户KYC,preventive,合规负责人,FRM-015,approved
REG-008-C014,REG-008,制裁与黑名单来源,detective,合规负责人,FRM-015,approved
REG-008-C015,REG-008,合同免责声明,corrective,合规负责人,FRM-015,approved
REG-008-C016,REG-008,营销材料审查,preventive,合规负责人,FRM-015,approved
REG-008-C017,REG-008,收费模式审查,detective,合规负责人,FRM-015,approved
REG-009-C001,REG-009,来源版本,preventive,合规负责人,FRM-015,approved
REG-009-C002,REG-009,条款定位,detective,合规负责人,FRM-015,approved
REG-009-C003,REG-009,适用性判断,corrective,合规负责人,FRM-015,approved
REG-009-C004,REG-009,当前控制,preventive,合规负责人,FRM-015,approved
REG-009-C005,REG-009,差距描述,detective,合规负责人,FRM-015,approved
REG-009-C006,REG-009,风险等级,corrective,合规负责人,FRM-015,approved
REG-009-C007,REG-009,纠正行动,preventive,合规负责人,FRM-015,approved
REG-009-C008,REG-009,责任人,detective,合规负责人,FRM-015,approved
REG-009-C009,REG-009,完成期限,corrective,合规负责人,FRM-015,approved
REG-009-C010,REG-009,依赖事项,preventive,合规负责人,FRM-015,approved
REG-009-C011,REG-009,验证证据,detective,合规负责人,FRM-015,approved
REG-009-C012,REG-009,残余风险,corrective,合规负责人,FRM-015,approved
REG-009-C013,REG-009,延期批准,preventive,合规负责人,FRM-015,approved
REG-009-C014,REG-009,关闭标准,detective,合规负责人,FRM-015,approved
REG-009-C015,REG-009,再打开条件,corrective,合规负责人,FRM-015,approved
REG-009-C016,REG-009,季度查新,preventive,合规负责人,FRM-015,approved
REG-010-C001,REG-010,问题清单,preventive,合规负责人,FRM-015,approved
REG-010-C002,REG-010,背景事实,detective,合规负责人,FRM-015,approved
REG-010-C003,REG-010,拟申请范围,corrective,合规负责人,FRM-015,approved
REG-010-C004,REG-010,不预设结论,preventive,合规负责人,FRM-015,approved
REG-010-C005,REG-010,书面渠道,detective,合规负责人,FRM-015,approved
REG-010-C006,REG-010,会议纪要,corrective,合规负责人,FRM-015,approved
REG-010-C007,REG-010,口头意见限制,preventive,合规负责人,FRM-015,approved
REG-010-C008,REG-010,答复适用范围,detective,合规负责人,FRM-015,approved
REG-010-C009,REG-010,答复有效期,corrective,合规负责人,FRM-015,approved
REG-010-C010,REG-010,参与人员,preventive,合规负责人,FRM-015,approved
REG-010-C011,REG-010,附件版本,detective,合规负责人,FRM-015,approved
REG-010-C012,REG-010,敏感信息控制,corrective,合规负责人,FRM-015,approved
REG-010-C013,REG-010,后续行动,preventive,合规负责人,FRM-015,approved
REG-010-C014,REG-010,冲突答复升级,detective,合规负责人,FRM-015,approved
REG-010-C015,REG-010,正式申报前复核,corrective,合规负责人,FRM-015,approved
REG-010-C016,REG-010,对外引用审批,preventive,合规负责人,FRM-015,approved
PRD-001-C001,PRD-001,证据级数据采集,preventive,产品负责人,FRM-010,approved
PRD-001-C002,PRD-001,离线可验证证据包,detective,产品负责人,FRM-010,approved
PRD-001-C003,PRD-001,独立复现,corrective,产品负责人,FRM-010,approved
PRD-001-C004,PRD-001,BTC首批支持,preventive,产品负责人,FRM-010,approved
PRD-001-C005,PRD-001,Ethereum首批支持,detective,产品负责人,FRM-010,approved
PRD-001-C006,PRD-001,TRON首批支持,corrective,产品负责人,FRM-010,approved
PRD-001-C007,PRD-001,0301技术准备,preventive,产品负责人,FRM-010,approved
PRD-001-C008,PRD-001,0302技术准备,detective,产品负责人,FRM-010,approved
PRD-001-C009,PRD-001,跨链候选关联,corrective,产品负责人,FRM-010,approved
PRD-001-C010,PRD-001,DeFi资产变化,preventive,产品负责人,FRM-010,approved
PRD-001-C011,PRD-001,标签证据分级,detective,产品负责人,FRM-010,approved
PRD-001-C012,PRD-001,拒绝结论,corrective,产品负责人,FRM-010,approved
PRD-001-C013,PRD-001,审计追踪,preventive,产品负责人,FRM-010,approved
PRD-001-C014,PRD-001,不做身份自动认定,detective,产品负责人,FRM-010,approved
PRD-001-C015,PRD-001,不做违法属性自动判断,corrective,产品负责人,FRM-010,approved
PRD-001-C016,PRD-001,不做交易撮合,preventive,产品负责人,FRM-010,approved
PRD-002-C001,PRD-002,案件受理员,preventive,产品负责人,FRM-010,approved
PRD-002-C002,PRD-002,采集人员,detective,产品负责人,FRM-010,approved
PRD-002-C003,PRD-002,链上分析员,corrective,产品负责人,FRM-010,approved
PRD-002-C004,PRD-002,方法负责人,preventive,产品负责人,FRM-010,approved
PRD-002-C005,PRD-002,独立复核人,detective,产品负责人,FRM-010,approved
PRD-002-C006,PRD-002,质量负责人,corrective,产品负责人,FRM-010,approved
PRD-002-C007,PRD-002,授权签字准备角色,preventive,产品负责人,FRM-010,approved
PRD-002-C008,PRD-002,系统管理员,detective,产品负责人,FRM-010,approved
PRD-002-C009,PRD-002,安全管理员,corrective,产品负责人,FRM-010,approved
PRD-002-C010,PRD-002,数据管理员,preventive,产品负责人,FRM-010,approved
PRD-002-C011,PRD-002,实验室负责人,detective,产品负责人,FRM-010,approved
PRD-002-C012,PRD-002,委托方只读用户,corrective,产品负责人,FRM-010,approved
PRD-002-C013,PRD-002,外部验证人,preventive,产品负责人,FRM-010,approved
PRD-002-C014,PRD-002,审计人员,detective,产品负责人,FRM-010,approved
PRD-002-C015,PRD-002,出庭说明人员,corrective,产品负责人,FRM-010,approved
PRD-003-C001,PRD-003,案件创建,preventive,产品负责人,FRM-010,approved
PRD-003-C002,PRD-003,授权登记,detective,产品负责人,FRM-010,approved
PRD-003-C003,PRD-003,技术问题定义,corrective,产品负责人,FRM-010,approved
PRD-003-C004,PRD-003,证据对象登记,preventive,产品负责人,FRM-010,approved
PRD-003-C005,PRD-003,采集会话,detective,产品负责人,FRM-010,approved
PRD-003-C006,PRD-003,节点身份记录,corrective,产品负责人,FRM-010,approved
PRD-003-C007,PRD-003,RPC原始响应保存,preventive,产品负责人,FRM-010,approved
PRD-003-C008,PRD-003,区块原始数据解析,detective,产品负责人,FRM-010,approved
PRD-003-C009,PRD-003,哈希计算,corrective,产品负责人,FRM-010,approved
PRD-003-C010,PRD-003,标准化交易,preventive,产品负责人,FRM-010,approved
PRD-003-C011,PRD-003,资产变化账本,detective,产品负责人,FRM-010,approved
PRD-003-C012,PRD-003,路径追踪,corrective,产品负责人,FRM-010,approved
PRD-003-C013,PRD-003,规则与参数管理,preventive,产品负责人,FRM-010,approved
PRD-003-C014,PRD-003,标签来源管理,detective,产品负责人,FRM-010,approved
PRD-003-C015,PRD-003,假设日志,corrective,产品负责人,FRM-010,approved
PRD-003-C016,PRD-003,复核工作流,preventive,产品负责人,FRM-010,approved
PRD-003-C017,PRD-003,报告生成,detective,产品负责人,FRM-010,approved
PRD-003-C018,PRD-003,离线验证,corrective,产品负责人,FRM-010,approved
PRD-003-C019,PRD-003,归档与销毁,preventive,产品负责人,FRM-010,approved
PRD-003-C020,PRD-003,历史版本复现,detective,产品负责人,FRM-010,approved
PRD-004-C001,PRD-004,线索状态,preventive,产品负责人,FRM-010,approved
PRD-004-C002,PRD-004,预审状态,detective,产品负责人,FRM-010,approved
PRD-004-C003,PRD-004,已受理,corrective,产品负责人,FRM-010,approved
PRD-004-C004,PRD-004,采集中,preventive,产品负责人,FRM-010,approved
PRD-004-C005,PRD-004,采集完成,detective,产品负责人,FRM-010,approved
PRD-004-C006,PRD-004,分析中,corrective,产品负责人,FRM-010,approved
PRD-004-C007,PRD-004,待方法复核,preventive,产品负责人,FRM-010,approved
PRD-004-C008,PRD-004,待质量复核,detective,产品负责人,FRM-010,approved
PRD-004-C009,PRD-004,待批准,corrective,产品负责人,FRM-010,approved
PRD-004-C010,PRD-004,已发布,preventive,产品负责人,FRM-010,approved
PRD-004-C011,PRD-004,已交付,detective,产品负责人,FRM-010,approved
PRD-004-C012,PRD-004,已归档,corrective,产品负责人,FRM-010,approved
PRD-004-C013,PRD-004,已暂停,preventive,产品负责人,FRM-010,approved
PRD-004-C014,PRD-004,已拒绝,detective,产品负责人,FRM-010,approved
PRD-004-C015,PRD-004,已撤回,corrective,产品负责人,FRM-010,approved
PRD-004-C016,PRD-004,已重开,preventive,产品负责人,FRM-010,approved
PRD-004-C017,PRD-004,已销毁,detective,产品负责人,FRM-010,approved
PRD-004-C018,PRD-004,状态迁移权限,corrective,产品负责人,FRM-010,approved
PRD-004-C019,PRD-004,状态冻结,preventive,产品负责人,FRM-010,approved
PRD-004-C020,PRD-004,超时升级,detective,产品负责人,FRM-010,approved
PRD-005-C001,PRD-005,案件清单,preventive,产品负责人,FRM-010,approved
PRD-005-C002,PRD-005,证据对象清单,detective,产品负责人,FRM-010,approved
PRD-005-C003,PRD-005,原始数据目录,corrective,产品负责人,FRM-010,approved
PRD-005-C004,PRD-005,标准化数据目录,preventive,产品负责人,FRM-010,approved
PRD-005-C005,PRD-005,派生结果目录,detective,产品负责人,FRM-010,approved
PRD-005-C006,PRD-005,工具与环境清单,corrective,产品负责人,FRM-010,approved
PRD-005-C007,PRD-005,方法版本清单,preventive,产品负责人,FRM-010,approved
PRD-005-C008,PRD-005,操作日志,detective,产品负责人,FRM-010,approved
PRD-005-C009,PRD-005,录像索引,corrective,产品负责人,FRM-010,approved
PRD-005-C010,PRD-005,复核记录,preventive,产品负责人,FRM-010,approved
PRD-005-C011,PRD-005,报告与附件,detective,产品负责人,FRM-010,approved
PRD-005-C012,PRD-005,Merkle根,corrective,产品负责人,FRM-010,approved
PRD-005-C013,PRD-005,数字签名,preventive,产品负责人,FRM-010,approved
PRD-005-C014,PRD-005,加密封装,detective,产品负责人,FRM-010,approved
PRD-005-C015,PRD-005,最小披露包,corrective,产品负责人,FRM-010,approved
PRD-005-C016,PRD-005,完整包,preventive,产品负责人,FRM-010,approved
PRD-005-C017,PRD-005,验证脚本,detective,产品负责人,FRM-010,approved
PRD-005-C018,PRD-005,格式版本,corrective,产品负责人,FRM-010,approved
PRD-005-C019,PRD-005,兼容性声明,preventive,产品负责人,FRM-010,approved
PRD-005-C020,PRD-005,传输回执,detective,产品负责人,FRM-010,approved
PRD-006-C001,PRD-006,证据引用面板,preventive,产品负责人,FRM-010,approved
PRD-006-C002,PRD-006,原始字段查看,detective,产品负责人,FRM-010,approved
PRD-006-C003,PRD-006,标准化字段查看,corrective,产品负责人,FRM-010,approved
PRD-006-C004,PRD-006,资产变化账本,preventive,产品负责人,FRM-010,approved
PRD-006-C005,PRD-006,路径查询,detective,产品负责人,FRM-010,approved
PRD-006-C006,PRD-006,时间线,corrective,产品负责人,FRM-010,approved
PRD-006-C007,PRD-006,图谱视图,preventive,产品负责人,FRM-010,approved
PRD-006-C008,PRD-006,候选关系,detective,产品负责人,FRM-010,approved
PRD-006-C009,PRD-006,规则解释,corrective,产品负责人,FRM-010,approved
PRD-006-C010,PRD-006,参数快照,preventive,产品负责人,FRM-010,approved
PRD-006-C011,PRD-006,假设日志,detective,产品负责人,FRM-010,approved
PRD-006-C012,PRD-006,反例记录,corrective,产品负责人,FRM-010,approved
PRD-006-C013,PRD-006,来源冲突,preventive,产品负责人,FRM-010,approved
PRD-006-C014,PRD-006,人工备注,detective,产品负责人,FRM-010,approved
PRD-006-C015,PRD-006,复核差异,corrective,产品负责人,FRM-010,approved
PRD-006-C016,PRD-006,批注与签名,preventive,产品负责人,FRM-010,approved
PRD-006-C017,PRD-006,导出受控快照,detective,产品负责人,FRM-010,approved
PRD-006-C018,PRD-006,性能降级策略,corrective,产品负责人,FRM-010,approved
PRD-006-C019,PRD-006,大图分页,preventive,产品负责人,FRM-010,approved
PRD-006-C020,PRD-006,禁止黑盒总分,detective,产品负责人,FRM-010,approved
PRD-007-C001,PRD-007,报告类型,preventive,产品负责人,FRM-010,approved
PRD-007-C002,PRD-007,委托事项,detective,产品负责人,FRM-010,approved
PRD-007-C003,PRD-007,检材与数据来源,corrective,产品负责人,FRM-010,approved
PRD-007-C004,PRD-007,方法与工具,preventive,产品负责人,FRM-010,approved
PRD-007-C005,PRD-007,操作过程,detective,产品负责人,FRM-010,approved
PRD-007-C006,PRD-007,技术事实,corrective,产品负责人,FRM-010,approved
PRD-007-C007,PRD-007,规则推断,preventive,产品负责人,FRM-010,approved
PRD-007-C008,PRD-007,统计推断,detective,产品负责人,FRM-010,approved
PRD-007-C009,PRD-007,限制与反例,corrective,产品负责人,FRM-010,approved
PRD-007-C010,PRD-007,无法判断,preventive,产品负责人,FRM-010,approved
PRD-007-C011,PRD-007,图表引用,detective,产品负责人,FRM-010,approved
PRD-007-C012,PRD-007,金额校验,corrective,产品负责人,FRM-010,approved
PRD-007-C013,PRD-007,地址完整显示,preventive,产品负责人,FRM-010,approved
PRD-007-C014,PRD-007,时间与时区,detective,产品负责人,FRM-010,approved
PRD-007-C015,PRD-007,附件索引,corrective,产品负责人,FRM-010,approved
PRD-007-C016,PRD-007,复核签字,preventive,产品负责人,FRM-010,approved
PRD-007-C017,PRD-007,版本水印,detective,产品负责人,FRM-010,approved
PRD-007-C018,PRD-007,撤回更正,corrective,产品负责人,FRM-010,approved
PRD-007-C019,PRD-007,法庭演示材料,preventive,产品负责人,FRM-010,approved
PRD-007-C020,PRD-007,通俗解释,detective,产品负责人,FRM-010,approved
PRD-008-C001,PRD-008,案件隔离,preventive,产品负责人,FRM-010,approved
PRD-008-C002,PRD-008,静态加密,detective,产品负责人,FRM-010,approved
PRD-008-C003,PRD-008,传输加密,corrective,产品负责人,FRM-010,approved
PRD-008-C004,PRD-008,密钥轮换,preventive,产品负责人,FRM-010,approved
PRD-008-C005,PRD-008,最小权限,detective,产品负责人,FRM-010,approved
PRD-008-C006,PRD-008,不可抵赖日志,corrective,产品负责人,FRM-010,approved
PRD-008-C007,PRD-008,时间同步,preventive,产品负责人,FRM-010,approved
PRD-008-C008,PRD-008,可用性目标,detective,产品负责人,FRM-010,approved
PRD-008-C009,PRD-008,恢复时间目标,corrective,产品负责人,FRM-010,approved
PRD-008-C010,PRD-008,恢复点目标,preventive,产品负责人,FRM-010,approved
PRD-008-C011,PRD-008,大图性能,detective,产品负责人,FRM-010,approved
PRD-008-C012,PRD-008,批量解析吞吐,corrective,产品负责人,FRM-010,approved
PRD-008-C013,PRD-008,离线运行,preventive,产品负责人,FRM-010,approved
PRD-008-C014,PRD-008,依赖锁定,detective,产品负责人,FRM-010,approved
PRD-008-C015,PRD-008,可重现构建,corrective,产品负责人,FRM-010,approved
PRD-008-C016,PRD-008,日志保留,preventive,产品负责人,FRM-010,approved
PRD-008-C017,PRD-008,监控告警,detective,产品负责人,FRM-010,approved
PRD-008-C018,PRD-008,漏洞修复时限,corrective,产品负责人,FRM-010,approved
PRD-008-C019,PRD-008,兼容性,preventive,产品负责人,FRM-010,approved
PRD-008-C020,PRD-008,可访问性,detective,产品负责人,FRM-010,approved
PRD-009-C001,PRD-009,需求追踪覆盖,preventive,产品负责人,FRM-010,approved
PRD-009-C002,PRD-009,单元测试,detective,产品负责人,FRM-010,approved
PRD-009-C003,PRD-009,集成测试,corrective,产品负责人,FRM-010,approved
PRD-009-C004,PRD-009,端到端测试,preventive,产品负责人,FRM-010,approved
PRD-009-C005,PRD-009,黄金样本回归,detective,产品负责人,FRM-010,approved
PRD-009-C006,PRD-009,方法边界验证,corrective,产品负责人,FRM-010,approved
PRD-009-C007,PRD-009,工具验证,preventive,产品负责人,FRM-010,approved
PRD-009-C008,PRD-009,安全测试,detective,产品负责人,FRM-010,approved
PRD-009-C009,PRD-009,性能测试,corrective,产品负责人,FRM-010,approved
PRD-009-C010,PRD-009,灾备演练,preventive,产品负责人,FRM-010,approved
PRD-009-C011,PRD-009,数据迁移验证,detective,产品负责人,FRM-010,approved
PRD-009-C012,PRD-009,文档同步,corrective,产品负责人,FRM-010,approved
PRD-009-C013,PRD-009,模板同步,preventive,产品负责人,FRM-010,approved
PRD-009-C014,PRD-009,培训完成,detective,产品负责人,FRM-010,approved
PRD-009-C015,PRD-009,权限复核,corrective,产品负责人,FRM-010,approved
PRD-009-C016,PRD-009,回滚演练,preventive,产品负责人,FRM-010,approved
PRD-009-C017,PRD-009,已知缺陷接受,detective,产品负责人,FRM-010,approved
PRD-009-C018,PRD-009,发布批准,corrective,产品负责人,FRM-010,approved
PRD-009-C019,PRD-009,发布后监测,preventive,产品负责人,FRM-010,approved
PRD-009-C020,PRD-009,撤回阈值,detective,产品负责人,FRM-010,approved
PRD-010-C001,PRD-010,证据对象底座,preventive,产品负责人,FRM-010,approved
PRD-010-C002,PRD-010,Bitcoin基础采集,detective,产品负责人,FRM-010,approved
PRD-010-C003,PRD-010,EVM基础采集,corrective,产品负责人,FRM-010,approved
PRD-010-C004,PRD-010,TRON基础采集,preventive,产品负责人,FRM-010,approved
PRD-010-C005,PRD-010,离线验证器,detective,产品负责人,FRM-010,approved
PRD-010-C006,PRD-010,确定性路径,corrective,产品负责人,FRM-010,approved
PRD-010-C007,PRD-010,标签证据管理,preventive,产品负责人,FRM-010,approved
PRD-010-C008,PRD-010,跨链桥首批,detective,产品负责人,FRM-010,approved
PRD-010-C009,PRD-010,DeFi首批,corrective,产品负责人,FRM-010,approved
PRD-010-C010,PRD-010,真实性核验,preventive,产品负责人,FRM-010,approved
PRD-010-C011,PRD-010,智能合约功能分析,detective,产品负责人,FRM-010,approved
PRD-010-C012,PRD-010,试点案件,corrective,产品负责人,FRM-010,approved
PRD-010-C013,PRD-010,质量体系运行,preventive,产品负责人,FRM-010,approved
PRD-010-C014,PRD-010,实验室建设,detective,产品负责人,FRM-010,approved
PRD-010-C015,PRD-010,能力范围冻结,corrective,产品负责人,FRM-010,approved
PRD-010-C016,PRD-010,申请准备,preventive,产品负责人,FRM-010,approved
PRD-010-C017,PRD-010,商业化边界,detective,产品负责人,FRM-010,approved
PRD-010-C018,PRD-010,扩链准入门,corrective,产品负责人,FRM-010,approved
ARC-001-C001,ARC-001,系统边界,preventive,架构负责人,FRM-010,approved
ARC-001-C002,ARC-001,案件用户,detective,架构负责人,FRM-010,approved
ARC-001-C003,ARC-001,管理员边界,corrective,架构负责人,FRM-010,approved
ARC-001-C004,ARC-001,自建节点,preventive,架构负责人,FRM-010,approved
ARC-001-C005,ARC-001,第三方RPC,detective,架构负责人,FRM-010,approved
ARC-001-C006,ARC-001,区块浏览器,corrective,架构负责人,FRM-010,approved
ARC-001-C007,ARC-001,标签供应商,preventive,架构负责人,FRM-010,approved
ARC-001-C008,ARC-001,合作机构,detective,架构负责人,FRM-010,approved
ARC-001-C009,ARC-001,对象存储,corrective,架构负责人,FRM-010,approved
ARC-001-C010,ARC-001,密钥管理,preventive,架构负责人,FRM-010,approved
ARC-001-C011,ARC-001,日志平台,detective,架构负责人,FRM-010,approved
ARC-001-C012,ARC-001,离线验证环境,corrective,架构负责人,FRM-010,approved
ARC-001-C013,ARC-001,客户门户,preventive,架构负责人,FRM-010,approved
ARC-001-C014,ARC-001,导入文件,detective,架构负责人,FRM-010,approved
ARC-001-C015,ARC-001,导出报告,corrective,架构负责人,FRM-010,approved
ARC-001-C016,ARC-001,网络隔离区,preventive,架构负责人,FRM-010,approved
ARC-001-C017,ARC-001,高信任区,detective,架构负责人,FRM-010,approved
ARC-001-C018,ARC-001,低信任区,corrective,架构负责人,FRM-010,approved
ARC-001-C019,ARC-001,跨边界校验,preventive,架构负责人,FRM-010,approved
ARC-002-C001,ARC-002,案件服务,preventive,架构负责人,FRM-010,approved
ARC-002-C002,ARC-002,身份权限服务,detective,架构负责人,FRM-010,approved
ARC-002-C003,ARC-002,证据对象服务,corrective,架构负责人,FRM-010,approved
ARC-002-C004,ARC-002,采集编排器,preventive,架构负责人,FRM-010,approved
ARC-002-C005,ARC-002,Bitcoin适配器,detective,架构负责人,FRM-010,approved
ARC-002-C006,ARC-002,EVM适配器,corrective,架构负责人,FRM-010,approved
ARC-002-C007,ARC-002,TRON适配器,preventive,架构负责人,FRM-010,approved
ARC-002-C008,ARC-002,协议解析器,detective,架构负责人,FRM-010,approved
ARC-002-C009,ARC-002,标准化服务,corrective,架构负责人,FRM-010,approved
ARC-002-C010,ARC-002,资产账本服务,preventive,架构负责人,FRM-010,approved
ARC-002-C011,ARC-002,路径引擎,detective,架构负责人,FRM-010,approved
ARC-002-C012,ARC-002,规则引擎,corrective,架构负责人,FRM-010,approved
ARC-002-C013,ARC-002,标签服务,preventive,架构负责人,FRM-010,approved
ARC-002-C014,ARC-002,假设服务,detective,架构负责人,FRM-010,approved
ARC-002-C015,ARC-002,复核服务,corrective,架构负责人,FRM-010,approved
ARC-002-C016,ARC-002,报告服务,preventive,架构负责人,FRM-010,approved
ARC-002-C017,ARC-002,审计服务,detective,架构负责人,FRM-010,approved
ARC-002-C018,ARC-002,离线验证器,corrective,架构负责人,FRM-010,approved
ARC-002-C019,ARC-002,配置服务,preventive,架构负责人,FRM-010,approved
ARC-002-C020,ARC-002,通知服务,detective,架构负责人,FRM-010,approved
ARC-003-C001,ARC-003,开发环境,preventive,架构负责人,FRM-010,approved
ARC-003-C002,ARC-003,单元测试环境,detective,架构负责人,FRM-010,approved
ARC-003-C003,ARC-003,验证环境,corrective,架构负责人,FRM-010,approved
ARC-003-C004,ARC-003,预生产环境,preventive,架构负责人,FRM-010,approved
ARC-003-C005,ARC-003,生产应用区,detective,架构负责人,FRM-010,approved
ARC-003-C006,ARC-003,案件分析区,corrective,架构负责人,FRM-010,approved
ARC-003-C007,ARC-003,节点网络区,preventive,架构负责人,FRM-010,approved
ARC-003-C008,ARC-003,证据存储区,detective,架构负责人,FRM-010,approved
ARC-003-C009,ARC-003,管理区,corrective,架构负责人,FRM-010,approved
ARC-003-C010,ARC-003,日志审计区,preventive,架构负责人,FRM-010,approved
ARC-003-C011,ARC-003,备份区,detective,架构负责人,FRM-010,approved
ARC-003-C012,ARC-003,离线验证区,corrective,架构负责人,FRM-010,approved
ARC-003-C013,ARC-003,跳板机,preventive,架构负责人,FRM-010,approved
ARC-003-C014,ARC-003,网络白名单,detective,架构负责人,FRM-010,approved
ARC-003-C015,ARC-003,容器镜像,corrective,架构负责人,FRM-010,approved
ARC-003-C016,ARC-003,主机加固,preventive,架构负责人,FRM-010,approved
ARC-003-C017,ARC-003,时间同步,detective,架构负责人,FRM-010,approved
ARC-003-C018,ARC-003,密钥服务,corrective,架构负责人,FRM-010,approved
ARC-003-C019,ARC-003,环境配置隔离,preventive,架构负责人,FRM-010,approved
ARC-003-C020,ARC-003,数据禁止复制规则,detective,架构负责人,FRM-010,approved
ARC-004-C001,ARC-004,Case对象,preventive,数据架构师,FRM-010,approved
ARC-004-C002,ARC-004,Authorization对象,detective,数据架构师,FRM-010,approved
ARC-004-C003,ARC-004,AcquisitionSession,corrective,数据架构师,FRM-010,approved
ARC-004-C004,ARC-004,EvidenceItem,preventive,数据架构师,FRM-010,approved
ARC-004-C005,ARC-004,RawObject,detective,数据架构师,FRM-010,approved
ARC-004-C006,ARC-004,DerivedObject,corrective,数据架构师,FRM-010,approved
ARC-004-C007,ARC-004,NormalizedFact,preventive,数据架构师,FRM-010,approved
ARC-004-C008,ARC-004,AssetDelta,detective,数据架构师,FRM-010,approved
ARC-004-C009,ARC-004,RuleExecution,corrective,数据架构师,FRM-010,approved
ARC-004-C010,ARC-004,Hypothesis,preventive,数据架构师,FRM-010,approved
ARC-004-C011,ARC-004,HumanDecision,detective,数据架构师,FRM-010,approved
ARC-004-C012,ARC-004,SourceRecord,corrective,数据架构师,FRM-010,approved
ARC-004-C013,ARC-004,ToolRecord,preventive,数据架构师,FRM-010,approved
ARC-004-C014,ARC-004,EnvironmentRecord,detective,数据架构师,FRM-010,approved
ARC-004-C015,ARC-004,ReviewRecord,corrective,数据架构师,FRM-010,approved
ARC-004-C016,ARC-004,ReportCitation,preventive,数据架构师,FRM-010,approved
ARC-004-C017,ARC-004,CustodyEvent,detective,数据架构师,FRM-010,approved
ARC-004-C018,ARC-004,DeliveryPackage,corrective,数据架构师,FRM-010,approved
ARC-004-C019,ARC-004,RetentionAction,preventive,数据架构师,FRM-010,approved
ARC-004-C020,ARC-004,HashAndSignature,detective,数据架构师,FRM-010,approved
ARC-005-C001,ARC-005,来源声明,preventive,数据架构师,FRM-010,approved
ARC-005-C002,ARC-005,采集时间,detective,数据架构师,FRM-010,approved
ARC-005-C003,ARC-005,采集地点或网络位置,corrective,数据架构师,FRM-010,approved
ARC-005-C004,ARC-005,操作人员,preventive,数据架构师,FRM-010,approved
ARC-005-C005,ARC-005,见证与复核,detective,数据架构师,FRM-010,approved
ARC-005-C006,ARC-005,工具与参数,corrective,数据架构师,FRM-010,approved
ARC-005-C007,ARC-005,原始哈希,preventive,数据架构师,FRM-010,approved
ARC-005-C008,ARC-005,存储位置,detective,数据架构师,FRM-010,approved
ARC-005-C009,ARC-005,访问事件,corrective,数据架构师,FRM-010,approved
ARC-005-C010,ARC-005,复制事件,preventive,数据架构师,FRM-010,approved
ARC-005-C011,ARC-005,派生事件,detective,数据架构师,FRM-010,approved
ARC-005-C012,ARC-005,格式转换,corrective,数据架构师,FRM-010,approved
ARC-005-C013,ARC-005,签名事件,preventive,数据架构师,FRM-010,approved
ARC-005-C014,ARC-005,封存事件,detective,数据架构师,FRM-010,approved
ARC-005-C015,ARC-005,解封事件,corrective,数据架构师,FRM-010,approved
ARC-005-C016,ARC-005,移交事件,preventive,数据架构师,FRM-010,approved
ARC-005-C017,ARC-005,接收回执,detective,数据架构师,FRM-010,approved
ARC-005-C018,ARC-005,归档事件,corrective,数据架构师,FRM-010,approved
ARC-005-C019,ARC-005,重开事件,preventive,数据架构师,FRM-010,approved
ARC-005-C020,ARC-005,销毁事件,detective,数据架构师,FRM-010,approved
ARC-006-C001,ARC-006,数据源分级,preventive,节点负责人,FRM-010,approved
ARC-006-C002,ARC-006,自建全节点,detective,节点负责人,FRM-010,approved
ARC-006-C003,ARC-006,归档节点,corrective,节点负责人,FRM-010,approved
ARC-006-C004,ARC-006,裁剪节点,preventive,节点负责人,FRM-010,approved
ARC-006-C005,ARC-006,第二客户端,detective,节点负责人,FRM-010,approved
ARC-006-C006,ARC-006,第三方RPC,corrective,节点负责人,FRM-010,approved
ARC-006-C007,ARC-006,区块浏览器,preventive,节点负责人,FRM-010,approved
ARC-006-C008,ARC-006,原始区块文件,detective,节点负责人,FRM-010,approved
ARC-006-C009,ARC-006,官方项目页面,corrective,节点负责人,FRM-010,approved
ARC-006-C010,ARC-006,商业标签库,preventive,节点负责人,FRM-010,approved
ARC-006-C011,ARC-006,节点身份,detective,节点负责人,FRM-010,approved
ARC-006-C012,ARC-006,客户端版本,corrective,节点负责人,FRM-010,approved
ARC-006-C013,ARC-006,同步高度,preventive,节点负责人,FRM-010,approved
ARC-006-C014,ARC-006,finalized/safe语义,detective,节点负责人,FRM-010,approved
ARC-006-C015,ARC-006,链重组监测,corrective,节点负责人,FRM-010,approved
ARC-006-C016,ARC-006,限流与错误,preventive,节点负责人,FRM-010,approved
ARC-006-C017,ARC-006,TLS证书,detective,节点负责人,FRM-010,approved
ARC-006-C018,ARC-006,响应留存,corrective,节点负责人,FRM-010,approved
ARC-006-C019,ARC-006,多源差异,preventive,节点负责人,FRM-010,approved
ARC-006-C020,ARC-006,停用与替换,detective,节点负责人,FRM-010,approved
ARC-007-C001,ARC-007,资产清单,preventive,安全负责人,FRM-010,approved
ARC-007-C002,ARC-007,威胁建模,detective,安全负责人,FRM-010,approved
ARC-007-C003,ARC-007,身份认证,corrective,安全负责人,FRM-010,approved
ARC-007-C004,ARC-007,多因素认证,preventive,安全负责人,FRM-010,approved
ARC-007-C005,ARC-007,最小权限,detective,安全负责人,FRM-010,approved
ARC-007-C006,ARC-007,职责分离,corrective,安全负责人,FRM-010,approved
ARC-007-C007,ARC-007,密钥管理,preventive,安全负责人,FRM-010,approved
ARC-007-C008,ARC-007,静态加密,detective,安全负责人,FRM-010,approved
ARC-007-C009,ARC-007,传输加密,corrective,安全负责人,FRM-010,approved
ARC-007-C010,ARC-007,代码签名,preventive,安全负责人,FRM-010,approved
ARC-007-C011,ARC-007,依赖供应链,detective,安全负责人,FRM-010,approved
ARC-007-C012,ARC-007,恶意文件隔离,corrective,安全负责人,FRM-010,approved
ARC-007-C013,ARC-007,沙箱执行,preventive,安全负责人,FRM-010,approved
ARC-007-C014,ARC-007,网络分段,detective,安全负责人,FRM-010,approved
ARC-007-C015,ARC-007,审计日志,corrective,安全负责人,FRM-010,approved
ARC-007-C016,ARC-007,异常检测,preventive,安全负责人,FRM-010,approved
ARC-007-C017,ARC-007,漏洞管理,detective,安全负责人,FRM-010,approved
ARC-007-C018,ARC-007,渗透测试,corrective,安全负责人,FRM-010,approved
ARC-007-C019,ARC-007,事件响应,preventive,安全负责人,FRM-010,approved
ARC-007-C020,ARC-007,取证就绪,detective,安全负责人,FRM-010,approved
ARC-008-C001,ARC-008,统一时间,preventive,平台负责人,FRM-010,approved
ARC-008-C002,ARC-008,关联ID,detective,平台负责人,FRM-010,approved
ARC-008-C003,ARC-008,案件ID脱敏,corrective,平台负责人,FRM-010,approved
ARC-008-C004,ARC-008,用户操作日志,preventive,平台负责人,FRM-010,approved
ARC-008-C005,ARC-008,证据访问日志,detective,平台负责人,FRM-010,approved
ARC-008-C006,ARC-008,规则运行日志,corrective,平台负责人,FRM-010,approved
ARC-008-C007,ARC-008,工具命令日志,preventive,平台负责人,FRM-010,approved
ARC-008-C008,ARC-008,配置变化日志,detective,平台负责人,FRM-010,approved
ARC-008-C009,ARC-008,权限变化日志,corrective,平台负责人,FRM-010,approved
ARC-008-C010,ARC-008,节点健康指标,preventive,平台负责人,FRM-010,approved
ARC-008-C011,ARC-008,解析错误指标,detective,平台负责人,FRM-010,approved
ARC-008-C012,ARC-008,性能指标,corrective,平台负责人,FRM-010,approved
ARC-008-C013,ARC-008,安全告警,preventive,平台负责人,FRM-010,approved
ARC-008-C014,ARC-008,日志完整性,detective,平台负责人,FRM-010,approved
ARC-008-C015,ARC-008,日志签名,corrective,平台负责人,FRM-010,approved
ARC-008-C016,ARC-008,保留策略,preventive,平台负责人,FRM-010,approved
ARC-008-C017,ARC-008,查询授权,detective,平台负责人,FRM-010,approved
ARC-008-C018,ARC-008,告警升级,corrective,平台负责人,FRM-010,approved
ARC-008-C019,ARC-008,日志导出,preventive,平台负责人,FRM-010,approved
ARC-008-C020,ARC-008,隐私过滤,detective,平台负责人,FRM-010,approved
ARC-009-C001,ARC-009,备份分类,preventive,平台负责人,FRM-010,approved
ARC-009-C002,ARC-009,证据对象备份,detective,平台负责人,FRM-010,approved
ARC-009-C003,ARC-009,数据库备份,corrective,平台负责人,FRM-010,approved
ARC-009-C004,ARC-009,配置备份,preventive,平台负责人,FRM-010,approved
ARC-009-C005,ARC-009,密钥备份,detective,平台负责人,FRM-010,approved
ARC-009-C006,ARC-009,节点数据重建,corrective,平台负责人,FRM-010,approved
ARC-009-C007,ARC-009,代码与制品备份,preventive,平台负责人,FRM-010,approved
ARC-009-C008,ARC-009,不可变副本,detective,平台负责人,FRM-010,approved
ARC-009-C009,ARC-009,离线副本,corrective,平台负责人,FRM-010,approved
ARC-009-C010,ARC-009,异地副本,preventive,平台负责人,FRM-010,approved
ARC-009-C011,ARC-009,RPO,detective,平台负责人,FRM-010,approved
ARC-009-C012,ARC-009,RTO,corrective,平台负责人,FRM-010,approved
ARC-009-C013,ARC-009,恢复顺序,preventive,平台负责人,FRM-010,approved
ARC-009-C014,ARC-009,恢复验证,detective,平台负责人,FRM-010,approved
ARC-009-C015,ARC-009,哈希复核,corrective,平台负责人,FRM-010,approved
ARC-009-C016,ARC-009,密钥恢复双控,preventive,平台负责人,FRM-010,approved
ARC-009-C017,ARC-009,灾难宣告,detective,平台负责人,FRM-010,approved
ARC-009-C018,ARC-009,降级运行,corrective,平台负责人,FRM-010,approved
ARC-009-C019,ARC-009,演练频率,preventive,平台负责人,FRM-010,approved
ARC-009-C020,ARC-009,演练整改,detective,平台负责人,FRM-010,approved
ARC-010-C001,ARC-010,API版本,preventive,架构负责人,FRM-010,approved
ARC-010-C002,ARC-010,OpenAPI契约,detective,架构负责人,FRM-010,approved
ARC-010-C003,ARC-010,认证授权,corrective,架构负责人,FRM-010,approved
ARC-010-C004,ARC-010,请求签名,preventive,架构负责人,FRM-010,approved
ARC-010-C005,ARC-010,幂等键,detective,架构负责人,FRM-010,approved
ARC-010-C006,ARC-010,分页,corrective,架构负责人,FRM-010,approved
ARC-010-C007,ARC-010,速率限制,preventive,架构负责人,FRM-010,approved
ARC-010-C008,ARC-010,超时重试,detective,架构负责人,FRM-010,approved
ARC-010-C009,ARC-010,错误码,corrective,架构负责人,FRM-010,approved
ARC-010-C010,ARC-010,原始响应保存,preventive,架构负责人,FRM-010,approved
ARC-010-C011,ARC-010,字段精度,detective,架构负责人,FRM-010,approved
ARC-010-C012,ARC-010,时区,corrective,架构负责人,FRM-010,approved
ARC-010-C013,ARC-010,地址格式,preventive,架构负责人,FRM-010,approved
ARC-010-C014,ARC-010,大文件上传,detective,架构负责人,FRM-010,approved
ARC-010-C015,ARC-010,恶意文件扫描,corrective,架构负责人,FRM-010,approved
ARC-010-C016,ARC-010,回调验证,preventive,架构负责人,FRM-010,approved
ARC-010-C017,ARC-010,供应商SLA,detective,架构负责人,FRM-010,approved
ARC-010-C018,ARC-010,兼容性,corrective,架构负责人,FRM-010,approved
ARC-010-C019,ARC-010,弃用策略,preventive,架构负责人,FRM-010,approved
ARC-010-C020,ARC-010,契约测试,detective,架构负责人,FRM-010,approved
MTH-001-C001,MTH-001,方法目的,preventive,方法负责人,FRM-008,approved
MTH-001-C002,MTH-001,方法对象,detective,方法负责人,FRM-008,approved
MTH-001-C003,MTH-001,适用输入,corrective,方法负责人,FRM-008,approved
MTH-001-C004,MTH-001,不适用情形,preventive,方法负责人,FRM-008,approved
MTH-001-C005,MTH-001,标准与协议依据,detective,方法负责人,FRM-008,approved
MTH-001-C006,MTH-001,工具和环境,corrective,方法负责人,FRM-008,approved
MTH-001-C007,MTH-001,样本设计,preventive,方法负责人,FRM-008,approved
MTH-001-C008,MTH-001,真实值建立,detective,方法负责人,FRM-008,approved
MTH-001-C009,MTH-001,正常样本,corrective,方法负责人,FRM-008,approved
MTH-001-C010,MTH-001,边界样本,preventive,方法负责人,FRM-008,approved
MTH-001-C011,MTH-001,冲突样本,detective,方法负责人,FRM-008,approved
MTH-001-C012,MTH-001,恶意样本,corrective,方法负责人,FRM-008,approved
MTH-001-C013,MTH-001,精密度,preventive,方法负责人,FRM-008,approved
MTH-001-C014,MTH-001,准确度,detective,方法负责人,FRM-008,approved
MTH-001-C015,MTH-001,稳健性,corrective,方法负责人,FRM-008,approved
MTH-001-C016,MTH-001,复现性,preventive,方法负责人,FRM-008,approved
MTH-001-C017,MTH-001,不确定性,detective,方法负责人,FRM-008,approved
MTH-001-C018,MTH-001,结论分层,corrective,方法负责人,FRM-008,approved
MTH-001-C019,MTH-001,拒绝结论,preventive,方法负责人,FRM-008,approved
MTH-001-C020,MTH-001,再确认触发,detective,方法负责人,FRM-008,approved
MTH-001-C021,MTH-001,历史案件影响,corrective,方法负责人,FRM-008,approved
M-BTC-001-C001,M-BTC-001,网络与链身份,preventive,Bitcoin方法负责人,FRM-008,approved
M-BTC-001-C002,M-BTC-001,节点版本,detective,Bitcoin方法负责人,FRM-008,approved
M-BTC-001-C003,M-BTC-001,区块头,corrective,Bitcoin方法负责人,FRM-008,approved
M-BTC-001-C004,M-BTC-001,区块哈希,preventive,Bitcoin方法负责人,FRM-008,approved
M-BTC-001-C005,M-BTC-001,前序区块,detective,Bitcoin方法负责人,FRM-008,approved
M-BTC-001-C006,M-BTC-001,Merkle根,corrective,Bitcoin方法负责人,FRM-008,approved
M-BTC-001-C007,M-BTC-001,交易原始字节,preventive,Bitcoin方法负责人,FRM-008,approved
M-BTC-001-C008,M-BTC-001,txid与wtxid,detective,Bitcoin方法负责人,FRM-008,approved
M-BTC-001-C009,M-BTC-001,输入引用,corrective,Bitcoin方法负责人,FRM-008,approved
M-BTC-001-C010,M-BTC-001,输出索引,preventive,Bitcoin方法负责人,FRM-008,approved
M-BTC-001-C011,M-BTC-001,脚本类型,detective,Bitcoin方法负责人,FRM-008,approved
M-BTC-001-C012,M-BTC-001,金额单位,corrective,Bitcoin方法负责人,FRM-008,approved
M-BTC-001-C013,M-BTC-001,coinbase,preventive,Bitcoin方法负责人,FRM-008,approved
M-BTC-001-C014,M-BTC-001,手续费,detective,Bitcoin方法负责人,FRM-008,approved
M-BTC-001-C015,M-BTC-001,UTXO状态,corrective,Bitcoin方法负责人,FRM-008,approved
M-BTC-001-C016,M-BTC-001,确认数,preventive,Bitcoin方法负责人,FRM-008,approved
M-BTC-001-C017,M-BTC-001,链重组,detective,Bitcoin方法负责人,FRM-008,approved
M-BTC-001-C018,M-BTC-001,RBF,corrective,Bitcoin方法负责人,FRM-008,approved
M-BTC-001-C019,M-BTC-001,找零候选,preventive,Bitcoin方法负责人,FRM-008,approved
M-BTC-001-C020,M-BTC-001,多输入启发式,detective,Bitcoin方法负责人,FRM-008,approved
M-BTC-001-C021,M-BTC-001,CoinJoin识别,corrective,Bitcoin方法负责人,FRM-008,approved
M-BTC-001-C022,M-BTC-001,路径分配模型,preventive,Bitcoin方法负责人,FRM-008,approved
M-BTC-001-C023,M-BTC-001,拒绝主体归属,detective,Bitcoin方法负责人,FRM-008,approved
M-EVM-001-C001,M-EVM-001,Chain ID,preventive,EVM方法负责人,FRM-008,approved
M-EVM-001-C002,M-EVM-001,创世区块,detective,EVM方法负责人,FRM-008,approved
M-EVM-001-C003,M-EVM-001,客户端版本,corrective,EVM方法负责人,FRM-008,approved
M-EVM-001-C004,M-EVM-001,区块标签safe/finalized,preventive,EVM方法负责人,FRM-008,approved
M-EVM-001-C005,M-EVM-001,区块头,detective,EVM方法负责人,FRM-008,approved
M-EVM-001-C006,M-EVM-001,交易类型,corrective,EVM方法负责人,FRM-008,approved
M-EVM-001-C007,M-EVM-001,交易签名,preventive,EVM方法负责人,FRM-008,approved
M-EVM-001-C008,M-EVM-001,nonce,detective,EVM方法负责人,FRM-008,approved
M-EVM-001-C009,M-EVM-001,gas字段,corrective,EVM方法负责人,FRM-008,approved
M-EVM-001-C010,M-EVM-001,交易收据,preventive,EVM方法负责人,FRM-008,approved
M-EVM-001-C011,M-EVM-001,status,detective,EVM方法负责人,FRM-008,approved
M-EVM-001-C012,M-EVM-001,logs,corrective,EVM方法负责人,FRM-008,approved
M-EVM-001-C013,M-EVM-001,logsBloom,preventive,EVM方法负责人,FRM-008,approved
M-EVM-001-C014,M-EVM-001,合约创建,detective,EVM方法负责人,FRM-008,approved
M-EVM-001-C015,M-EVM-001,内部调用轨迹,corrective,EVM方法负责人,FRM-008,approved
M-EVM-001-C016,M-EVM-001,状态差异,preventive,EVM方法负责人,FRM-008,approved
M-EVM-001-C017,M-EVM-001,原生币变化,detective,EVM方法负责人,FRM-008,approved
M-EVM-001-C018,M-EVM-001,ERC-20事件,corrective,EVM方法负责人,FRM-008,approved
M-EVM-001-C019,M-EVM-001,NFT事件,preventive,EVM方法负责人,FRM-008,approved
M-EVM-001-C020,M-EVM-001,代理合约,detective,EVM方法负责人,FRM-008,approved
M-EVM-001-C021,M-EVM-001,历史代码,corrective,EVM方法负责人,FRM-008,approved
M-EVM-001-C022,M-EVM-001,revert原因,preventive,EVM方法负责人,FRM-008,approved
M-EVM-001-C023,M-EVM-001,自毁与重建,detective,EVM方法负责人,FRM-008,approved
M-EVM-001-C024,M-EVM-001,Account Abstraction,corrective,EVM方法负责人,FRM-008,approved
M-EVM-001-C025,M-EVM-001,跨客户端差异,preventive,EVM方法负责人,FRM-008,approved
M-TRON-001-C001,M-TRON-001,网络与节点类型,preventive,TRON方法负责人,FRM-008,approved
M-TRON-001-C002,M-TRON-001,FullNode,detective,TRON方法负责人,FRM-008,approved
M-TRON-001-C003,M-TRON-001,SolidityNode,corrective,TRON方法负责人,FRM-008,approved
M-TRON-001-C004,M-TRON-001,交易本体,preventive,TRON方法负责人,FRM-008,approved
M-TRON-001-C005,M-TRON-001,raw_data,detective,TRON方法负责人,FRM-008,approved
M-TRON-001-C006,M-TRON-001,签名,corrective,TRON方法负责人,FRM-008,approved
M-TRON-001-C007,M-TRON-001,contract参数,preventive,TRON方法负责人,FRM-008,approved
M-TRON-001-C008,M-TRON-001,TransactionInfo,detective,TRON方法负责人,FRM-008,approved
M-TRON-001-C009,M-TRON-001,result,corrective,TRON方法负责人,FRM-008,approved
M-TRON-001-C010,M-TRON-001,resMessage,preventive,TRON方法负责人,FRM-008,approved
M-TRON-001-C011,M-TRON-001,fee,detective,TRON方法负责人,FRM-008,approved
M-TRON-001-C012,M-TRON-001,energy_usage,corrective,TRON方法负责人,FRM-008,approved
M-TRON-001-C013,M-TRON-001,net_usage,preventive,TRON方法负责人,FRM-008,approved
M-TRON-001-C014,M-TRON-001,blockNumber,detective,TRON方法负责人,FRM-008,approved
M-TRON-001-C015,M-TRON-001,log事件,corrective,TRON方法负责人,FRM-008,approved
M-TRON-001-C016,M-TRON-001,internal_transactions,preventive,TRON方法负责人,FRM-008,approved
M-TRON-001-C017,M-TRON-001,TRC-20 decimals,detective,TRON方法负责人,FRM-008,approved
M-TRON-001-C018,M-TRON-001,地址编码,corrective,TRON方法负责人,FRM-008,approved
M-TRON-001-C019,M-TRON-001,Base58与hex转换,preventive,TRON方法负责人,FRM-008,approved
M-TRON-001-C020,M-TRON-001,确认语义,detective,TRON方法负责人,FRM-008,approved
M-TRON-001-C021,M-TRON-001,失败交易,corrective,TRON方法负责人,FRM-008,approved
M-TRON-001-C022,M-TRON-001,链上时间,preventive,TRON方法负责人,FRM-008,approved
M-TRON-001-C023,M-TRON-001,多节点复核,detective,TRON方法负责人,FRM-008,approved
M-XCHAIN-001-C001,M-XCHAIN-001,桥身份,preventive,跨链方法负责人,FRM-008,approved
M-XCHAIN-001-C002,M-XCHAIN-001,合约版本,detective,跨链方法负责人,FRM-008,approved
M-XCHAIN-001-C003,M-XCHAIN-001,源链事件,corrective,跨链方法负责人,FRM-008,approved
M-XCHAIN-001-C004,M-XCHAIN-001,目标链事件,preventive,跨链方法负责人,FRM-008,approved
M-XCHAIN-001-C005,M-XCHAIN-001,消息ID,detective,跨链方法负责人,FRM-008,approved
M-XCHAIN-001-C006,M-XCHAIN-001,nonce,corrective,跨链方法负责人,FRM-008,approved
M-XCHAIN-001-C007,M-XCHAIN-001,发送者,preventive,跨链方法负责人,FRM-008,approved
M-XCHAIN-001-C008,M-XCHAIN-001,接收者,detective,跨链方法负责人,FRM-008,approved
M-XCHAIN-001-C009,M-XCHAIN-001,源资产,corrective,跨链方法负责人,FRM-008,approved
M-XCHAIN-001-C010,M-XCHAIN-001,目标资产,preventive,跨链方法负责人,FRM-008,approved
M-XCHAIN-001-C011,M-XCHAIN-001,金额映射,detective,跨链方法负责人,FRM-008,approved
M-XCHAIN-001-C012,M-XCHAIN-001,手续费,corrective,跨链方法负责人,FRM-008,approved
M-XCHAIN-001-C013,M-XCHAIN-001,时间窗,preventive,跨链方法负责人,FRM-008,approved
M-XCHAIN-001-C014,M-XCHAIN-001,中继器,detective,跨链方法负责人,FRM-008,approved
M-XCHAIN-001-C015,M-XCHAIN-001,最终性,corrective,跨链方法负责人,FRM-008,approved
M-XCHAIN-001-C016,M-XCHAIN-001,批量消息,preventive,跨链方法负责人,FRM-008,approved
M-XCHAIN-001-C017,M-XCHAIN-001,聚合器,detective,跨链方法负责人,FRM-008,approved
M-XCHAIN-001-C018,M-XCHAIN-001,失败消息,corrective,跨链方法负责人,FRM-008,approved
M-XCHAIN-001-C019,M-XCHAIN-001,重试,preventive,跨链方法负责人,FRM-008,approved
M-XCHAIN-001-C020,M-XCHAIN-001,退款,detective,跨链方法负责人,FRM-008,approved
M-XCHAIN-001-C021,M-XCHAIN-001,升级事件,corrective,跨链方法负责人,FRM-008,approved
M-XCHAIN-001-C022,M-XCHAIN-001,显式关联,preventive,跨链方法负责人,FRM-008,approved
M-XCHAIN-001-C023,M-XCHAIN-001,隐式候选,detective,跨链方法负责人,FRM-008,approved
M-XCHAIN-001-C024,M-XCHAIN-001,唯一匹配条件,corrective,跨链方法负责人,FRM-008,approved
M-XCHAIN-001-C025,M-XCHAIN-001,拒绝唯一结论,preventive,跨链方法负责人,FRM-008,approved
M-DEFI-001-C001,M-DEFI-001,协议身份,preventive,DeFi方法负责人,FRM-008,approved
M-DEFI-001-C002,M-DEFI-001,合约版本,detective,DeFi方法负责人,FRM-008,approved
M-DEFI-001-C003,M-DEFI-001,调用入口,corrective,DeFi方法负责人,FRM-008,approved
M-DEFI-001-C004,M-DEFI-001,多跳Swap,preventive,DeFi方法负责人,FRM-008,approved
M-DEFI-001-C005,M-DEFI-001,聚合器,detective,DeFi方法负责人,FRM-008,approved
M-DEFI-001-C006,M-DEFI-001,流动性添加,corrective,DeFi方法负责人,FRM-008,approved
M-DEFI-001-C007,M-DEFI-001,流动性移除,preventive,DeFi方法负责人,FRM-008,approved
M-DEFI-001-C008,M-DEFI-001,LP Token,detective,DeFi方法负责人,FRM-008,approved
M-DEFI-001-C009,M-DEFI-001,借贷,corrective,DeFi方法负责人,FRM-008,approved
M-DEFI-001-C010,M-DEFI-001,还款,preventive,DeFi方法负责人,FRM-008,approved
M-DEFI-001-C011,M-DEFI-001,抵押,detective,DeFi方法负责人,FRM-008,approved
M-DEFI-001-C012,M-DEFI-001,清算,corrective,DeFi方法负责人,FRM-008,approved
M-DEFI-001-C013,M-DEFI-001,质押,preventive,DeFi方法负责人,FRM-008,approved
M-DEFI-001-C014,M-DEFI-001,领取奖励,detective,DeFi方法负责人,FRM-008,approved
M-DEFI-001-C015,M-DEFI-001,包装解包,corrective,DeFi方法负责人,FRM-008,approved
M-DEFI-001-C016,M-DEFI-001,闪电贷,preventive,DeFi方法负责人,FRM-008,approved
M-DEFI-001-C017,M-DEFI-001,手续费,detective,DeFi方法负责人,FRM-008,approved
M-DEFI-001-C018,M-DEFI-001,滑点,corrective,DeFi方法负责人,FRM-008,approved
M-DEFI-001-C019,M-DEFI-001,Token税,preventive,DeFi方法负责人,FRM-008,approved
M-DEFI-001-C020,M-DEFI-001,Rebase,detective,DeFi方法负责人,FRM-008,approved
M-DEFI-001-C021,M-DEFI-001,失败调用,corrective,DeFi方法负责人,FRM-008,approved
M-DEFI-001-C022,M-DEFI-001,资产净变化,preventive,DeFi方法负责人,FRM-008,approved
M-DEFI-001-C023,M-DEFI-001,协议语义证据,detective,DeFi方法负责人,FRM-008,approved
M-MIX-001-C001,M-MIX-001,服务或模式识别,preventive,混币方法负责人,FRM-008,approved
M-MIX-001-C002,M-MIX-001,存入事实,detective,混币方法负责人,FRM-008,approved
M-MIX-001-C003,M-MIX-001,提现事实,corrective,混币方法负责人,FRM-008,approved
M-MIX-001-C004,M-MIX-001,固定面额,preventive,混币方法负责人,FRM-008,approved
M-MIX-001-C005,M-MIX-001,匿名集,detective,混币方法负责人,FRM-008,approved
M-MIX-001-C006,M-MIX-001,时间窗,corrective,混币方法负责人,FRM-008,approved
M-MIX-001-C007,M-MIX-001,候选集合,preventive,混币方法负责人,FRM-008,approved
M-MIX-001-C008,M-MIX-001,池状态,detective,混币方法负责人,FRM-008,approved
M-MIX-001-C009,M-MIX-001,CoinJoin结构,corrective,混币方法负责人,FRM-008,approved
M-MIX-001-C010,M-MIX-001,等额输出,preventive,混币方法负责人,FRM-008,approved
M-MIX-001-C011,M-MIX-001,协调器线索,detective,混币方法负责人,FRM-008,approved
M-MIX-001-C012,M-MIX-001,拆分模式,corrective,混币方法负责人,FRM-008,approved
M-MIX-001-C013,M-MIX-001,归集模式,preventive,混币方法负责人,FRM-008,approved
M-MIX-001-C014,M-MIX-001,剥离链,detective,混币方法负责人,FRM-008,approved
M-MIX-001-C015,M-MIX-001,跨链混淆,corrective,混币方法负责人,FRM-008,approved
M-MIX-001-C016,M-MIX-001,概率排序,preventive,混币方法负责人,FRM-008,approved
M-MIX-001-C017,M-MIX-001,反例,detective,混币方法负责人,FRM-008,approved
M-MIX-001-C018,M-MIX-001,合法使用可能,corrective,混币方法负责人,FRM-008,approved
M-MIX-001-C019,M-MIX-001,拒绝主体结论,preventive,混币方法负责人,FRM-008,approved
M-MIX-001-C020,M-MIX-001,误报评估,detective,混币方法负责人,FRM-008,approved
M-MIX-001-C021,M-MIX-001,结果措辞,corrective,混币方法负责人,FRM-008,approved
M-CLUSTER-001-C001,M-CLUSTER-001,共同输入规则,preventive,聚类方法负责人,FRM-008,approved
M-CLUSTER-001-C002,M-CLUSTER-001,找零规则,detective,聚类方法负责人,FRM-008,approved
M-CLUSTER-001-C003,M-CLUSTER-001,剥离链规则,corrective,聚类方法负责人,FRM-008,approved
M-CLUSTER-001-C004,M-CLUSTER-001,归集规则,preventive,聚类方法负责人,FRM-008,approved
M-CLUSTER-001-C005,M-CLUSTER-001,批量支付反例,detective,聚类方法负责人,FRM-008,approved
M-CLUSTER-001-C006,M-CLUSTER-001,CoinJoin反例,corrective,聚类方法负责人,FRM-008,approved
M-CLUSTER-001-C007,M-CLUSTER-001,交易所热钱包反例,preventive,聚类方法负责人,FRM-008,approved
M-CLUSTER-001-C008,M-CLUSTER-001,智能合约中介,detective,聚类方法负责人,FRM-008,approved
M-CLUSTER-001-C009,M-CLUSTER-001,代理合约,corrective,聚类方法负责人,FRM-008,approved
M-CLUSTER-001-C010,M-CLUSTER-001,账户抽象,preventive,聚类方法负责人,FRM-008,approved
M-CLUSTER-001-C011,M-CLUSTER-001,时间行为,detective,聚类方法负责人,FRM-008,approved
M-CLUSTER-001-C012,M-CLUSTER-001,Gas付款关系,corrective,聚类方法负责人,FRM-008,approved
M-CLUSTER-001-C013,M-CLUSTER-001,创建者关系,preventive,聚类方法负责人,FRM-008,approved
M-CLUSTER-001-C014,M-CLUSTER-001,重复交互,detective,聚类方法负责人,FRM-008,approved
M-CLUSTER-001-C015,M-CLUSTER-001,跨链地址保持,corrective,聚类方法负责人,FRM-008,approved
M-CLUSTER-001-C016,M-CLUSTER-001,规则组合,preventive,聚类方法负责人,FRM-008,approved
M-CLUSTER-001-C017,M-CLUSTER-001,负向证据,detective,聚类方法负责人,FRM-008,approved
M-CLUSTER-001-C018,M-CLUSTER-001,精确率,corrective,聚类方法负责人,FRM-008,approved
M-CLUSTER-001-C019,M-CLUSTER-001,召回率,preventive,聚类方法负责人,FRM-008,approved
M-CLUSTER-001-C020,M-CLUSTER-001,置信等级,detective,聚类方法负责人,FRM-008,approved
M-CLUSTER-001-C021,M-CLUSTER-001,禁用条件,corrective,聚类方法负责人,FRM-008,approved
M-CLUSTER-001-C022,M-CLUSTER-001,主体归属边界,preventive,聚类方法负责人,FRM-008,approved
M-LABEL-001-C001,M-LABEL-001,来源类型,preventive,数据方法负责人,FRM-008,approved
M-LABEL-001-C002,M-LABEL-001,官方公告,detective,数据方法负责人,FRM-008,approved
M-LABEL-001-C003,M-LABEL-001,主体回函,corrective,数据方法负责人,FRM-008,approved
M-LABEL-001-C004,M-LABEL-001,链上签名,preventive,数据方法负责人,FRM-008,approved
M-LABEL-001-C005,M-LABEL-001,设备取证,detective,数据方法负责人,FRM-008,approved
M-LABEL-001-C006,M-LABEL-001,交易所流水,corrective,数据方法负责人,FRM-008,approved
M-LABEL-001-C007,M-LABEL-001,公开网页,preventive,数据方法负责人,FRM-008,approved
M-LABEL-001-C008,M-LABEL-001,商业供应商,detective,数据方法负责人,FRM-008,approved
M-LABEL-001-C009,M-LABEL-001,社区标签,corrective,数据方法负责人,FRM-008,approved
M-LABEL-001-C010,M-LABEL-001,来源快照,preventive,数据方法负责人,FRM-008,approved
M-LABEL-001-C011,M-LABEL-001,证据等级,detective,数据方法负责人,FRM-008,approved
M-LABEL-001-C012,M-LABEL-001,首次发现,corrective,数据方法负责人,FRM-008,approved
M-LABEL-001-C013,M-LABEL-001,最后验证,preventive,数据方法负责人,FRM-008,approved
M-LABEL-001-C014,M-LABEL-001,有效期,detective,数据方法负责人,FRM-008,approved
M-LABEL-001-C015,M-LABEL-001,冲突标签,corrective,数据方法负责人,FRM-008,approved
M-LABEL-001-C016,M-LABEL-001,实体范围,preventive,数据方法负责人,FRM-008,approved
M-LABEL-001-C017,M-LABEL-001,地址用途,detective,数据方法负责人,FRM-008,approved
M-LABEL-001-C018,M-LABEL-001,控制与使用区别,corrective,数据方法负责人,FRM-008,approved
M-LABEL-001-C019,M-LABEL-001,自然人归属,preventive,数据方法负责人,FRM-008,approved
M-LABEL-001-C020,M-LABEL-001,机构归属,detective,数据方法负责人,FRM-008,approved
M-LABEL-001-C021,M-LABEL-001,标签撤回,corrective,数据方法负责人,FRM-008,approved
M-LABEL-001-C022,M-LABEL-001,报告引用,preventive,数据方法负责人,FRM-008,approved
M-AUTH-001-C001,M-AUTH-001,文件哈希,preventive,真实性方法负责人,FRM-008,approved
M-AUTH-001-C002,M-AUTH-001,数字签名,detective,真实性方法负责人,FRM-008,approved
M-AUTH-001-C003,M-AUTH-001,区块头验证,corrective,真实性方法负责人,FRM-008,approved
M-AUTH-001-C004,M-AUTH-001,Merkle证明,preventive,真实性方法负责人,FRM-008,approved
M-AUTH-001-C005,M-AUTH-001,交易签名,detective,真实性方法负责人,FRM-008,approved
M-AUTH-001-C006,M-AUTH-001,JSON规范化,corrective,真实性方法负责人,FRM-008,approved
M-AUTH-001-C007,M-AUTH-001,CSV编码,preventive,真实性方法负责人,FRM-008,approved
M-AUTH-001-C008,M-AUTH-001,字段精度,detective,真实性方法负责人,FRM-008,approved
M-AUTH-001-C009,M-AUTH-001,时区,corrective,真实性方法负责人,FRM-008,approved
M-AUTH-001-C010,M-AUTH-001,Token decimals,preventive,真实性方法负责人,FRM-008,approved
M-AUTH-001-C011,M-AUTH-001,重复记录,detective,真实性方法负责人,FRM-008,approved
M-AUTH-001-C012,M-AUTH-001,缺失记录,corrective,真实性方法负责人,FRM-008,approved
M-AUTH-001-C013,M-AUTH-001,排序差异,preventive,真实性方法负责人,FRM-008,approved
M-AUTH-001-C014,M-AUTH-001,数据库事务,detective,真实性方法负责人,FRM-008,approved
M-AUTH-001-C015,M-AUTH-001,日志链,corrective,真实性方法负责人,FRM-008,approved
M-AUTH-001-C016,M-AUTH-001,截图与底层数据,preventive,真实性方法负责人,FRM-008,approved
M-AUTH-001-C017,M-AUTH-001,报告引用,detective,真实性方法负责人,FRM-008,approved
M-AUTH-001-C018,M-AUTH-001,修改说明,corrective,真实性方法负责人,FRM-008,approved
M-AUTH-001-C019,M-AUTH-001,多源一致性,preventive,真实性方法负责人,FRM-008,approved
M-AUTH-001-C020,M-AUTH-001,无法验证情形,detective,真实性方法负责人,FRM-008,approved
M-FUNC-001-C001,M-FUNC-001,历史代码获取,preventive,功能鉴定方法负责人,FRM-008,approved
M-FUNC-001-C002,M-FUNC-001,源码字节码匹配,detective,功能鉴定方法负责人,FRM-008,approved
M-FUNC-001-C003,M-FUNC-001,代理识别,corrective,功能鉴定方法负责人,FRM-008,approved
M-FUNC-001-C004,M-FUNC-001,实现合约,preventive,功能鉴定方法负责人,FRM-008,approved
M-FUNC-001-C005,M-FUNC-001,升级历史,detective,功能鉴定方法负责人,FRM-008,approved
M-FUNC-001-C006,M-FUNC-001,存储槽,corrective,功能鉴定方法负责人,FRM-008,approved
M-FUNC-001-C007,M-FUNC-001,管理员权限,preventive,功能鉴定方法负责人,FRM-008,approved
M-FUNC-001-C008,M-FUNC-001,授权机制,detective,功能鉴定方法负责人,FRM-008,approved
M-FUNC-001-C009,M-FUNC-001,黑白名单,corrective,功能鉴定方法负责人,FRM-008,approved
M-FUNC-001-C010,M-FUNC-001,转账税,preventive,功能鉴定方法负责人,FRM-008,approved
M-FUNC-001-C011,M-FUNC-001,暂停开关,detective,功能鉴定方法负责人,FRM-008,approved
M-FUNC-001-C012,M-FUNC-001,铸造销毁,corrective,功能鉴定方法负责人,FRM-008,approved
M-FUNC-001-C013,M-FUNC-001,签名验证,preventive,功能鉴定方法负责人,FRM-008,approved
M-FUNC-001-C014,M-FUNC-001,重入,detective,功能鉴定方法负责人,FRM-008,approved
M-FUNC-001-C015,M-FUNC-001,外部调用,corrective,功能鉴定方法负责人,FRM-008,approved
M-FUNC-001-C016,M-FUNC-001,攻击交易回放,preventive,功能鉴定方法负责人,FRM-008,approved
M-FUNC-001-C017,M-FUNC-001,Fork区块高度,detective,功能鉴定方法负责人,FRM-008,approved
M-FUNC-001-C018,M-FUNC-001,环境确定性,corrective,功能鉴定方法负责人,FRM-008,approved
M-FUNC-001-C019,M-FUNC-001,钱包密钥存储,preventive,功能鉴定方法负责人,FRM-008,approved
M-FUNC-001-C020,M-FUNC-001,交易签名流程,detective,功能鉴定方法负责人,FRM-008,approved
M-FUNC-001-C021,M-FUNC-001,恶意插件,corrective,功能鉴定方法负责人,FRM-008,approved
M-FUNC-001-C022,M-FUNC-001,结果限制,preventive,功能鉴定方法负责人,FRM-008,approved
M-AI-001-C001,M-AI-001,允许任务,preventive,AI负责人,FRM-008,approved
M-AI-001-C002,M-AI-001,禁止任务,detective,AI负责人,FRM-008,approved
M-AI-001-C003,M-AI-001,模型与版本,corrective,AI负责人,FRM-008,approved
M-AI-001-C004,M-AI-001,提示词版本,preventive,AI负责人,FRM-008,approved
M-AI-001-C005,M-AI-001,工具白名单,detective,AI负责人,FRM-008,approved
M-AI-001-C006,M-AI-001,输入最小化,corrective,AI负责人,FRM-008,approved
M-AI-001-C007,M-AI-001,敏感数据脱敏,preventive,AI负责人,FRM-008,approved
M-AI-001-C008,M-AI-001,本地模型选择,detective,AI负责人,FRM-008,approved
M-AI-001-C009,M-AI-001,远程模型审查,corrective,AI负责人,FRM-008,approved
M-AI-001-C010,M-AI-001,检索来源,preventive,AI负责人,FRM-008,approved
M-AI-001-C011,M-AI-001,证据引用,detective,AI负责人,FRM-008,approved
M-AI-001-C012,M-AI-001,候选生成,corrective,AI负责人,FRM-008,approved
M-AI-001-C013,M-AI-001,幻觉检测,preventive,AI负责人,FRM-008,approved
M-AI-001-C014,M-AI-001,结构化输出,detective,AI负责人,FRM-008,approved
M-AI-001-C015,M-AI-001,人工批准,corrective,AI负责人,FRM-008,approved
M-AI-001-C016,M-AI-001,审计日志,preventive,AI负责人,FRM-008,approved
M-AI-001-C017,M-AI-001,可重现性,detective,AI负责人,FRM-008,approved
M-AI-001-C018,M-AI-001,模型升级,corrective,AI负责人,FRM-008,approved
M-AI-001-C019,M-AI-001,对抗输入,preventive,AI负责人,FRM-008,approved
M-AI-001-C020,M-AI-001,自动停止条件,detective,AI负责人,FRM-008,approved
M-AI-001-C021,M-AI-001,供应商数据政策,corrective,AI负责人,FRM-008,approved
QMS-001-C001,QMS-001,组织环境,preventive,质量负责人,FRM-016,approved
QMS-001-C002,QMS-001,相关方需求,detective,质量负责人,FRM-016,approved
QMS-001-C003,QMS-001,法律地位,corrective,质量负责人,FRM-016,approved
QMS-001-C004,QMS-001,公正性,preventive,质量负责人,FRM-016,approved
QMS-001-C005,QMS-001,保密性,detective,质量负责人,FRM-016,approved
QMS-001-C006,QMS-001,组织结构,corrective,质量负责人,FRM-016,approved
QMS-001-C007,QMS-001,人员资源,preventive,质量负责人,FRM-016,approved
QMS-001-C008,QMS-001,设施环境,detective,质量负责人,FRM-016,approved
QMS-001-C009,QMS-001,设备资源,corrective,质量负责人,FRM-016,approved
QMS-001-C010,QMS-001,外部服务,preventive,质量负责人,FRM-016,approved
QMS-001-C011,QMS-001,合同评审,detective,质量负责人,FRM-016,approved
QMS-001-C012,QMS-001,方法选择,corrective,质量负责人,FRM-016,approved
QMS-001-C013,QMS-001,采样研究,preventive,质量负责人,FRM-016,approved
QMS-001-C014,QMS-001,检材处置,detective,质量负责人,FRM-016,approved
QMS-001-C015,QMS-001,技术记录,corrective,质量负责人,FRM-016,approved
QMS-001-C016,QMS-001,不确定性,preventive,质量负责人,FRM-016,approved
QMS-001-C017,QMS-001,结果有效性,detective,质量负责人,FRM-016,approved
QMS-001-C018,QMS-001,报告,corrective,质量负责人,FRM-016,approved
QMS-001-C019,QMS-001,投诉,preventive,质量负责人,FRM-016,approved
QMS-001-C020,QMS-001,不符合工作,detective,质量负责人,FRM-016,approved
QMS-001-C021,QMS-001,数据与信息管理,corrective,质量负责人,FRM-016,approved
QMS-001-C022,QMS-001,管理体系文件,preventive,质量负责人,FRM-016,approved
QMS-001-C023,QMS-001,风险机会,detective,质量负责人,FRM-016,approved
QMS-001-C024,QMS-001,改进,corrective,质量负责人,FRM-016,approved
QMS-001-C025,QMS-001,纠正措施,preventive,质量负责人,FRM-016,approved
QMS-001-C026,QMS-001,内审,detective,质量负责人,FRM-016,approved
QMS-001-C027,QMS-001,管理评审,corrective,质量负责人,FRM-016,approved
QMS-002-C001,QMS-002,文件创建,preventive,质量负责人,FRM-012,approved
QMS-002-C002,QMS-002,技术复核,detective,质量负责人,FRM-012,approved
QMS-002-C003,QMS-002,质量审查,corrective,质量负责人,FRM-012,approved
QMS-002-C004,QMS-002,批准生效,preventive,质量负责人,FRM-012,approved
QMS-002-C005,QMS-002,受控发布,detective,质量负责人,FRM-012,approved
QMS-002-C006,QMS-002,版本标识,corrective,质量负责人,FRM-012,approved
QMS-002-C007,QMS-002,旧版撤回,preventive,质量负责人,FRM-012,approved
QMS-002-C008,QMS-002,外来文件,detective,质量负责人,FRM-012,approved
QMS-002-C009,QMS-002,查新,corrective,质量负责人,FRM-012,approved
QMS-002-C010,QMS-002,记录唯一编号,preventive,质量负责人,FRM-012,approved
QMS-002-C011,QMS-002,原始记录,detective,质量负责人,FRM-012,approved
QMS-002-C012,QMS-002,修订追加,corrective,质量负责人,FRM-012,approved
QMS-002-C013,QMS-002,电子签名,preventive,质量负责人,FRM-012,approved
QMS-002-C014,QMS-002,时间同步,detective,质量负责人,FRM-012,approved
QMS-002-C015,QMS-002,附件哈希,corrective,质量负责人,FRM-012,approved
QMS-002-C016,QMS-002,访问控制,preventive,质量负责人,FRM-012,approved
QMS-002-C017,QMS-002,留存期限,detective,质量负责人,FRM-012,approved
QMS-002-C018,QMS-002,备份恢复,corrective,质量负责人,FRM-012,approved
QMS-002-C019,QMS-002,合法暂停销毁,preventive,质量负责人,FRM-012,approved
QMS-002-C020,QMS-002,销毁证明,detective,质量负责人,FRM-012,approved
QMS-003-C001,QMS-003,方法分类,preventive,方法负责人,FRM-012,approved
QMS-003-C002,QMS-003,标准方法核验,detective,方法负责人,FRM-012,approved
QMS-003-C003,QMS-003,非标准方法确认,corrective,方法负责人,FRM-012,approved
QMS-003-C004,QMS-003,偏离批准,preventive,方法负责人,FRM-012,approved
QMS-003-C005,QMS-003,性能特性,detective,方法负责人,FRM-012,approved
QMS-003-C006,QMS-003,准确性,corrective,方法负责人,FRM-012,approved
QMS-003-C007,QMS-003,精密度,preventive,方法负责人,FRM-012,approved
QMS-003-C008,QMS-003,检出能力研究,detective,方法负责人,FRM-012,approved
QMS-003-C009,QMS-003,稳健性,corrective,方法负责人,FRM-012,approved
QMS-003-C010,QMS-003,复现性,preventive,方法负责人,FRM-012,approved
QMS-003-C011,QMS-003,样本代表性,detective,方法负责人,FRM-012,approved
QMS-003-C012,QMS-003,反例,corrective,方法负责人,FRM-012,approved
QMS-003-C013,QMS-003,接受准则,preventive,方法负责人,FRM-012,approved
QMS-003-C014,QMS-003,限制范围,detective,方法负责人,FRM-012,approved
QMS-003-C015,QMS-003,确认报告,corrective,方法负责人,FRM-012,approved
QMS-003-C016,QMS-003,独立评审,preventive,方法负责人,FRM-012,approved
QMS-003-C017,QMS-003,人员培训,detective,方法负责人,FRM-012,approved
QMS-003-C018,QMS-003,上线授权,corrective,方法负责人,FRM-012,approved
QMS-003-C019,QMS-003,质量监控,preventive,方法负责人,FRM-012,approved
QMS-003-C020,QMS-003,再确认触发,detective,方法负责人,FRM-012,approved
QMS-004-C001,QMS-004,工具登记,preventive,测试负责人,FRM-012,approved
QMS-004-C002,QMS-004,预期用途,detective,测试负责人,FRM-012,approved
QMS-004-C003,QMS-004,供应商声明,corrective,测试负责人,FRM-012,approved
QMS-004-C004,QMS-004,源码或二进制来源,preventive,测试负责人,FRM-012,approved
QMS-004-C005,QMS-004,版本与哈希,detective,测试负责人,FRM-012,approved
QMS-004-C006,QMS-004,依赖锁定,corrective,测试负责人,FRM-012,approved
QMS-004-C007,QMS-004,环境配置,preventive,测试负责人,FRM-012,approved
QMS-004-C008,QMS-004,已知答案测试,detective,测试负责人,FRM-012,approved
QMS-004-C009,QMS-004,边界测试,corrective,测试负责人,FRM-012,approved
QMS-004-C010,QMS-004,错误处理,preventive,测试负责人,FRM-012,approved
QMS-004-C011,QMS-004,安全测试,detective,测试负责人,FRM-012,approved
QMS-004-C012,QMS-004,性能测试,corrective,测试负责人,FRM-012,approved
QMS-004-C013,QMS-004,跨工具比对,preventive,测试负责人,FRM-012,approved
QMS-004-C014,QMS-004,人工复核,detective,测试负责人,FRM-012,approved
QMS-004-C015,QMS-004,缺陷登记,corrective,测试负责人,FRM-012,approved
QMS-004-C016,QMS-004,风险接受,preventive,测试负责人,FRM-012,approved
QMS-004-C017,QMS-004,发布批准,detective,测试负责人,FRM-012,approved
QMS-004-C018,QMS-004,使用监控,corrective,测试负责人,FRM-012,approved
QMS-004-C019,QMS-004,升级再验证,preventive,测试负责人,FRM-012,approved
QMS-004-C020,QMS-004,停用与替换,detective,测试负责人,FRM-012,approved
QMS-005-C001,QMS-005,样本来源,preventive,测试负责人,FRM-012,approved
QMS-005-C002,QMS-005,公开链样本,detective,测试负责人,FRM-012,approved
QMS-005-C003,QMS-005,自建测试链,corrective,测试负责人,FRM-012,approved
QMS-005-C004,QMS-005,合作机构样本,preventive,测试负责人,FRM-012,approved
QMS-005-C005,QMS-005,合成样本,detective,测试负责人,FRM-012,approved
QMS-005-C006,QMS-005,真实值证明,corrective,测试负责人,FRM-012,approved
QMS-005-C007,QMS-005,多工具一致,preventive,测试负责人,FRM-012,approved
QMS-005-C008,QMS-005,人工独立确认,detective,测试负责人,FRM-012,approved
QMS-005-C009,QMS-005,盲测,corrective,测试负责人,FRM-012,approved
QMS-005-C010,QMS-005,正样本,preventive,测试负责人,FRM-012,approved
QMS-005-C011,QMS-005,负样本,detective,测试负责人,FRM-012,approved
QMS-005-C012,QMS-005,边界样本,corrective,测试负责人,FRM-012,approved
QMS-005-C013,QMS-005,冲突样本,preventive,测试负责人,FRM-012,approved
QMS-005-C014,QMS-005,恶意样本,detective,测试负责人,FRM-012,approved
QMS-005-C015,QMS-005,版本冻结,corrective,测试负责人,FRM-012,approved
QMS-005-C016,QMS-005,样本哈希,preventive,测试负责人,FRM-012,approved
QMS-005-C017,QMS-005,数据许可,detective,测试负责人,FRM-012,approved
QMS-005-C018,QMS-005,隐私脱敏,corrective,测试负责人,FRM-012,approved
QMS-005-C019,QMS-005,样本污染,preventive,测试负责人,FRM-012,approved
QMS-005-C020,QMS-005,样本退役,detective,测试负责人,FRM-012,approved
QMS-006-C001,QMS-006,能力活动年度计划,preventive,质量负责人,FRM-012,approved
QMS-006-C002,QMS-006,外部能力验证,detective,质量负责人,FRM-012,approved
QMS-006-C003,QMS-006,机构间比对,corrective,质量负责人,FRM-012,approved
QMS-006-C004,QMS-006,内部盲样,preventive,质量负责人,FRM-012,approved
QMS-006-C005,QMS-006,项目覆盖,detective,质量负责人,FRM-012,approved
QMS-006-C006,QMS-006,人员轮换,corrective,质量负责人,FRM-012,approved
QMS-006-C007,QMS-006,样品保密,preventive,质量负责人,FRM-012,approved
QMS-006-C008,QMS-006,提交过程,detective,质量负责人,FRM-012,approved
QMS-006-C009,QMS-006,结果评价,corrective,质量负责人,FRM-012,approved
QMS-006-C010,QMS-006,满意标准,preventive,质量负责人,FRM-012,approved
QMS-006-C011,QMS-006,可疑结果,detective,质量负责人,FRM-012,approved
QMS-006-C012,QMS-006,不满意结果,corrective,质量负责人,FRM-012,approved
QMS-006-C013,QMS-006,根因分析,preventive,质量负责人,FRM-012,approved
QMS-006-C014,QMS-006,暂停授权,detective,质量负责人,FRM-012,approved
QMS-006-C015,QMS-006,纠正措施,corrective,质量负责人,FRM-012,approved
QMS-006-C016,QMS-006,再验证,preventive,质量负责人,FRM-012,approved
QMS-006-C017,QMS-006,历史结果影响,detective,质量负责人,FRM-012,approved
QMS-006-C018,QMS-006,管理评审输入,corrective,质量负责人,FRM-012,approved
QMS-007-C001,QMS-007,设备需求说明,preventive,实验室负责人,FRM-012,approved
QMS-007-C002,QMS-007,采购技术评审,detective,实验室负责人,FRM-012,approved
QMS-007-C003,QMS-007,到货验收,corrective,实验室负责人,FRM-012,approved
QMS-007-C004,QMS-007,资产编号,preventive,实验室负责人,FRM-012,approved
QMS-007-C005,QMS-007,安装确认,detective,实验室负责人,FRM-012,approved
QMS-007-C006,QMS-007,运行确认,corrective,实验室负责人,FRM-012,approved
QMS-007-C007,QMS-007,性能确认,preventive,实验室负责人,FRM-012,approved
QMS-007-C008,QMS-007,校准与检定,detective,实验室负责人,FRM-012,approved
QMS-007-C009,QMS-007,量值溯源,corrective,实验室负责人,FRM-012,approved
QMS-007-C010,QMS-007,中间核查,preventive,实验室负责人,FRM-012,approved
QMS-007-C011,QMS-007,维护保养,detective,实验室负责人,FRM-012,approved
QMS-007-C012,QMS-007,故障标识,corrective,实验室负责人,FRM-012,approved
QMS-007-C013,QMS-007,停用隔离,preventive,实验室负责人,FRM-012,approved
QMS-007-C014,QMS-007,借用租赁,detective,实验室负责人,FRM-012,approved
QMS-007-C015,QMS-007,软件固件版本,corrective,实验室负责人,FRM-012,approved
QMS-007-C016,QMS-007,环境条件,preventive,实验室负责人,FRM-012,approved
QMS-007-C017,QMS-007,UPS测试,detective,实验室负责人,FRM-012,approved
QMS-007-C018,QMS-007,监控录像,corrective,实验室负责人,FRM-012,approved
QMS-007-C019,QMS-007,设备日志,preventive,实验室负责人,FRM-012,approved
QMS-007-C020,QMS-007,退役与数据清除,detective,实验室负责人,FRM-012,approved
QMS-008-C001,QMS-008,岗位资格,preventive,人员负责人,FRM-012,approved
QMS-008-C002,QMS-008,教育背景,detective,人员负责人,FRM-012,approved
QMS-008-C003,QMS-008,工作经历,corrective,人员负责人,FRM-012,approved
QMS-008-C004,QMS-008,法规培训,preventive,人员负责人,FRM-012,approved
QMS-008-C005,QMS-008,技术培训,detective,人员负责人,FRM-012,approved
QMS-008-C006,QMS-008,质量培训,corrective,人员负责人,FRM-012,approved
QMS-008-C007,QMS-008,安全培训,preventive,人员负责人,FRM-012,approved
QMS-008-C008,QMS-008,监督实践,detective,人员负责人,FRM-012,approved
QMS-008-C009,QMS-008,见习案件,corrective,人员负责人,FRM-012,approved
QMS-008-C010,QMS-008,盲样考核,preventive,人员负责人,FRM-012,approved
QMS-008-C011,QMS-008,口头答辩,detective,人员负责人,FRM-012,approved
QMS-008-C012,QMS-008,书面考试,corrective,人员负责人,FRM-012,approved
QMS-008-C013,QMS-008,工具授权,preventive,人员负责人,FRM-012,approved
QMS-008-C014,QMS-008,方法授权,detective,人员负责人,FRM-012,approved
QMS-008-C015,QMS-008,复核授权,corrective,人员负责人,FRM-012,approved
QMS-008-C016,QMS-008,签字权限准备,preventive,人员负责人,FRM-012,approved
QMS-008-C017,QMS-008,授权期限,detective,人员负责人,FRM-012,approved
QMS-008-C018,QMS-008,持续能力,corrective,人员负责人,FRM-012,approved
QMS-008-C019,QMS-008,暂停授权,preventive,人员负责人,FRM-012,approved
QMS-008-C020,QMS-008,撤销与恢复,detective,人员负责人,FRM-012,approved
QMS-009-C001,QMS-009,不符合来源,preventive,质量负责人,FRM-012,approved
QMS-009-C002,QMS-009,立即控制,detective,质量负责人,FRM-012,approved
QMS-009-C003,QMS-009,停止发布,corrective,质量负责人,FRM-012,approved
QMS-009-C004,QMS-009,隔离结果,preventive,质量负责人,FRM-012,approved
QMS-009-C005,QMS-009,通知责任人,detective,质量负责人,FRM-012,approved
QMS-009-C006,QMS-009,风险分级,corrective,质量负责人,FRM-012,approved
QMS-009-C007,QMS-009,历史案件影响,preventive,质量负责人,FRM-012,approved
QMS-009-C008,QMS-009,客户通知,detective,质量负责人,FRM-012,approved
QMS-009-C009,QMS-009,监管通知研究,corrective,质量负责人,FRM-012,approved
QMS-009-C010,QMS-009,根因分析,preventive,质量负责人,FRM-012,approved
QMS-009-C011,QMS-009,纠正措施,detective,质量负责人,FRM-012,approved
QMS-009-C012,QMS-009,预防措施,corrective,质量负责人,FRM-012,approved
QMS-009-C013,QMS-009,责任与期限,preventive,质量负责人,FRM-012,approved
QMS-009-C014,QMS-009,有效性验证,detective,质量负责人,FRM-012,approved
QMS-009-C015,QMS-009,授权恢复,corrective,质量负责人,FRM-012,approved
QMS-009-C016,QMS-009,趋势分析,preventive,质量负责人,FRM-012,approved
QMS-009-C017,QMS-009,重复问题升级,detective,质量负责人,FRM-012,approved
QMS-009-C018,QMS-009,关闭批准,corrective,质量负责人,FRM-012,approved
QMS-010-C001,QMS-010,年度内审计划,preventive,质量负责人,FRM-012,approved
QMS-010-C002,QMS-010,全要素覆盖,detective,质量负责人,FRM-012,approved
QMS-010-C003,QMS-010,过程审核,corrective,质量负责人,FRM-012,approved
QMS-010-C004,QMS-010,案件抽样,preventive,质量负责人,FRM-012,approved
QMS-010-C005,QMS-010,方法抽样,detective,质量负责人,FRM-012,approved
QMS-010-C006,QMS-010,设备抽样,corrective,质量负责人,FRM-012,approved
QMS-010-C007,QMS-010,人员授权抽样,preventive,质量负责人,FRM-012,approved
QMS-010-C008,QMS-010,供应商抽样,detective,质量负责人,FRM-012,approved
QMS-010-C009,QMS-010,安全控制抽样,corrective,质量负责人,FRM-012,approved
QMS-010-C010,QMS-010,审核员独立性,preventive,质量负责人,FRM-012,approved
QMS-010-C011,QMS-010,证据记录,detective,质量负责人,FRM-012,approved
QMS-010-C012,QMS-010,问题分级,corrective,质量负责人,FRM-012,approved
QMS-010-C013,QMS-010,整改期限,preventive,质量负责人,FRM-012,approved
QMS-010-C014,QMS-010,跟踪验证,detective,质量负责人,FRM-012,approved
QMS-010-C015,QMS-010,管理评审输入,corrective,质量负责人,FRM-012,approved
QMS-010-C016,QMS-010,质量目标,preventive,质量负责人,FRM-012,approved
QMS-010-C017,QMS-010,资源需求,detective,质量负责人,FRM-012,approved
QMS-010-C018,QMS-010,风险机会,corrective,质量负责人,FRM-012,approved
QMS-010-C019,QMS-010,客户反馈,preventive,质量负责人,FRM-012,approved
QMS-010-C020,QMS-010,重大变更,detective,质量负责人,FRM-012,approved
QMS-010-C021,QMS-010,评审输出,corrective,质量负责人,FRM-012,approved
QMS-011-C001,QMS-011,投诉渠道,preventive,质量负责人,FRM-012,approved
QMS-011-C002,QMS-011,申诉渠道,detective,质量负责人,FRM-012,approved
QMS-011-C003,QMS-011,受理确认,corrective,质量负责人,FRM-012,approved
QMS-011-C004,QMS-011,范围判断,preventive,质量负责人,FRM-012,approved
QMS-011-C005,QMS-011,独立调查,detective,质量负责人,FRM-012,approved
QMS-011-C006,QMS-011,证据保全,corrective,质量负责人,FRM-012,approved
QMS-011-C007,QMS-011,决定权限,preventive,质量负责人,FRM-012,approved
QMS-011-C008,QMS-011,时限,detective,质量负责人,FRM-012,approved
QMS-011-C009,QMS-011,结果通知,corrective,质量负责人,FRM-012,approved
QMS-011-C010,QMS-011,保密,preventive,质量负责人,FRM-012,approved
QMS-011-C011,QMS-011,防报复,detective,质量负责人,FRM-012,approved
QMS-011-C012,QMS-011,商业压力,corrective,质量负责人,FRM-012,approved
QMS-011-C013,QMS-011,关联公司,preventive,质量负责人,FRM-012,approved
QMS-011-C014,QMS-011,供应商利益,detective,质量负责人,FRM-012,approved
QMS-011-C015,QMS-011,人员关系,corrective,质量负责人,FRM-012,approved
QMS-011-C016,QMS-011,既往服务,preventive,质量负责人,FRM-012,approved
QMS-011-C017,QMS-011,自我复核禁止,detective,质量负责人,FRM-012,approved
QMS-011-C018,QMS-011,回避,corrective,质量负责人,FRM-012,approved
QMS-011-C019,QMS-011,替代人员,preventive,质量负责人,FRM-012,approved
QMS-011-C020,QMS-011,趋势分析,detective,质量负责人,FRM-012,approved
QMS-012-C001,QMS-012,供应商分类,preventive,采购负责人,FRM-012,approved
QMS-012-C002,QMS-012,风险分级,detective,采购负责人,FRM-012,approved
QMS-012-C003,QMS-012,资质审查,corrective,采购负责人,FRM-012,approved
QMS-012-C004,QMS-012,数据许可,preventive,采购负责人,FRM-012,approved
QMS-012-C005,QMS-012,保密协议,detective,采购负责人,FRM-012,approved
QMS-012-C006,QMS-012,安全条款,corrective,采购负责人,FRM-012,approved
QMS-012-C007,QMS-012,SLA,preventive,采购负责人,FRM-012,approved
QMS-012-C008,QMS-012,审计权,detective,采购负责人,FRM-012,approved
QMS-012-C009,QMS-012,变更通知,corrective,采购负责人,FRM-012,approved
QMS-012-C010,QMS-012,分包批准,preventive,采购负责人,FRM-012,approved
QMS-012-C011,QMS-012,方法透明性,detective,采购负责人,FRM-012,approved
QMS-012-C012,QMS-012,交付验收,corrective,采购负责人,FRM-012,approved
QMS-012-C013,QMS-012,性能监控,preventive,采购负责人,FRM-012,approved
QMS-012-C014,QMS-012,事件通知,detective,采购负责人,FRM-012,approved
QMS-012-C015,QMS-012,续约评估,corrective,采购负责人,FRM-012,approved
QMS-012-C016,QMS-012,替代方案,preventive,采购负责人,FRM-012,approved
QMS-012-C017,QMS-012,数据导出,detective,采购负责人,FRM-012,approved
QMS-012-C018,QMS-012,退出销毁,corrective,采购负责人,FRM-012,approved
QMS-012-C019,QMS-012,供应商名单,preventive,采购负责人,FRM-012,approved
QMS-012-C020,QMS-012,不合格处置,detective,采购负责人,FRM-012,approved
SOP-001-C001,SOP-001,委托方身份,preventive,受理负责人,FRM-003,approved
SOP-001-C002,SOP-001,联系人权限,detective,受理负责人,FRM-003,approved
SOP-001-C003,SOP-001,委托材料,corrective,受理负责人,FRM-003,approved
SOP-001-C004,SOP-001,授权依据,preventive,受理负责人,FRM-003,approved
SOP-001-C005,SOP-001,技术问题,detective,受理负责人,FRM-003,approved
SOP-001-C006,SOP-001,法律问题排除,corrective,受理负责人,FRM-003,approved
SOP-001-C007,SOP-001,检材清单,preventive,受理负责人,FRM-003,approved
SOP-001-C008,SOP-001,数据来源,detective,受理负责人,FRM-003,approved
SOP-001-C009,SOP-001,时间范围,corrective,受理负责人,FRM-003,approved
SOP-001-C010,SOP-001,链与资产范围,preventive,受理负责人,FRM-003,approved
SOP-001-C011,SOP-001,已知假设,detective,受理负责人,FRM-003,approved
SOP-001-C012,SOP-001,交付物,corrective,受理负责人,FRM-003,approved
SOP-001-C013,SOP-001,时限,preventive,受理负责人,FRM-003,approved
SOP-001-C014,SOP-001,费用,detective,受理负责人,FRM-003,approved
SOP-001-C015,SOP-001,利益冲突,corrective,受理负责人,FRM-003,approved
SOP-001-C016,SOP-001,数据安全,preventive,受理负责人,FRM-003,approved
SOP-001-C017,SOP-001,转委托限制,detective,受理负责人,FRM-003,approved
SOP-001-C018,SOP-001,受理决定,corrective,受理负责人,FRM-003,approved
SOP-001-C019,SOP-001,拒绝理由,preventive,受理负责人,FRM-003,approved
SOP-001-C020,SOP-001,范围变更,detective,受理负责人,FRM-003,approved
SOP-002-C001,SOP-002,采集会话编号,preventive,采集负责人,FRM-003,approved
SOP-002-C002,SOP-002,人员与见证,detective,采集负责人,FRM-003,approved
SOP-002-C003,SOP-002,时间时区,corrective,采集负责人,FRM-003,approved
SOP-002-C004,SOP-002,工作站身份,preventive,采集负责人,FRM-003,approved
SOP-002-C005,SOP-002,网络位置,detective,采集负责人,FRM-003,approved
SOP-002-C006,SOP-002,节点身份,corrective,采集负责人,FRM-003,approved
SOP-002-C007,SOP-002,客户端版本,preventive,采集负责人,FRM-003,approved
SOP-002-C008,SOP-002,同步状态,detective,采集负责人,FRM-003,approved
SOP-002-C009,SOP-002,请求参数,corrective,采集负责人,FRM-003,approved
SOP-002-C010,SOP-002,原始响应,preventive,采集负责人,FRM-003,approved
SOP-002-C011,SOP-002,原始区块,detective,采集负责人,FRM-003,approved
SOP-002-C012,SOP-002,页面快照,corrective,采集负责人,FRM-003,approved
SOP-002-C013,SOP-002,TLS信息,preventive,采集负责人,FRM-003,approved
SOP-002-C014,SOP-002,录像索引,detective,采集负责人,FRM-003,approved
SOP-002-C015,SOP-002,哈希,corrective,采集负责人,FRM-003,approved
SOP-002-C016,SOP-002,错误重试,preventive,采集负责人,FRM-003,approved
SOP-002-C017,SOP-002,链重组,detective,采集负责人,FRM-003,approved
SOP-002-C018,SOP-002,会话中断,corrective,采集负责人,FRM-003,approved
SOP-002-C019,SOP-002,独立复核,preventive,采集负责人,FRM-003,approved
SOP-002-C020,SOP-002,封存,detective,采集负责人,FRM-003,approved
SOP-003-C001,SOP-003,分析问题,preventive,分析负责人,FRM-003,approved
SOP-003-C002,SOP-003,数据集版本,detective,分析负责人,FRM-003,approved
SOP-003-C003,SOP-003,工具版本,corrective,分析负责人,FRM-003,approved
SOP-003-C004,SOP-003,参数,preventive,分析负责人,FRM-003,approved
SOP-003-C005,SOP-003,规则版本,detective,分析负责人,FRM-003,approved
SOP-003-C006,SOP-003,证据引用,corrective,分析负责人,FRM-003,approved
SOP-003-C007,SOP-003,候选结果,preventive,分析负责人,FRM-003,approved
SOP-003-C008,SOP-003,假设登记,detective,分析负责人,FRM-003,approved
SOP-003-C009,SOP-003,替代解释,corrective,分析负责人,FRM-003,approved
SOP-003-C010,SOP-003,负向证据,preventive,分析负责人,FRM-003,approved
SOP-003-C011,SOP-003,人工排除,detective,分析负责人,FRM-003,approved
SOP-003-C012,SOP-003,计算复核,corrective,分析负责人,FRM-003,approved
SOP-003-C013,SOP-003,金额守恒,preventive,分析负责人,FRM-003,approved
SOP-003-C014,SOP-003,图谱过滤,detective,分析负责人,FRM-003,approved
SOP-003-C015,SOP-003,复核抽样,corrective,分析负责人,FRM-003,approved
SOP-003-C016,SOP-003,全量复核条件,preventive,分析负责人,FRM-003,approved
SOP-003-C017,SOP-003,分歧处理,detective,分析负责人,FRM-003,approved
SOP-003-C018,SOP-003,结论等级,corrective,分析负责人,FRM-003,approved
SOP-003-C019,SOP-003,限制,preventive,分析负责人,FRM-003,approved
SOP-003-C020,SOP-003,冻结快照,detective,分析负责人,FRM-003,approved
SOP-004-C001,SOP-004,报告编号,preventive,报告负责人,FRM-003,approved
SOP-004-C002,SOP-004,模板版本,detective,报告负责人,FRM-003,approved
SOP-004-C003,SOP-004,委托事项,corrective,报告负责人,FRM-003,approved
SOP-004-C004,SOP-004,检材来源,preventive,报告负责人,FRM-003,approved
SOP-004-C005,SOP-004,方法版本,detective,报告负责人,FRM-003,approved
SOP-004-C006,SOP-004,工具版本,corrective,报告负责人,FRM-003,approved
SOP-004-C007,SOP-004,技术事实,preventive,报告负责人,FRM-003,approved
SOP-004-C008,SOP-004,规则推断,detective,报告负责人,FRM-003,approved
SOP-004-C009,SOP-004,统计推断,corrective,报告负责人,FRM-003,approved
SOP-004-C010,SOP-004,限制,preventive,报告负责人,FRM-003,approved
SOP-004-C011,SOP-004,无法判断,detective,报告负责人,FRM-003,approved
SOP-004-C012,SOP-004,图表,corrective,报告负责人,FRM-003,approved
SOP-004-C013,SOP-004,金额校验,preventive,报告负责人,FRM-003,approved
SOP-004-C014,SOP-004,地址校验,detective,报告负责人,FRM-003,approved
SOP-004-C015,SOP-004,附件索引,corrective,报告负责人,FRM-003,approved
SOP-004-C016,SOP-004,复核意见,preventive,报告负责人,FRM-003,approved
SOP-004-C017,SOP-004,批准签名,detective,报告负责人,FRM-003,approved
SOP-004-C018,SOP-004,加密交付,corrective,报告负责人,FRM-003,approved
SOP-004-C019,SOP-004,接收回执,preventive,报告负责人,FRM-003,approved
SOP-004-C020,SOP-004,更正,detective,报告负责人,FRM-003,approved
SOP-004-C021,SOP-004,撤回,corrective,报告负责人,FRM-003,approved
SOP-004-C022,SOP-004,通知范围,preventive,报告负责人,FRM-003,approved
SOP-005-C001,SOP-005,入库清单,preventive,证据管理员,FRM-003,approved
SOP-005-C002,SOP-005,存储等级,detective,证据管理员,FRM-003,approved
SOP-005-C003,SOP-005,WORM,corrective,证据管理员,FRM-003,approved
SOP-005-C004,SOP-005,加密,preventive,证据管理员,FRM-003,approved
SOP-005-C005,SOP-005,访问申请,detective,证据管理员,FRM-003,approved
SOP-005-C006,SOP-005,双人审批,corrective,证据管理员,FRM-003,approved
SOP-005-C007,SOP-005,复制记录,preventive,证据管理员,FRM-003,approved
SOP-005-C008,SOP-005,导出审批,detective,证据管理员,FRM-003,approved
SOP-005-C009,SOP-005,脱敏副本,corrective,证据管理员,FRM-003,approved
SOP-005-C010,SOP-005,介质标识,preventive,证据管理员,FRM-003,approved
SOP-005-C011,SOP-005,封存,detective,证据管理员,FRM-003,approved
SOP-005-C012,SOP-005,解封,corrective,证据管理员,FRM-003,approved
SOP-005-C013,SOP-005,移交清单,preventive,证据管理员,FRM-003,approved
SOP-005-C014,SOP-005,接收回执,detective,证据管理员,FRM-003,approved
SOP-005-C015,SOP-005,定期哈希验证,corrective,证据管理员,FRM-003,approved
SOP-005-C016,SOP-005,介质迁移,preventive,证据管理员,FRM-003,approved
SOP-005-C017,SOP-005,法律保留,detective,证据管理员,FRM-003,approved
SOP-005-C018,SOP-005,留存期限,corrective,证据管理员,FRM-003,approved
SOP-005-C019,SOP-005,销毁批准,preventive,证据管理员,FRM-003,approved
SOP-005-C020,SOP-005,销毁证明,detective,证据管理员,FRM-003,approved
SOP-006-C001,SOP-006,节点资产编号,preventive,节点负责人,FRM-003,approved
SOP-006-C002,SOP-006,网络身份,detective,节点负责人,FRM-003,approved
SOP-006-C003,SOP-006,客户端来源,corrective,节点负责人,FRM-003,approved
SOP-006-C004,SOP-006,制品哈希,preventive,节点负责人,FRM-003,approved
SOP-006-C005,SOP-006,配置基线,detective,节点负责人,FRM-003,approved
SOP-006-C006,SOP-006,磁盘容量,corrective,节点负责人,FRM-003,approved
SOP-006-C007,SOP-006,同步状态,preventive,节点负责人,FRM-003,approved
SOP-006-C008,SOP-006,同伴数量,detective,节点负责人,FRM-003,approved
SOP-006-C009,SOP-006,区块高度,corrective,节点负责人,FRM-003,approved
SOP-006-C010,SOP-006,finalized高度,preventive,节点负责人,FRM-003,approved
SOP-006-C011,SOP-006,RPC权限,detective,节点负责人,FRM-003,approved
SOP-006-C012,SOP-006,日志,corrective,节点负责人,FRM-003,approved
SOP-006-C013,SOP-006,时间同步,preventive,节点负责人,FRM-003,approved
SOP-006-C014,SOP-006,健康检查,detective,节点负责人,FRM-003,approved
SOP-006-C015,SOP-006,链重组,corrective,节点负责人,FRM-003,approved
SOP-006-C016,SOP-006,升级窗口,preventive,节点负责人,FRM-003,approved
SOP-006-C017,SOP-006,回滚,detective,节点负责人,FRM-003,approved
SOP-006-C018,SOP-006,备份,corrective,节点负责人,FRM-003,approved
SOP-006-C019,SOP-006,故障切换,preventive,节点负责人,FRM-003,approved
SOP-006-C020,SOP-006,停用清除,detective,节点负责人,FRM-003,approved
SOP-007-C001,SOP-007,变更单,preventive,发布负责人,FRM-003,approved
SOP-007-C002,SOP-007,发布分支,detective,发布负责人,FRM-003,approved
SOP-007-C003,SOP-007,代码审查,corrective,发布负责人,FRM-003,approved
SOP-007-C004,SOP-007,依赖锁定,preventive,发布负责人,FRM-003,approved
SOP-007-C005,SOP-007,制品签名,detective,发布负责人,FRM-003,approved
SOP-007-C006,SOP-007,数据库迁移,corrective,发布负责人,FRM-003,approved
SOP-007-C007,SOP-007,配置差异,preventive,发布负责人,FRM-003,approved
SOP-007-C008,SOP-007,方法同步,detective,发布负责人,FRM-003,approved
SOP-007-C009,SOP-007,文档同步,corrective,发布负责人,FRM-003,approved
SOP-007-C010,SOP-007,模板同步,preventive,发布负责人,FRM-003,approved
SOP-007-C011,SOP-007,权限变更,detective,发布负责人,FRM-003,approved
SOP-007-C012,SOP-007,回归测试,corrective,发布负责人,FRM-003,approved
SOP-007-C013,SOP-007,安全测试,preventive,发布负责人,FRM-003,approved
SOP-007-C014,SOP-007,发布批准,detective,发布负责人,FRM-003,approved
SOP-007-C015,SOP-007,维护窗口,corrective,发布负责人,FRM-003,approved
SOP-007-C016,SOP-007,灰度,preventive,发布负责人,FRM-003,approved
SOP-007-C017,SOP-007,监控,detective,发布负责人,FRM-003,approved
SOP-007-C018,SOP-007,回滚,corrective,发布负责人,FRM-003,approved
SOP-007-C019,SOP-007,发布后复核,preventive,发布负责人,FRM-003,approved
SOP-007-C020,SOP-007,关闭,detective,发布负责人,FRM-003,approved
SOP-008-C001,SOP-008,事件分类,preventive,安全负责人,FRM-003,approved
SOP-008-C002,SOP-008,严重级别,detective,安全负责人,FRM-003,approved
SOP-008-C003,SOP-008,值班与升级,corrective,安全负责人,FRM-003,approved
SOP-008-C004,SOP-008,证据保全,preventive,安全负责人,FRM-003,approved
SOP-008-C005,SOP-008,隔离,detective,安全负责人,FRM-003,approved
SOP-008-C006,SOP-008,凭据撤销,corrective,安全负责人,FRM-003,approved
SOP-008-C007,SOP-008,恶意样本,preventive,安全负责人,FRM-003,approved
SOP-008-C008,SOP-008,数据泄露评估,detective,安全负责人,FRM-003,approved
SOP-008-C009,SOP-008,案件影响,corrective,安全负责人,FRM-003,approved
SOP-008-C010,SOP-008,客户通知,preventive,安全负责人,FRM-003,approved
SOP-008-C011,SOP-008,监管通知研究,detective,安全负责人,FRM-003,approved
SOP-008-C012,SOP-008,根因分析,corrective,安全负责人,FRM-003,approved
SOP-008-C013,SOP-008,恢复,preventive,安全负责人,FRM-003,approved
SOP-008-C014,SOP-008,补丁,detective,安全负责人,FRM-003,approved
SOP-008-C015,SOP-008,历史结果影响,corrective,安全负责人,FRM-003,approved
SOP-008-C016,SOP-008,威胁狩猎,preventive,安全负责人,FRM-003,approved
SOP-008-C017,SOP-008,复盘,detective,安全负责人,FRM-003,approved
SOP-008-C018,SOP-008,CAPA,corrective,安全负责人,FRM-003,approved
SOP-008-C019,SOP-008,演练,preventive,安全负责人,FRM-003,approved
SOP-008-C020,SOP-008,媒体沟通,detective,安全负责人,FRM-003,approved
SOP-009-C001,SOP-009,关键流程,preventive,连续性负责人,FRM-003,approved
SOP-009-C002,SOP-009,最大可容忍中断,detective,连续性负责人,FRM-003,approved
SOP-009-C003,SOP-009,RTO,corrective,连续性负责人,FRM-003,approved
SOP-009-C004,SOP-009,RPO,preventive,连续性负责人,FRM-003,approved
SOP-009-C005,SOP-009,替代人员,detective,连续性负责人,FRM-003,approved
SOP-009-C006,SOP-009,替代场所,corrective,连续性负责人,FRM-003,approved
SOP-009-C007,SOP-009,通信树,preventive,连续性负责人,FRM-003,approved
SOP-009-C008,SOP-009,离线表单,detective,连续性负责人,FRM-003,approved
SOP-009-C009,SOP-009,节点替代,corrective,连续性负责人,FRM-003,approved
SOP-009-C010,SOP-009,数据恢复,preventive,连续性负责人,FRM-003,approved
SOP-009-C011,SOP-009,密钥恢复,detective,连续性负责人,FRM-003,approved
SOP-009-C012,SOP-009,供应商中断,corrective,连续性负责人,FRM-003,approved
SOP-009-C013,SOP-009,手工降级,preventive,连续性负责人,FRM-003,approved
SOP-009-C014,SOP-009,积压管理,detective,连续性负责人,FRM-003,approved
SOP-009-C015,SOP-009,恢复验证,corrective,连续性负责人,FRM-003,approved
SOP-009-C016,SOP-009,客户沟通,preventive,连续性负责人,FRM-003,approved
SOP-009-C017,SOP-009,演练,detective,连续性负责人,FRM-003,approved
SOP-009-C018,SOP-009,改进,corrective,连续性负责人,FRM-003,approved
SOP-010-C001,SOP-010,出庭授权,preventive,方法负责人,FRM-003,approved
SOP-010-C002,SOP-010,人员资格材料,detective,方法负责人,FRM-003,approved
SOP-010-C003,SOP-010,案件记录复核,corrective,方法负责人,FRM-003,approved
SOP-010-C004,SOP-010,方法依据,preventive,方法负责人,FRM-003,approved
SOP-010-C005,SOP-010,工具验证,detective,方法负责人,FRM-003,approved
SOP-010-C006,SOP-010,演示数据,corrective,方法负责人,FRM-003,approved
SOP-010-C007,SOP-010,离线环境,preventive,方法负责人,FRM-003,approved
SOP-010-C008,SOP-010,术语解释,detective,方法负责人,FRM-003,approved
SOP-010-C009,SOP-010,事实与推断,corrective,方法负责人,FRM-003,approved
SOP-010-C010,SOP-010,误差与限制,preventive,方法负责人,FRM-003,approved
SOP-010-C011,SOP-010,替代解释,detective,方法负责人,FRM-003,approved
SOP-010-C012,SOP-010,交叉询问,corrective,方法负责人,FRM-003,approved
SOP-010-C013,SOP-010,超范围问题,preventive,方法负责人,FRM-003,approved
SOP-010-C014,SOP-010,保密信息,detective,方法负责人,FRM-003,approved
SOP-010-C015,SOP-010,现场记录,corrective,方法负责人,FRM-003,approved
SOP-010-C016,SOP-010,补充说明,preventive,方法负责人,FRM-003,approved
SOP-010-C017,SOP-010,庭后复盘,detective,方法负责人,FRM-003,approved
SOP-010-C018,SOP-010,报告更正触发,corrective,方法负责人,FRM-003,approved
ORG-001-C001,ORG-001,研发主体,preventive,项目负责人,FRM-014,approved
ORG-001-C002,ORG-001,未来鉴定主体,detective,项目负责人,FRM-014,approved
ORG-001-C003,ORG-001,质量职能,corrective,项目负责人,FRM-014,approved
ORG-001-C004,ORG-001,技术职能,preventive,项目负责人,FRM-014,approved
ORG-001-C005,ORG-001,方法职能,detective,项目负责人,FRM-014,approved
ORG-001-C006,ORG-001,安全职能,corrective,项目负责人,FRM-014,approved
ORG-001-C007,ORG-001,实验室职能,preventive,项目负责人,FRM-014,approved
ORG-001-C008,ORG-001,业务职能,detective,项目负责人,FRM-014,approved
ORG-001-C009,ORG-001,财务核算,corrective,项目负责人,FRM-014,approved
ORG-001-C010,ORG-001,知识产权许可,preventive,项目负责人,FRM-014,approved
ORG-001-C011,ORG-001,工具供应关系,detective,项目负责人,FRM-014,approved
ORG-001-C012,ORG-001,数据隔离,corrective,项目负责人,FRM-014,approved
ORG-001-C013,ORG-001,案件决策权,preventive,项目负责人,FRM-014,approved
ORG-001-C014,ORG-001,人员兼职,detective,项目负责人,FRM-014,approved
ORG-001-C015,ORG-001,关联交易,corrective,项目负责人,FRM-014,approved
ORG-001-C016,ORG-001,公正性委员会,preventive,项目负责人,FRM-014,approved
ORG-001-C017,ORG-001,合作机构接口,detective,项目负责人,FRM-014,approved
ORG-002-C001,ORG-002,管理层岗位,preventive,人员负责人,FRM-014,approved
ORG-002-C002,ORG-002,项目负责人,detective,人员负责人,FRM-014,approved
ORG-002-C003,ORG-002,质量负责人,corrective,人员负责人,FRM-014,approved
ORG-002-C004,ORG-002,技术负责人,preventive,人员负责人,FRM-014,approved
ORG-002-C005,ORG-002,架构负责人,detective,人员负责人,FRM-014,approved
ORG-002-C006,ORG-002,方法负责人,corrective,人员负责人,FRM-014,approved
ORG-002-C007,ORG-002,安全负责人,preventive,人员负责人,FRM-014,approved
ORG-002-C008,ORG-002,数据管理员,detective,人员负责人,FRM-014,approved
ORG-002-C009,ORG-002,节点负责人,corrective,人员负责人,FRM-014,approved
ORG-002-C010,ORG-002,实验室负责人,preventive,人员负责人,FRM-014,approved
ORG-002-C011,ORG-002,受理员,detective,人员负责人,FRM-014,approved
ORG-002-C012,ORG-002,采集员,corrective,人员负责人,FRM-014,approved
ORG-002-C013,ORG-002,分析员,preventive,人员负责人,FRM-014,approved
ORG-002-C014,ORG-002,独立复核员,detective,人员负责人,FRM-014,approved
ORG-002-C015,ORG-002,报告负责人,corrective,人员负责人,FRM-014,approved
ORG-002-C016,ORG-002,配置管理员,preventive,人员负责人,FRM-014,approved
ORG-002-C017,ORG-002,采购负责人,detective,人员负责人,FRM-014,approved
ORG-002-C018,ORG-002,连续性负责人,corrective,人员负责人,FRM-014,approved
ORG-003-C001,ORG-003,能力等级定义,preventive,人员负责人,FRM-014,approved
ORG-003-C002,ORG-003,法规知识,detective,人员负责人,FRM-014,approved
ORG-003-C003,ORG-003,电子证据规则,corrective,人员负责人,FRM-014,approved
ORG-003-C004,ORG-003,CMA知识,preventive,人员负责人,FRM-014,approved
ORG-003-C005,ORG-003,CNAS知识,detective,人员负责人,FRM-014,approved
ORG-003-C006,ORG-003,Bitcoin协议,corrective,人员负责人,FRM-014,approved
ORG-003-C007,ORG-003,EVM协议,preventive,人员负责人,FRM-014,approved
ORG-003-C008,ORG-003,TRON协议,detective,人员负责人,FRM-014,approved
ORG-003-C009,ORG-003,跨链桥,corrective,人员负责人,FRM-014,approved
ORG-003-C010,ORG-003,DeFi,preventive,人员负责人,FRM-014,approved
ORG-003-C011,ORG-003,混币聚类,detective,人员负责人,FRM-014,approved
ORG-003-C012,ORG-003,标签证据,corrective,人员负责人,FRM-014,approved
ORG-003-C013,ORG-003,工具操作,preventive,人员负责人,FRM-014,approved
ORG-003-C014,ORG-003,方法确认,detective,人员负责人,FRM-014,approved
ORG-003-C015,ORG-003,质量体系,corrective,人员负责人,FRM-014,approved
ORG-003-C016,ORG-003,安全保密,preventive,人员负责人,FRM-014,approved
ORG-003-C017,ORG-003,报告写作,detective,人员负责人,FRM-014,approved
ORG-003-C018,ORG-003,技术解释,corrective,人员负责人,FRM-014,approved
ORG-003-C019,ORG-003,项目管理,preventive,人员负责人,FRM-014,approved
ORG-003-C020,ORG-003,持续教育,detective,人员负责人,FRM-014,approved
ORG-004-C001,ORG-004,入职培训,preventive,人员负责人,FRM-014,approved
ORG-004-C002,ORG-004,质量培训,detective,人员负责人,FRM-014,approved
ORG-004-C003,ORG-004,保密培训,corrective,人员负责人,FRM-014,approved
ORG-004-C004,ORG-004,安全培训,preventive,人员负责人,FRM-014,approved
ORG-004-C005,ORG-004,法规培训,detective,人员负责人,FRM-014,approved
ORG-004-C006,ORG-004,链协议培训,corrective,人员负责人,FRM-014,approved
ORG-004-C007,ORG-004,工具培训,preventive,人员负责人,FRM-014,approved
ORG-004-C008,ORG-004,方法培训,detective,人员负责人,FRM-014,approved
ORG-004-C009,ORG-004,监督实践,corrective,人员负责人,FRM-014,approved
ORG-004-C010,ORG-004,模拟案件,preventive,人员负责人,FRM-014,approved
ORG-004-C011,ORG-004,盲样,detective,人员负责人,FRM-014,approved
ORG-004-C012,ORG-004,书面考试,corrective,人员负责人,FRM-014,approved
ORG-004-C013,ORG-004,口头答辩,preventive,人员负责人,FRM-014,approved
ORG-004-C014,ORG-004,实操演示,detective,人员负责人,FRM-014,approved
ORG-004-C015,ORG-004,限定授权,corrective,人员负责人,FRM-014,approved
ORG-004-C016,ORG-004,授权有效期,preventive,人员负责人,FRM-014,approved
ORG-004-C017,ORG-004,持续教育,detective,人员负责人,FRM-014,approved
ORG-004-C018,ORG-004,续期,corrective,人员负责人,FRM-014,approved
ORG-004-C019,ORG-004,暂停,preventive,人员负责人,FRM-014,approved
ORG-004-C020,ORG-004,撤销恢复,detective,人员负责人,FRM-014,approved
ORG-005-C001,ORG-005,年度声明,preventive,质量负责人,FRM-014,approved
ORG-005-C002,ORG-005,案件级声明,detective,质量负责人,FRM-014,approved
ORG-005-C003,ORG-005,财务利益,corrective,质量负责人,FRM-014,approved
ORG-005-C004,ORG-005,亲属关系,preventive,质量负责人,FRM-014,approved
ORG-005-C005,ORG-005,既往雇佣,detective,质量负责人,FRM-014,approved
ORG-005-C006,ORG-005,顾问关系,corrective,质量负责人,FRM-014,approved
ORG-005-C007,ORG-005,供应商关系,preventive,质量负责人,FRM-014,approved
ORG-005-C008,ORG-005,销售激励,detective,质量负责人,FRM-014,approved
ORG-005-C009,ORG-005,成功收费,corrective,质量负责人,FRM-014,approved
ORG-005-C010,ORG-005,媒体立场,preventive,质量负责人,FRM-014,approved
ORG-005-C011,ORG-005,学术合作,detective,质量负责人,FRM-014,approved
ORG-005-C012,ORG-005,自我复核,corrective,质量负责人,FRM-014,approved
ORG-005-C013,ORG-005,替代人员,preventive,质量负责人,FRM-014,approved
ORG-005-C014,ORG-005,信息隔离,detective,质量负责人,FRM-014,approved
ORG-005-C015,ORG-005,公正性风险评估,corrective,质量负责人,FRM-014,approved
ORG-005-C016,ORG-005,违规处置,preventive,质量负责人,FRM-014,approved
ORG-006-C001,ORG-006,阶段一核心团队,preventive,人员负责人,FRM-014,approved
ORG-006-C002,ORG-006,质量负责人前置,detective,人员负责人,FRM-014,approved
ORG-006-C003,ORG-006,协议工程师,corrective,人员负责人,FRM-014,approved
ORG-006-C004,ORG-006,数据工程师,preventive,人员负责人,FRM-014,approved
ORG-006-C005,ORG-006,测试验证工程师,detective,人员负责人,FRM-014,approved
ORG-006-C006,ORG-006,安全工程师,corrective,人员负责人,FRM-014,approved
ORG-006-C007,ORG-006,合规人员,preventive,人员负责人,FRM-014,approved
ORG-006-C008,ORG-006,实验室负责人,detective,人员负责人,FRM-014,approved
ORG-006-C009,ORG-006,鉴定人候选,corrective,人员负责人,FRM-014,approved
ORG-006-C010,ORG-006,鉴定助理,preventive,人员负责人,FRM-014,approved
ORG-006-C011,ORG-006,行政档案,detective,人员负责人,FRM-014,approved
ORG-006-C012,ORG-006,替补比例,corrective,人员负责人,FRM-014,approved
ORG-006-C013,ORG-006,关键岗位继任,preventive,人员负责人,FRM-014,approved
ORG-006-C014,ORG-006,外部专家,detective,人员负责人,FRM-014,approved
ORG-006-C015,ORG-006,招聘门槛,corrective,人员负责人,FRM-014,approved
ORG-006-C016,ORG-006,试用期考核,preventive,人员负责人,FRM-014,approved
ORG-006-C017,ORG-006,人员成本,detective,人员负责人,FRM-014,approved
ORG-006-C018,ORG-006,离职交接,corrective,人员负责人,FRM-014,approved
PLN-001-C001,PLN-001,Q1治理与证据模型,preventive,项目负责人,FRM-013,approved
PLN-001-C002,PLN-001,Q1三链采集原型,detective,项目负责人,FRM-013,approved
PLN-001-C003,PLN-001,Q2离线证据包,corrective,项目负责人,FRM-013,approved
PLN-001-C004,PLN-001,Q2基础方法确认,preventive,项目负责人,FRM-013,approved
PLN-001-C005,PLN-001,Q3确定性路径,detective,项目负责人,FRM-013,approved
PLN-001-C006,PLN-001,Q3标签证据系统,corrective,项目负责人,FRM-013,approved
PLN-001-C007,PLN-001,Q4首轮模拟案件,preventive,项目负责人,FRM-013,approved
PLN-001-C008,PLN-001,Q4体系运行,detective,项目负责人,FRM-013,approved
PLN-001-C009,PLN-001,Q5跨链与DeFi,corrective,项目负责人,FRM-013,approved
PLN-001-C010,PLN-001,Q5实验室选址,preventive,项目负责人,FRM-013,approved
PLN-001-C011,PLN-001,Q6能力活动,detective,项目负责人,FRM-013,approved
PLN-001-C012,PLN-001,Q6人员资格准备,corrective,项目负责人,FRM-013,approved
PLN-001-C013,PLN-001,Q7申请范围冻结,preventive,项目负责人,FRM-013,approved
PLN-001-C014,PLN-001,Q7主管机关沟通,detective,项目负责人,FRM-013,approved
PLN-001-C015,PLN-001,Q8现场评审准备,corrective,项目负责人,FRM-013,approved
PLN-001-C016,PLN-001,Q8商业化准入,preventive,项目负责人,FRM-013,approved
PLN-002-C001,PLN-002,治理工作包,preventive,项目经理,FRM-013,approved
PLN-002-C002,PLN-002,监管工作包,detective,项目经理,FRM-013,approved
PLN-002-C003,PLN-002,产品工作包,corrective,项目经理,FRM-013,approved
PLN-002-C004,PLN-002,证据架构工作包,preventive,项目经理,FRM-013,approved
PLN-002-C005,PLN-002,节点工作包,detective,项目经理,FRM-013,approved
PLN-002-C006,PLN-002,Bitcoin方法包,corrective,项目经理,FRM-013,approved
PLN-002-C007,PLN-002,EVM方法包,preventive,项目经理,FRM-013,approved
PLN-002-C008,PLN-002,TRON方法包,detective,项目经理,FRM-013,approved
PLN-002-C009,PLN-002,跨链方法包,corrective,项目经理,FRM-013,approved
PLN-002-C010,PLN-002,DeFi方法包,preventive,项目经理,FRM-013,approved
PLN-002-C011,PLN-002,标签聚类包,detective,项目经理,FRM-013,approved
PLN-002-C012,PLN-002,质量体系包,corrective,项目经理,FRM-013,approved
PLN-002-C013,PLN-002,工具验证包,preventive,项目经理,FRM-013,approved
PLN-002-C014,PLN-002,数据集包,detective,项目经理,FRM-013,approved
PLN-002-C015,PLN-002,实验室包,corrective,项目经理,FRM-013,approved
PLN-002-C016,PLN-002,人员能力包,preventive,项目经理,FRM-013,approved
PLN-002-C017,PLN-002,试点包,detective,项目经理,FRM-013,approved
PLN-002-C018,PLN-002,申请准备包,corrective,项目经理,FRM-013,approved
PLN-002-C019,PLN-002,标准知识产权包,preventive,项目经理,FRM-013,approved
PLN-002-C020,PLN-002,发布交付包,detective,项目经理,FRM-013,approved
PLN-003-C001,PLN-003,人员预算,preventive,财务负责人,FRM-013,approved
PLN-003-C002,PLN-003,云资源,detective,财务负责人,FRM-013,approved
PLN-003-C003,PLN-003,自建服务器,corrective,财务负责人,FRM-013,approved
PLN-003-C004,PLN-003,节点存储,preventive,财务负责人,FRM-013,approved
PLN-003-C005,PLN-003,对象存储,detective,财务负责人,FRM-013,approved
PLN-003-C006,PLN-003,备份,corrective,财务负责人,FRM-013,approved
PLN-003-C007,PLN-003,安全工具,preventive,财务负责人,FRM-013,approved
PLN-003-C008,PLN-003,开发工具,detective,财务负责人,FRM-013,approved
PLN-003-C009,PLN-003,商业标签,corrective,财务负责人,FRM-013,approved
PLN-003-C010,PLN-003,取证工作站,preventive,财务负责人,FRM-013,approved
PLN-003-C011,PLN-003,写保护设备,detective,财务负责人,FRM-013,approved
PLN-003-C012,PLN-003,UPS,corrective,财务负责人,FRM-013,approved
PLN-003-C013,PLN-003,监控门禁,preventive,财务负责人,FRM-013,approved
PLN-003-C014,PLN-003,场所装修,detective,财务负责人,FRM-013,approved
PLN-003-C015,PLN-003,校准维护,corrective,财务负责人,FRM-013,approved
PLN-003-C016,PLN-003,标准购买,preventive,财务负责人,FRM-013,approved
PLN-003-C017,PLN-003,能力验证,detective,财务负责人,FRM-013,approved
PLN-003-C018,PLN-003,法律合规服务,corrective,财务负责人,FRM-013,approved
PLN-003-C019,PLN-003,保险研究,preventive,财务负责人,FRM-013,approved
PLN-003-C020,PLN-003,预备金,detective,财务负责人,FRM-013,approved
PLN-004-C001,PLN-004,场所权属,preventive,实验室负责人,FRM-013,approved
PLN-004-C002,PLN-004,面积需求,detective,实验室负责人,FRM-013,approved
PLN-004-C003,PLN-004,受理预检区,corrective,实验室负责人,FRM-013,approved
PLN-004-C004,PLN-004,样品保管区,preventive,实验室负责人,FRM-013,approved
PLN-004-C005,PLN-004,防静电分析区,detective,实验室负责人,FRM-013,approved
PLN-004-C006,PLN-004,档案区,corrective,实验室负责人,FRM-013,approved
PLN-004-C007,PLN-004,可选屏蔽区,preventive,实验室负责人,FRM-013,approved
PLN-004-C008,PLN-004,服务器区,detective,实验室负责人,FRM-013,approved
PLN-004-C009,PLN-004,网络分段,corrective,实验室负责人,FRM-013,approved
PLN-004-C010,PLN-004,门禁,preventive,实验室负责人,FRM-013,approved
PLN-004-C011,PLN-004,视频监控,detective,实验室负责人,FRM-013,approved
PLN-004-C012,PLN-004,UPS,corrective,实验室负责人,FRM-013,approved
PLN-004-C013,PLN-004,消防,preventive,实验室负责人,FRM-013,approved
PLN-004-C014,PLN-004,环境监测,detective,实验室负责人,FRM-013,approved
PLN-004-C015,PLN-004,设备URS,corrective,实验室负责人,FRM-013,approved
PLN-004-C016,PLN-004,设备验收,preventive,实验室负责人,FRM-013,approved
PLN-004-C017,PLN-004,校准,detective,实验室负责人,FRM-013,approved
PLN-004-C018,PLN-004,SOP,corrective,实验室负责人,FRM-013,approved
PLN-004-C019,PLN-004,试运行,preventive,实验室负责人,FRM-013,approved
PLN-004-C020,PLN-004,专家模拟评审,detective,实验室负责人,FRM-013,approved
PLN-005-C001,PLN-005,合作方尽调,preventive,项目负责人,FRM-013,approved
PLN-005-C002,PLN-005,合作协议,detective,项目负责人,FRM-013,approved
PLN-005-C003,PLN-005,角色边界,corrective,项目负责人,FRM-013,approved
PLN-005-C004,PLN-005,数据授权,preventive,项目负责人,FRM-013,approved
PLN-005-C005,PLN-005,案件选择,detective,项目负责人,FRM-013,approved
PLN-005-C006,PLN-005,脱敏,corrective,项目负责人,FRM-013,approved
PLN-005-C007,PLN-005,方法共建,preventive,项目负责人,FRM-013,approved
PLN-005-C008,PLN-005,工具验证,detective,项目负责人,FRM-013,approved
PLN-005-C009,PLN-005,双轨分析,corrective,项目负责人,FRM-013,approved
PLN-005-C010,PLN-005,交叉结果,preventive,项目负责人,FRM-013,approved
PLN-005-C011,PLN-005,分歧处理,detective,项目负责人,FRM-013,approved
PLN-005-C012,PLN-005,报告模板,corrective,项目负责人,FRM-013,approved
PLN-005-C013,PLN-005,质证模拟,preventive,项目负责人,FRM-013,approved
PLN-005-C014,PLN-005,客户反馈,detective,项目负责人,FRM-013,approved
PLN-005-C015,PLN-005,缺陷记录,corrective,项目负责人,FRM-013,approved
PLN-005-C016,PLN-005,知识产权,preventive,项目负责人,FRM-013,approved
PLN-005-C017,PLN-005,保密,detective,项目负责人,FRM-013,approved
PLN-005-C018,PLN-005,退出条件,corrective,项目负责人,FRM-013,approved
PLN-005-C019,PLN-005,案例发布审批,preventive,项目负责人,FRM-013,approved
PLN-006-C001,PLN-006,监管路径,preventive,项目经理,FRM-013,approved
PLN-006-C002,PLN-006,能力项目库,detective,项目经理,FRM-013,approved
PLN-006-C003,PLN-006,人员资格,corrective,项目经理,FRM-013,approved
PLN-006-C004,PLN-006,关键人员,preventive,项目经理,FRM-013,approved
PLN-006-C005,PLN-006,方法误报,detective,项目经理,FRM-013,approved
PLN-006-C006,PLN-006,工具缺陷,corrective,项目经理,FRM-013,approved
PLN-006-C007,PLN-006,节点中断,preventive,项目经理,FRM-013,approved
PLN-006-C008,PLN-006,数据泄露,detective,项目经理,FRM-013,approved
PLN-006-C009,PLN-006,供应商退出,corrective,项目经理,FRM-013,approved
PLN-006-C010,PLN-006,预算超支,preventive,项目经理,FRM-013,approved
PLN-006-C011,PLN-006,场所延期,detective,项目经理,FRM-013,approved
PLN-006-C012,PLN-006,试点失败,corrective,项目经理,FRM-013,approved
PLN-006-C013,PLN-006,客户误用,preventive,项目经理,FRM-013,approved
PLN-006-C014,PLN-006,宣传越界,detective,项目经理,FRM-013,approved
PLN-006-C015,PLN-006,知识产权争议,corrective,项目经理,FRM-013,approved
PLN-006-C016,PLN-006,安全事件,preventive,项目经理,FRM-013,approved
PLN-006-C017,PLN-006,项目终止,detective,项目经理,FRM-013,approved
PLN-006-C018,PLN-006,残余风险接受,corrective,项目经理,FRM-013,approved
PLN-007-C001,PLN-007,成果分类,preventive,知识产权负责人,FRM-013,approved
PLN-007-C002,PLN-007,发明披露,detective,知识产权负责人,FRM-013,approved
PLN-007-C003,PLN-007,专利检索,corrective,知识产权负责人,FRM-013,approved
PLN-007-C004,PLN-007,软件著作权,preventive,知识产权负责人,FRM-013,approved
PLN-007-C005,PLN-007,商标,detective,知识产权负责人,FRM-013,approved
PLN-007-C006,PLN-007,商业秘密,corrective,知识产权负责人,FRM-013,approved
PLN-007-C007,PLN-007,源码权限,preventive,知识产权负责人,FRM-013,approved
PLN-007-C008,PLN-007,数据集权属,detective,知识产权负责人,FRM-013,approved
PLN-007-C009,PLN-007,第三方许可证,corrective,知识产权负责人,FRM-013,approved
PLN-007-C010,PLN-007,开源合规,preventive,知识产权负责人,FRM-013,approved
PLN-007-C011,PLN-007,企业标准,detective,知识产权负责人,FRM-013,approved
PLN-007-C012,PLN-007,团体标准,corrective,知识产权负责人,FRM-013,approved
PLN-007-C013,PLN-007,行业标准建议,preventive,知识产权负责人,FRM-013,approved
PLN-007-C014,PLN-007,论文审批,detective,知识产权负责人,FRM-013,approved
PLN-007-C015,PLN-007,案例发布,corrective,知识产权负责人,FRM-013,approved
PLN-007-C016,PLN-007,离职成果,preventive,知识产权负责人,FRM-013,approved
PLN-007-C017,PLN-007,合作成果归属,detective,知识产权负责人,FRM-013,approved
PLN-007-C018,PLN-007,证据留存,corrective,知识产权负责人,FRM-013,approved
PLN-008-C001,PLN-008,阶段门状态,preventive,项目经理,FRM-013,approved
PLN-008-C002,PLN-008,工作包完成率,detective,项目经理,FRM-013,approved
PLN-008-C003,PLN-008,需求覆盖,corrective,项目经理,FRM-013,approved
PLN-008-C004,PLN-008,测试通过率,preventive,项目经理,FRM-013,approved
PLN-008-C005,PLN-008,方法确认状态,detective,项目经理,FRM-013,approved
PLN-008-C006,PLN-008,工具验证状态,corrective,项目经理,FRM-013,approved
PLN-008-C007,PLN-008,复现通过率,preventive,项目经理,FRM-013,approved
PLN-008-C008,PLN-008,证据包完整率,detective,项目经理,FRM-013,approved
PLN-008-C009,PLN-008,缺陷趋势,corrective,项目经理,FRM-013,approved
PLN-008-C010,PLN-008,CAPA关闭,preventive,项目经理,FRM-013,approved
PLN-008-C011,PLN-008,人员授权,detective,项目经理,FRM-013,approved
PLN-008-C012,PLN-008,节点健康,corrective,项目经理,FRM-013,approved
PLN-008-C013,PLN-008,安全事件,preventive,项目经理,FRM-013,approved
PLN-008-C014,PLN-008,预算执行,detective,项目经理,FRM-013,approved
PLN-008-C015,PLN-008,供应商SLA,corrective,项目经理,FRM-013,approved
PLN-008-C016,PLN-008,试点反馈,preventive,项目经理,FRM-013,approved
PLN-008-C017,PLN-008,监管待确认项,detective,项目经理,FRM-013,approved
PLN-008-C018,PLN-008,数据脱敏,corrective,项目经理,FRM-013,approved
