requirement_id,document_id,topic,requirement,priority,owner,status
REQ-GOV001-001,GOV-001,使命与价值主张,“使命与价值主张”应被拆分为可验证步骤；每一步都要指定责任角色、前置条件、执行记录、异常分支和完成定义。,P0,项目负责人,generated_unreviewed
REQ-GOV001-002,GOV-001,0301/0302优先范围,对“0301/0302优先范围”的判断不得仅依赖界面展示或供应商结论，关键事实应能够回溯至原始对象、协议字段或受控记录。,P0,项目负责人,generated_unreviewed
REQ-GOV001-003,GOV-001,首批链范围,实施“首批链范围”时应优先保证可重现性和证据完整性，而不是追求最大覆盖率；无法满足前提时输出拒绝结论。,P0,项目负责人,generated_unreviewed
REQ-GOV001-004,GOV-001,证据级成功标准,“证据级成功标准”发生变更后，应重新执行影响分析、回归验证和人员授权确认，历史案件是否受影响必须形成书面结论。,P0,项目负责人,generated_unreviewed
REQ-GOV001-005,GOV-001,阶段门授权,“阶段门授权”的验收必须包含正常、边界、冲突、恶意和历史回归样本，并由未参与实现的人员独立复核。,P0,项目负责人,generated_unreviewed
REQ-GOV001-006,GOV-001,对外承诺边界,围绕“对外承诺边界”，项目章程必须保留输入来源、处理规则、输出结果和复核证据，任何不可解释的缺口均不得由默认值掩盖。,P1,项目负责人,generated_unreviewed
REQ-GOV001-007,GOV-001,资源优先级,“资源优先级”应被拆分为可验证步骤；每一步都要指定责任角色、前置条件、执行记录、异常分支和完成定义。,P1,项目负责人,generated_unreviewed
REQ-GOV001-008,GOV-001,试点退出条件,对“试点退出条件”的判断不得仅依赖界面展示或供应商结论，关键事实应能够回溯至原始对象、协议字段或受控记录。,P1,项目负责人,generated_unreviewed
REQ-GOV001-009,GOV-001,重大风险升级,实施“重大风险升级”时应优先保证可重现性和证据完整性，而不是追求最大覆盖率；无法满足前提时输出拒绝结论。,P1,项目负责人,generated_unreviewed
REQ-GOV001-010,GOV-001,项目终止条件,“项目终止条件”发生变更后，应重新执行影响分析、回归验证和人员授权确认，历史案件是否受影响必须形成书面结论。,P1,项目负责人,generated_unreviewed
REQ-GOV001-011,GOV-001,利益相关方沟通,“利益相关方沟通”的验收必须包含正常、边界、冲突、恶意和历史回归样本，并由未参与实现的人员独立复核。,P1,项目负责人,generated_unreviewed
REQ-GOV001-012,GOV-001,年度目标冻结,围绕“年度目标冻结”，项目章程必须保留输入来源、处理规则、输出结果和复核证据，任何不可解释的缺口均不得由默认值掩盖。,P1,项目负责人,generated_unreviewed
REQ-GOV002-001,GOV-002,文件层级定义,“文件层级定义”应被拆分为可验证步骤；每一步都要指定责任角色、前置条件、执行记录、异常分支和完成定义。,P0,质量负责人,generated_unreviewed
REQ-GOV002-002,GOV-002,单一权威来源,对“单一权威来源”的判断不得仅依赖界面展示或供应商结论，关键事实应能够回溯至原始对象、协议字段或受控记录。,P0,质量负责人,generated_unreviewed
REQ-GOV002-003,GOV-002,文件编号规则,实施“文件编号规则”时应优先保证可重现性和证据完整性，而不是追求最大覆盖率；无法满足前提时输出拒绝结论。,P0,质量负责人,generated_unreviewed
REQ-GOV002-004,GOV-002,主文档与附件关系,“主文档与附件关系”发生变更后，应重新执行影响分析、回归验证和人员授权确认，历史案件是否受影响必须形成书面结论。,P0,质量负责人,generated_unreviewed
REQ-GOV002-005,GOV-002,版本状态,“版本状态”的验收必须包含正常、边界、冲突、恶意和历史回归样本，并由未参与实现的人员独立复核。,P0,质量负责人,generated_unreviewed
REQ-GOV002-006,GOV-002,批准权限,围绕“批准权限”，文档层级与单一权威来源必须保留输入来源、处理规则、输出结果和复核证据，任何不可解释的缺口均不得由默认值掩盖。,P1,质量负责人,generated_unreviewed
REQ-GOV002-007,GOV-002,外来文件控制,“外来文件控制”应被拆分为可验证步骤；每一步都要指定责任角色、前置条件、执行记录、异常分支和完成定义。,P1,质量负责人,generated_unreviewed
REQ-GOV002-008,GOV-002,引用与链接,对“引用与链接”的判断不得仅依赖界面展示或供应商结论，关键事实应能够回溯至原始对象、协议字段或受控记录。,P1,质量负责人,generated_unreviewed
REQ-GOV002-009,GOV-002,废止与归档,实施“废止与归档”时应优先保证可重现性和证据完整性，而不是追求最大覆盖率；无法满足前提时输出拒绝结论。,P1,质量负责人,generated_unreviewed
REQ-GOV002-010,GOV-002,受控副本,“受控副本”发生变更后，应重新执行影响分析、回归验证和人员授权确认，历史案件是否受影响必须形成书面结论。,P1,质量负责人,generated_unreviewed
REQ-GOV002-011,GOV-002,机器可读索引,“机器可读索引”的验收必须包含正常、边界、冲突、恶意和历史回归样本，并由未参与实现的人员独立复核。,P1,质量负责人,generated_unreviewed
REQ-GOV002-012,GOV-002,文档冲突处理,围绕“文档冲突处理”，文档层级与单一权威来源必须保留输入来源、处理规则、输出结果和复核证据，任何不可解释的缺口均不得由默认值掩盖。,P1,质量负责人,generated_unreviewed
REQ-GOV002-013,GOV-002,发布渠道,“发布渠道”应被拆分为可验证步骤；每一步都要指定责任角色、前置条件、执行记录、异常分支和完成定义。,P2,质量负责人,generated_unreviewed
REQ-GOV002-014,GOV-002,历史版本检索,对“历史版本检索”的判断不得仅依赖界面展示或供应商结论，关键事实应能够回溯至原始对象、协议字段或受控记录。,P2,质量负责人,generated_unreviewed
REQ-GOV003-001,GOV-003,管理层责任,“管理层责任”应被拆分为可验证步骤；每一步都要指定责任角色、前置条件、执行记录、异常分支和完成定义。,P0,项目负责人,generated_unreviewed
REQ-GOV003-002,GOV-003,项目负责人权限,对“项目负责人权限”的判断不得仅依赖界面展示或供应商结论，关键事实应能够回溯至原始对象、协议字段或受控记录。,P0,项目负责人,generated_unreviewed
REQ-GOV003-003,GOV-003,质量负责人独立性,实施“质量负责人独立性”时应优先保证可重现性和证据完整性，而不是追求最大覆盖率；无法满足前提时输出拒绝结论。,P0,项目负责人,generated_unreviewed
REQ-GOV003-004,GOV-003,技术负责人职责,“技术负责人职责”发生变更后，应重新执行影响分析、回归验证和人员授权确认，历史案件是否受影响必须形成书面结论。,P0,项目负责人,generated_unreviewed
REQ-GOV003-005,GOV-003,方法负责人职责,“方法负责人职责”的验收必须包含正常、边界、冲突、恶意和历史回归样本，并由未参与实现的人员独立复核。,P0,项目负责人,generated_unreviewed
REQ-GOV003-006,GOV-003,安全负责人职责,围绕“安全负责人职责”，治理组织与RACI必须保留输入来源、处理规则、输出结果和复核证据，任何不可解释的缺口均不得由默认值掩盖。,P1,项目负责人,generated_unreviewed
REQ-GOV003-007,GOV-003,数据管理员职责,“数据管理员职责”应被拆分为可验证步骤；每一步都要指定责任角色、前置条件、执行记录、异常分支和完成定义。,P1,项目负责人,generated_unreviewed
REQ-GOV003-008,GOV-003,实验室负责人职责,对“实验室负责人职责”的判断不得仅依赖界面展示或供应商结论，关键事实应能够回溯至原始对象、协议字段或受控记录。,P1,项目负责人,generated_unreviewed
REQ-GOV003-009,GOV-003,鉴定人候选人员职责,实施“鉴定人候选人员职责”时应优先保证可重现性和证据完整性，而不是追求最大覆盖率；无法满足前提时输出拒绝结论。,P1,项目负责人,generated_unreviewed
REQ-GOV003-010,GOV-003,研发人员边界,“研发人员边界”发生变更后，应重新执行影响分析、回归验证和人员授权确认，历史案件是否受影响必须形成书面结论。,P1,项目负责人,generated_unreviewed
REQ-GOV003-011,GOV-003,复核人员独立性,“复核人员独立性”的验收必须包含正常、边界、冲突、恶意和历史回归样本，并由未参与实现的人员独立复核。,P1,项目负责人,generated_unreviewed
REQ-GOV003-012,GOV-003,授权签字人准备,围绕“授权签字人准备”，治理组织与RACI必须保留输入来源、处理规则、输出结果和复核证据，任何不可解释的缺口均不得由默认值掩盖。,P1,项目负责人,generated_unreviewed
REQ-GOV003-013,GOV-003,供应商管理责任,“供应商管理责任”应被拆分为可验证步骤；每一步都要指定责任角色、前置条件、执行记录、异常分支和完成定义。,P2,项目负责人,generated_unreviewed
REQ-GOV003-014,GOV-003,对外沟通授权,对“对外沟通授权”的判断不得仅依赖界面展示或供应商结论，关键事实应能够回溯至原始对象、协议字段或受控记录。,P2,项目负责人,generated_unreviewed
REQ-GOV003-015,GOV-003,人员替补机制,实施“人员替补机制”时应优先保证可重现性和证据完整性，而不是追求最大覆盖率；无法满足前提时输出拒绝结论。,P2,项目负责人,generated_unreviewed
REQ-GOV004-001,GOV-004,变更分类,“变更分类”应被拆分为可验证步骤；每一步都要指定责任角色、前置条件、执行记录、异常分支和完成定义。,P0,质量负责人,generated_unreviewed
REQ-GOV004-002,GOV-004,紧急变更,对“紧急变更”的判断不得仅依赖界面展示或供应商结论，关键事实应能够回溯至原始对象、协议字段或受控记录。,P0,质量负责人,generated_unreviewed
REQ-GOV004-003,GOV-004,法规变更,实施“法规变更”时应优先保证可重现性和证据完整性，而不是追求最大覆盖率；无法满足前提时输出拒绝结论。,P0,质量负责人,generated_unreviewed
REQ-GOV004-004,GOV-004,协议升级,“协议升级”发生变更后，应重新执行影响分析、回归验证和人员授权确认，历史案件是否受影响必须形成书面结论。,P0,质量负责人,generated_unreviewed
REQ-GOV004-005,GOV-004,节点客户端升级,“节点客户端升级”的验收必须包含正常、边界、冲突、恶意和历史回归样本，并由未参与实现的人员独立复核。,P0,质量负责人,generated_unreviewed
REQ-GOV004-006,GOV-004,工具版本升级,围绕“工具版本升级”，变更控制规程必须保留输入来源、处理规则、输出结果和复核证据，任何不可解释的缺口均不得由默认值掩盖。,P1,质量负责人,generated_unreviewed
REQ-GOV004-007,GOV-004,算法规则变更,“算法规则变更”应被拆分为可验证步骤；每一步都要指定责任角色、前置条件、执行记录、异常分支和完成定义。,P1,质量负责人,generated_unreviewed
REQ-GOV004-008,GOV-004,标签库变更,对“标签库变更”的判断不得仅依赖界面展示或供应商结论，关键事实应能够回溯至原始对象、协议字段或受控记录。,P1,质量负责人,generated_unreviewed
REQ-GOV004-009,GOV-004,数据模式变更,实施“数据模式变更”时应优先保证可重现性和证据完整性，而不是追求最大覆盖率；无法满足前提时输出拒绝结论。,P1,质量负责人,generated_unreviewed
REQ-GOV004-010,GOV-004,场所设备变更,“场所设备变更”发生变更后，应重新执行影响分析、回归验证和人员授权确认，历史案件是否受影响必须形成书面结论。,P1,质量负责人,generated_unreviewed
REQ-GOV004-011,GOV-004,人员授权变更,“人员授权变更”的验收必须包含正常、边界、冲突、恶意和历史回归样本，并由未参与实现的人员独立复核。,P1,质量负责人,generated_unreviewed
REQ-GOV004-012,GOV-004,供应商变更,围绕“供应商变更”，变更控制规程必须保留输入来源、处理规则、输出结果和复核证据，任何不可解释的缺口均不得由默认值掩盖。,P1,质量负责人,generated_unreviewed
REQ-GOV004-013,GOV-004,影响分析,“影响分析”应被拆分为可验证步骤；每一步都要指定责任角色、前置条件、执行记录、异常分支和完成定义。,P2,质量负责人,generated_unreviewed
REQ-GOV004-014,GOV-004,验证深度,对“验证深度”的判断不得仅依赖界面展示或供应商结论，关键事实应能够回溯至原始对象、协议字段或受控记录。,P2,质量负责人,generated_unreviewed
REQ-GOV004-015,GOV-004,回退计划,实施“回退计划”时应优先保证可重现性和证据完整性，而不是追求最大覆盖率；无法满足前提时输出拒绝结论。,P2,质量负责人,generated_unreviewed
REQ-GOV004-016,GOV-004,历史案件影响,“历史案件影响”发生变更后，应重新执行影响分析、回归验证和人员授权确认，历史案件是否受影响必须形成书面结论。,P2,质量负责人,generated_unreviewed
REQ-GOV004-017,GOV-004,发布窗口,“发布窗口”的验收必须包含正常、边界、冲突、恶意和历史回归样本，并由未参与实现的人员独立复核。,P2,质量负责人,generated_unreviewed
REQ-GOV004-018,GOV-004,变更关闭,围绕“变更关闭”，变更控制规程必须保留输入来源、处理规则、输出结果和复核证据，任何不可解释的缺口均不得由默认值掩盖。,P2,质量负责人,generated_unreviewed
REQ-GOV005-001,GOV-005,决策登记,“决策登记”应被拆分为可验证步骤；每一步都要指定责任角色、前置条件、执行记录、异常分支和完成定义。,P0,项目负责人,generated_unreviewed
REQ-GOV005-002,GOV-005,假设登记,对“假设登记”的判断不得仅依赖界面展示或供应商结论，关键事实应能够回溯至原始对象、协议字段或受控记录。,P0,项目负责人,generated_unreviewed
REQ-GOV005-003,GOV-005,例外申请,实施“例外申请”时应优先保证可重现性和证据完整性，而不是追求最大覆盖率；无法满足前提时输出拒绝结论。,P0,项目负责人,generated_unreviewed
REQ-GOV005-004,GOV-005,监管待确认项,“监管待确认项”发生变更后，应重新执行影响分析、回归验证和人员授权确认，历史案件是否受影响必须形成书面结论。,P0,项目负责人,generated_unreviewed
REQ-GOV005-005,GOV-005,技术债务,“技术债务”的验收必须包含正常、边界、冲突、恶意和历史回归样本，并由未参与实现的人员独立复核。,P0,项目负责人,generated_unreviewed
REQ-GOV005-006,GOV-005,有效期,围绕“有效期”，决策、假设与例外管理必须保留输入来源、处理规则、输出结果和复核证据，任何不可解释的缺口均不得由默认值掩盖。,P1,项目负责人,generated_unreviewed
REQ-GOV005-007,GOV-005,补偿控制,“补偿控制”应被拆分为可验证步骤；每一步都要指定责任角色、前置条件、执行记录、异常分支和完成定义。,P1,项目负责人,generated_unreviewed
REQ-GOV005-008,GOV-005,风险接受,对“风险接受”的判断不得仅依赖界面展示或供应商结论，关键事实应能够回溯至原始对象、协议字段或受控记录。,P1,项目负责人,generated_unreviewed
REQ-GOV005-009,GOV-005,否决权,实施“否决权”时应优先保证可重现性和证据完整性，而不是追求最大覆盖率；无法满足前提时输出拒绝结论。,P1,项目负责人,generated_unreviewed
REQ-GOV005-010,GOV-005,延期批准,“延期批准”发生变更后，应重新执行影响分析、回归验证和人员授权确认，历史案件是否受影响必须形成书面结论。,P1,项目负责人,generated_unreviewed
REQ-GOV005-011,GOV-005,关闭证据,“关闭证据”的验收必须包含正常、边界、冲突、恶意和历史回归样本，并由未参与实现的人员独立复核。,P1,项目负责人,generated_unreviewed
REQ-GOV005-012,GOV-005,关联需求,围绕“关联需求”，决策、假设与例外管理必须保留输入来源、处理规则、输出结果和复核证据，任何不可解释的缺口均不得由默认值掩盖。,P1,项目负责人,generated_unreviewed
REQ-GOV005-013,GOV-005,外部依赖,“外部依赖”应被拆分为可验证步骤；每一步都要指定责任角色、前置条件、执行记录、异常分支和完成定义。,P2,项目负责人,generated_unreviewed
REQ-GOV005-014,GOV-005,升级阈值,对“升级阈值”的判断不得仅依赖界面展示或供应商结论，关键事实应能够回溯至原始对象、协议字段或受控记录。,P2,项目负责人,generated_unreviewed
REQ-GOV005-015,GOV-005,公开沟通边界,实施“公开沟通边界”时应优先保证可重现性和证据完整性，而不是追求最大覆盖率；无法满足前提时输出拒绝结论。,P2,项目负责人,generated_unreviewed
REQ-GOV006-001,GOV-006,证据包完整率,“证据包完整率”应被拆分为可验证步骤；每一步都要指定责任角色、前置条件、执行记录、异常分支和完成定义。,P0,质量负责人,generated_unreviewed
REQ-GOV006-002,GOV-006,独立复现通过率,对“独立复现通过率”的判断不得仅依赖界面展示或供应商结论，关键事实应能够回溯至原始对象、协议字段或受控记录。,P0,质量负责人,generated_unreviewed
REQ-GOV006-003,GOV-006,关键字段一致率,实施“关键字段一致率”时应优先保证可重现性和证据完整性，而不是追求最大覆盖率；无法满足前提时输出拒绝结论。,P0,质量负责人,generated_unreviewed
REQ-GOV006-004,GOV-006,工具回归通过率,“工具回归通过率”发生变更后，应重新执行影响分析、回归验证和人员授权确认，历史案件是否受影响必须形成书面结论。,P0,质量负责人,generated_unreviewed
REQ-GOV006-005,GOV-006,方法拒绝率,“方法拒绝率”的验收必须包含正常、边界、冲突、恶意和历史回归样本，并由未参与实现的人员独立复核。,P0,质量负责人,generated_unreviewed
REQ-GOV006-006,GOV-006,越界措辞缺陷率,围绕“越界措辞缺陷率”，质量目标与KPI必须保留输入来源、处理规则、输出结果和复核证据，任何不可解释的缺口均不得由默认值掩盖。,P1,质量负责人,generated_unreviewed
REQ-GOV006-007,GOV-006,CAPA按期关闭率,“CAPA按期关闭率”应被拆分为可验证步骤；每一步都要指定责任角色、前置条件、执行记录、异常分支和完成定义。,P1,质量负责人,generated_unreviewed
REQ-GOV006-008,GOV-006,内审问题复发率,对“内审问题复发率”的判断不得仅依赖界面展示或供应商结论，关键事实应能够回溯至原始对象、协议字段或受控记录。,P1,质量负责人,generated_unreviewed
REQ-GOV006-009,GOV-006,人员授权有效率,实施“人员授权有效率”时应优先保证可重现性和证据完整性，而不是追求最大覆盖率；无法满足前提时输出拒绝结论。,P1,质量负责人,generated_unreviewed
REQ-GOV006-010,GOV-006,供应商合格率,“供应商合格率”发生变更后，应重新执行影响分析、回归验证和人员授权确认，历史案件是否受影响必须形成书面结论。,P1,质量负责人,generated_unreviewed
REQ-GOV006-011,GOV-006,数据源可用率,“数据源可用率”的验收必须包含正常、边界、冲突、恶意和历史回归样本，并由未参与实现的人员独立复核。,P1,质量负责人,generated_unreviewed
REQ-GOV006-012,GOV-006,备份恢复成功率,围绕“备份恢复成功率”，质量目标与KPI必须保留输入来源、处理规则、输出结果和复核证据，任何不可解释的缺口均不得由默认值掩盖。,P1,质量负责人,generated_unreviewed
REQ-GOV006-013,GOV-006,报告退回率,“报告退回率”应被拆分为可验证步骤；每一步都要指定责任角色、前置条件、执行记录、异常分支和完成定义。,P2,质量负责人,generated_unreviewed
REQ-GOV006-014,GOV-006,客户投诉率,对“客户投诉率”的判断不得仅依赖界面展示或供应商结论，关键事实应能够回溯至原始对象、协议字段或受控记录。,P2,质量负责人,generated_unreviewed
REQ-GOV006-015,GOV-006,安全事件率,实施“安全事件率”时应优先保证可重现性和证据完整性，而不是追求最大覆盖率；无法满足前提时输出拒绝结论。,P2,质量负责人,generated_unreviewed
REQ-GOV006-016,GOV-006,监管查新及时率,“监管查新及时率”发生变更后，应重新执行影响分析、回归验证和人员授权确认，历史案件是否受影响必须形成书面结论。,P2,质量负责人,generated_unreviewed
REQ-GOV007-001,GOV-007,语义版本,“语义版本”应被拆分为可验证步骤；每一步都要指定责任角色、前置条件、执行记录、异常分支和完成定义。,P0,配置管理员,generated_unreviewed
REQ-GOV007-002,GOV-007,生产基线,对“生产基线”的判断不得仅依赖界面展示或供应商结论，关键事实应能够回溯至原始对象、协议字段或受控记录。,P0,配置管理员,generated_unreviewed
REQ-GOV007-003,GOV-007,候选版本,实施“候选版本”时应优先保证可重现性和证据完整性，而不是追求最大覆盖率；无法满足前提时输出拒绝结论。,P0,配置管理员,generated_unreviewed
REQ-GOV007-004,GOV-007,实验版本,“实验版本”发生变更后，应重新执行影响分析、回归验证和人员授权确认，历史案件是否受影响必须形成书面结论。,P0,配置管理员,generated_unreviewed
REQ-GOV007-005,GOV-007,发布清单,“发布清单”的验收必须包含正常、边界、冲突、恶意和历史回归样本，并由未参与实现的人员独立复核。,P0,配置管理员,generated_unreviewed
REQ-GOV007-006,GOV-007,构建可重现,围绕“构建可重现”，发布、基线与版本政策必须保留输入来源、处理规则、输出结果和复核证据，任何不可解释的缺口均不得由默认值掩盖。,P1,配置管理员,generated_unreviewed
REQ-GOV007-007,GOV-007,依赖锁定,“依赖锁定”应被拆分为可验证步骤；每一步都要指定责任角色、前置条件、执行记录、异常分支和完成定义。,P1,配置管理员,generated_unreviewed
REQ-GOV007-008,GOV-007,制品哈希,对“制品哈希”的判断不得仅依赖界面展示或供应商结论，关键事实应能够回溯至原始对象、协议字段或受控记录。,P1,配置管理员,generated_unreviewed
REQ-GOV007-009,GOV-007,签名与批准,实施“签名与批准”时应优先保证可重现性和证据完整性，而不是追求最大覆盖率；无法满足前提时输出拒绝结论。,P1,配置管理员,generated_unreviewed
REQ-GOV007-010,GOV-007,回滚包,“回滚包”发生变更后，应重新执行影响分析、回归验证和人员授权确认，历史案件是否受影响必须形成书面结论。,P1,配置管理员,generated_unreviewed
REQ-GOV007-011,GOV-007,长期归档,“长期归档”的验收必须包含正常、边界、冲突、恶意和历史回归样本，并由未参与实现的人员独立复核。,P1,配置管理员,generated_unreviewed
REQ-GOV007-012,GOV-007,兼容性声明,围绕“兼容性声明”，发布、基线与版本政策必须保留输入来源、处理规则、输出结果和复核证据，任何不可解释的缺口均不得由默认值掩盖。,P1,配置管理员,generated_unreviewed
REQ-GOV007-013,GOV-007,弃用通知,“弃用通知”应被拆分为可验证步骤；每一步都要指定责任角色、前置条件、执行记录、异常分支和完成定义。,P2,配置管理员,generated_unreviewed
REQ-GOV007-014,GOV-007,历史案件复现,对“历史案件复现”的判断不得仅依赖界面展示或供应商结论，关键事实应能够回溯至原始对象、协议字段或受控记录。,P2,配置管理员,generated_unreviewed
REQ-GOV007-015,GOV-007,紧急撤回,实施“紧急撤回”时应优先保证可重现性和证据完整性，而不是追求最大覆盖率；无法满足前提时输出拒绝结论。,P2,配置管理员,generated_unreviewed
REQ-REG001-001,REG-001,CMA行政许可性质,“CMA行政许可性质”应被拆分为可验证步骤；每一步都要指定责任角色、前置条件、执行记录、异常分支和完成定义。,P0,合规负责人,generated_unreviewed
REQ-REG001-002,REG-001,CNAS自愿认可性质,对“CNAS自愿认可性质”的判断不得仅依赖界面展示或供应商结论，关键事实应能够回溯至原始对象、协议字段或受控记录。,P0,合规负责人,generated_unreviewed
REQ-REG001-003,REG-001,司法鉴定机构登记,实施“司法鉴定机构登记”时应优先保证可重现性和证据完整性，而不是追求最大覆盖率；无法满足前提时输出拒绝结论。,P0,合规负责人,generated_unreviewed
REQ-REG001-004,REG-001,司法鉴定人登记,“司法鉴定人登记”发生变更后，应重新执行影响分析、回归验证和人员授权确认，历史案件是否受影响必须形成书面结论。,P0,合规负责人,generated_unreviewed
REQ-REG001-005,REG-001,0301存在性鉴定,“0301存在性鉴定”的验收必须包含正常、边界、冲突、恶意和历史回归样本，并由未参与实现的人员独立复核。,P0,合规负责人,generated_unreviewed
REQ-REG001-006,REG-001,0302真实性鉴定,围绕“0302真实性鉴定”，监管制度关系图必须保留输入来源、处理规则、输出结果和复核证据，任何不可解释的缺口均不得由默认值掩盖。,P1,合规负责人,generated_unreviewed
REQ-REG001-007,REG-001,0303功能性鉴定,“0303功能性鉴定”应被拆分为可验证步骤；每一步都要指定责任角色、前置条件、执行记录、异常分支和完成定义。,P1,合规负责人,generated_unreviewed
REQ-REG001-008,REG-001,0304相似性鉴定,对“0304相似性鉴定”的判断不得仅依赖界面展示或供应商结论，关键事实应能够回溯至原始对象、协议字段或受控记录。,P1,合规负责人,generated_unreviewed
REQ-REG001-009,REG-001,诉讼证据真实性审查,实施“诉讼证据真实性审查”时应优先保证可重现性和证据完整性，而不是追求最大覆盖率；无法满足前提时输出拒绝结论。,P1,合规负责人,generated_unreviewed
REQ-REG001-010,REG-001,合法性审查,“合法性审查”发生变更后，应重新执行影响分析、回归验证和人员授权确认，历史案件是否受影响必须形成书面结论。,P1,合规负责人,generated_unreviewed
REQ-REG001-011,REG-001,关联性审查,“关联性审查”的验收必须包含正常、边界、冲突、恶意和历史回归样本，并由未参与实现的人员独立复核。,P1,合规负责人,generated_unreviewed
REQ-REG001-012,REG-001,技术报告与鉴定意见区别,围绕“技术报告与鉴定意见区别”，监管制度关系图必须保留输入来源、处理规则、输出结果和复核证据，任何不可解释的缺口均不得由默认值掩盖。,P1,合规负责人,generated_unreviewed
REQ-REG001-013,REG-001,检测报告与鉴定意见区别,“检测报告与鉴定意见区别”应被拆分为可验证步骤；每一步都要指定责任角色、前置条件、执行记录、异常分支和完成定义。,P2,合规负责人,generated_unreviewed
REQ-REG001-014,REG-001,机构许可与个人许可关系,对“机构许可与个人许可关系”的判断不得仅依赖界面展示或供应商结论，关键事实应能够回溯至原始对象、协议字段或受控记录。,P2,合规负责人,generated_unreviewed
REQ-REG001-015,REG-001,地方审批与国家认可关系,实施“地方审批与国家认可关系”时应优先保证可重现性和证据完整性，而不是追求最大覆盖率；无法满足前提时输出拒绝结论。,P2,合规负责人,generated_unreviewed
REQ-REG002-001,REG-002,事项清单查询,“事项清单查询”应被拆分为可验证步骤；每一步都要指定责任角色、前置条件、执行记录、异常分支和完成定义。,P0,合规负责人,generated_unreviewed
REQ-REG002-002,REG-002,能力项目库查询,对“能力项目库查询”的判断不得仅依赖界面展示或供应商结论，关键事实应能够回溯至原始对象、协议字段或受控记录。,P0,合规负责人,generated_unreviewed
REQ-REG002-003,REG-002,审批决定时点,实施“审批决定时点”时应优先保证可重现性和证据完整性，而不是追求最大覆盖率；无法满足前提时输出拒绝结论。,P0,合规负责人,generated_unreviewed
REQ-REG002-004,REG-002,标准现行性,“标准现行性”发生变更后，应重新执行影响分析、回归验证和人员授权确认，历史案件是否受影响必须形成书面结论。,P0,合规负责人,generated_unreviewed
REQ-REG002-005,REG-002,对象项目参数表述,“对象项目参数表述”的验收必须包含正常、边界、冲突、恶意和历史回归样本，并由未参与实现的人员独立复核。,P0,合规负责人,generated_unreviewed
REQ-REG002-006,REG-002,限制范围,围绕“限制范围”，CMA一单一库能力决策与申报准备必须保留输入来源、处理规则、输出结果和复核证据，任何不可解释的缺口均不得由默认值掩盖。,P1,合规负责人,generated_unreviewed
REQ-REG002-007,REG-002,库外项目服务,“库外项目服务”应被拆分为可验证步骤；每一步都要指定责任角色、前置条件、执行记录、异常分支和完成定义。,P1,合规负责人,generated_unreviewed
REQ-REG002-008,REG-002,CMA标志禁止使用,对“CMA标志禁止使用”的判断不得仅依赖界面展示或供应商结论，关键事实应能够回溯至原始对象、协议字段或受控记录。,P1,合规负责人,generated_unreviewed
REQ-REG002-009,REG-002,旧证书过渡,实施“旧证书过渡”时应优先保证可重现性和证据完整性，而不是追求最大覆盖率；无法满足前提时输出拒绝结论。,P1,合规负责人,generated_unreviewed
REQ-REG002-010,REG-002,动态调整建议,“动态调整建议”发生变更后，应重新执行影响分析、回归验证和人员授权确认，历史案件是否受影响必须形成书面结论。,P1,合规负责人,generated_unreviewed
REQ-REG002-011,REG-002,三家机构联合建议,“三家机构联合建议”的验收必须包含正常、边界、冲突、恶意和历史回归样本，并由未参与实现的人员独立复核。,P1,合规负责人,generated_unreviewed
REQ-REG002-012,REG-002,沙盒研究,围绕“沙盒研究”，CMA一单一库能力决策与申报准备必须保留输入来源、处理规则、输出结果和复核证据，任何不可解释的缺口均不得由默认值掩盖。,P1,合规负责人,generated_unreviewed
REQ-REG002-013,REG-002,申请材料冻结,“申请材料冻结”应被拆分为可验证步骤；每一步都要指定责任角色、前置条件、执行记录、异常分支和完成定义。,P2,合规负责人,generated_unreviewed
REQ-REG002-014,REG-002,评审范围一致性,对“评审范围一致性”的判断不得仅依赖界面展示或供应商结论，关键事实应能够回溯至原始对象、协议字段或受控记录。,P2,合规负责人,generated_unreviewed
REQ-REG002-015,REG-002,报告模板控制,实施“报告模板控制”时应优先保证可重现性和证据完整性，而不是追求最大覆盖率；无法满足前提时输出拒绝结论。,P2,合规负责人,generated_unreviewed
REQ-REG002-016,REG-002,宣传审查,“宣传审查”发生变更后，应重新执行影响分析、回归验证和人员授权确认，历史案件是否受影响必须形成书面结论。,P2,合规负责人,generated_unreviewed
REQ-REG002-017,REG-002,证书到期管理,“证书到期管理”的验收必须包含正常、边界、冲突、恶意和历史回归样本，并由未参与实现的人员独立复核。,P2,合规负责人,generated_unreviewed
REQ-REG003-001,REG-003,法律地位,“法律地位”应被拆分为可验证步骤；每一步都要指定责任角色、前置条件、执行记录、异常分支和完成定义。,P0,质量负责人,generated_unreviewed
REQ-REG003-002,REG-003,管理体系六个月运行,对“管理体系六个月运行”的判断不得仅依赖界面展示或供应商结论，关键事实应能够回溯至原始对象、协议字段或受控记录。,P0,质量负责人,generated_unreviewed
REQ-REG003-003,REG-003,完整内审,实施“完整内审”时应优先保证可重现性和证据完整性，而不是追求最大覆盖率；无法满足前提时输出拒绝结论。,P0,质量负责人,generated_unreviewed
REQ-REG003-004,REG-003,管理评审,“管理评审”发生变更后，应重新执行影响分析、回归验证和人员授权确认，历史案件是否受影响必须形成书面结论。,P0,质量负责人,generated_unreviewed
REQ-REG003-005,REG-003,全部体系要素记录,“全部体系要素记录”的验收必须包含正常、边界、冲突、恶意和历史回归样本，并由未参与实现的人员独立复核。,P0,质量负责人,generated_unreviewed
REQ-REG003-006,REG-003,能力验证规则,围绕“能力验证规则”，CNAS司法鉴定认可准备必须保留输入来源、处理规则、输出结果和复核证据，任何不可解释的缺口均不得由默认值掩盖。,P1,质量负责人,generated_unreviewed
REQ-REG003-007,REG-003,授权签字人资格,“授权签字人资格”应被拆分为可验证步骤；每一步都要指定责任角色、前置条件、执行记录、异常分支和完成定义。,P1,质量负责人,generated_unreviewed
REQ-REG003-008,REG-003,人员资源,对“人员资源”的判断不得仅依赖界面展示或供应商结论，关键事实应能够回溯至原始对象、协议字段或受控记录。,P1,质量负责人,generated_unreviewed
REQ-REG003-009,REG-003,设备量值溯源,实施“设备量值溯源”时应优先保证可重现性和证据完整性，而不是追求最大覆盖率；无法满足前提时输出拒绝结论。,P1,质量负责人,generated_unreviewed
REQ-REG003-010,REG-003,申请项目鉴定经历,“申请项目鉴定经历”发生变更后，应重新执行影响分析、回归验证和人员授权确认，历史案件是否受影响必须形成书面结论。,P1,质量负责人,generated_unreviewed
REQ-REG003-011,REG-003,受理要求,“受理要求”的验收必须包含正常、边界、冲突、恶意和历史回归样本，并由未参与实现的人员独立复核。,P1,质量负责人,generated_unreviewed
REQ-REG003-012,REG-003,能力范围表述,围绕“能力范围表述”，CNAS司法鉴定认可准备必须保留输入来源、处理规则、输出结果和复核证据，任何不可解释的缺口均不得由默认值掩盖。,P1,质量负责人,generated_unreviewed
REQ-REG003-013,REG-003,领域分类,“领域分类”应被拆分为可验证步骤；每一步都要指定责任角色、前置条件、执行记录、异常分支和完成定义。,P2,质量负责人,generated_unreviewed
REQ-REG003-014,REG-003,仪器配置,对“仪器配置”的判断不得仅依赖界面展示或供应商结论，关键事实应能够回溯至原始对象、协议字段或受控记录。,P2,质量负责人,generated_unreviewed
REQ-REG003-015,REG-003,不符合整改,实施“不符合整改”时应优先保证可重现性和证据完整性，而不是追求最大覆盖率；无法满足前提时输出拒绝结论。,P2,质量负责人,generated_unreviewed
REQ-REG003-016,REG-003,现场评审准备,“现场评审准备”发生变更后，应重新执行影响分析、回归验证和人员授权确认，历史案件是否受影响必须形成书面结论。,P2,质量负责人,generated_unreviewed
REQ-REG003-017,REG-003,认可后监督,“认可后监督”的验收必须包含正常、边界、冲突、恶意和历史回归样本，并由未参与实现的人员独立复核。,P2,质量负责人,generated_unreviewed
REQ-REG004-001,REG-004,法人主体条件,“法人主体条件”应被拆分为可验证步骤；每一步都要指定责任角色、前置条件、执行记录、异常分支和完成定义。,P0,合规负责人,generated_unreviewed
REQ-REG004-002,REG-004,固定住所,对“固定住所”的判断不得仅依赖界面展示或供应商结论，关键事实应能够回溯至原始对象、协议字段或受控记录。,P0,合规负责人,generated_unreviewed
REQ-REG004-003,REG-004,资金证明,实施“资金证明”时应优先保证可重现性和证据完整性，而不是追求最大覆盖率；无法满足前提时输出拒绝结论。,P0,合规负责人,generated_unreviewed
REQ-REG004-004,REG-004,业务范围,“业务范围”发生变更后，应重新执行影响分析、回归验证和人员授权确认，历史案件是否受影响必须形成书面结论。,P0,合规负责人,generated_unreviewed
REQ-REG004-005,REG-004,每项业务人员配置,“每项业务人员配置”的验收必须包含正常、边界、冲突、恶意和历史回归样本，并由未参与实现的人员独立复核。,P0,合规负责人,generated_unreviewed
REQ-REG004-006,REG-004,司法鉴定人资格路径,围绕“司法鉴定人资格路径”，司法鉴定机构与人员登记准备必须保留输入来源、处理规则、输出结果和复核证据，任何不可解释的缺口均不得由默认值掩盖。,P1,合规负责人,generated_unreviewed
REQ-REG004-007,REG-004,机构质量体系,“机构质量体系”应被拆分为可验证步骤；每一步都要指定责任角色、前置条件、执行记录、异常分支和完成定义。,P1,合规负责人,generated_unreviewed
REQ-REG004-008,REG-004,设备与实验室,对“设备与实验室”的判断不得仅依赖界面展示或供应商结论，关键事实应能够回溯至原始对象、协议字段或受控记录。,P1,合规负责人,generated_unreviewed
REQ-REG004-009,REG-004,专家评审,实施“专家评审”时应优先保证可重现性和证据完整性，而不是追求最大覆盖率；无法满足前提时输出拒绝结论。,P1,合规负责人,generated_unreviewed
REQ-REG004-010,REG-004,许可证范围,“许可证范围”发生变更后，应重新执行影响分析、回归验证和人员授权确认，历史案件是否受影响必须形成书面结论。,P1,合规负责人,generated_unreviewed
REQ-REG004-011,REG-004,执业证范围,“执业证范围”的验收必须包含正常、边界、冲突、恶意和历史回归样本，并由未参与实现的人员独立复核。,P1,合规负责人,generated_unreviewed
REQ-REG004-012,REG-004,受理回避,围绕“受理回避”，司法鉴定机构与人员登记准备必须保留输入来源、处理规则、输出结果和复核证据，任何不可解释的缺口均不得由默认值掩盖。,P1,合规负责人,generated_unreviewed
REQ-REG004-013,REG-004,鉴定意见签署,“鉴定意见签署”应被拆分为可验证步骤；每一步都要指定责任角色、前置条件、执行记录、异常分支和完成定义。,P2,合规负责人,generated_unreviewed
REQ-REG004-014,REG-004,出庭作证,对“出庭作证”的判断不得仅依赖界面展示或供应商结论，关键事实应能够回溯至原始对象、协议字段或受控记录。,P2,合规负责人,generated_unreviewed
REQ-REG004-015,REG-004,延续变更注销,实施“延续变更注销”时应优先保证可重现性和证据完整性，而不是追求最大覆盖率；无法满足前提时输出拒绝结论。,P2,合规负责人,generated_unreviewed
REQ-REG004-016,REG-004,行政监督,“行政监督”发生变更后，应重新执行影响分析、回归验证和人员授权确认，历史案件是否受影响必须形成书面结论。,P2,合规负责人,generated_unreviewed
REQ-REG004-017,REG-004,未获许可前禁止事项,“未获许可前禁止事项”的验收必须包含正常、边界、冲突、恶意和历史回归样本，并由未参与实现的人员独立复核。,P2,合规负责人,generated_unreviewed
REQ-REG005-001,REG-005,区级初审与市级终审研究,“区级初审与市级终审研究”应被拆分为可验证步骤；每一步都要指定责任角色、前置条件、执行记录、异常分支和完成定义。,P0,合规负责人,generated_unreviewed
REQ-REG005-002,REG-005,固定场所,对“固定场所”的判断不得仅依赖界面展示或供应商结论，关键事实应能够回溯至原始对象、协议字段或受控记录。,P0,合规负责人,generated_unreviewed
REQ-REG005-003,REG-005,案件受理预检室,实施“案件受理预检室”时应优先保证可重现性和证据完整性，而不是追求最大覆盖率；无法满足前提时输出拒绝结论。,P0,合规负责人,generated_unreviewed
REQ-REG005-004,REG-005,样品保管区,“样品保管区”发生变更后，应重新执行影响分析、回归验证和人员授权确认，历史案件是否受影响必须形成书面结论。,P0,合规负责人,generated_unreviewed
REQ-REG005-005,REG-005,防静电分析室,“防静电分析室”的验收必须包含正常、边界、冲突、恶意和历史回归样本，并由未参与实现的人员独立复核。,P0,合规负责人,generated_unreviewed
REQ-REG005-006,REG-005,档案室,围绕“档案室”，北京市设立路径与实验室要求必须保留输入来源、处理规则、输出结果和复核证据，任何不可解释的缺口均不得由默认值掩盖。,P1,合规负责人,generated_unreviewed
REQ-REG005-007,REG-005,UPS,“UPS”应被拆分为可验证步骤；每一步都要指定责任角色、前置条件、执行记录、异常分支和完成定义。,P1,合规负责人,generated_unreviewed
REQ-REG005-008,REG-005,防火防磁防静电存储,对“防火防磁防静电存储”的判断不得仅依赖界面展示或供应商结论，关键事实应能够回溯至原始对象、协议字段或受控记录。,P1,合规负责人,generated_unreviewed
REQ-REG005-009,REG-005,视频监控,实施“视频监控”时应优先保证可重现性和证据完整性，而不是追求最大覆盖率；无法满足前提时输出拒绝结论。,P1,合规负责人,generated_unreviewed
REQ-REG005-010,REG-005,网络数据获取工具,“网络数据获取工具”发生变更后，应重新执行影响分析、回归验证和人员授权确认，历史案件是否受影响必须形成书面结论。,P1,合规负责人,generated_unreviewed
REQ-REG005-011,REG-005,远程服务器分析,“远程服务器分析”的验收必须包含正常、边界、冲突、恶意和历史回归样本，并由未参与实现的人员独立复核。,P1,合规负责人,generated_unreviewed
REQ-REG005-012,REG-005,日志与数据库分析,围绕“日志与数据库分析”，北京市设立路径与实验室要求必须保留输入来源、处理规则、输出结果和复核证据，任何不可解释的缺口均不得由默认值掩盖。,P1,合规负责人,generated_unreviewed
REQ-REG005-013,REG-005,可视化关联分析,“可视化关联分析”应被拆分为可验证步骤；每一步都要指定责任角色、前置条件、执行记录、异常分支和完成定义。,P2,合规负责人,generated_unreviewed
REQ-REG005-014,REG-005,设备所有权,对“设备所有权”的判断不得仅依赖界面展示或供应商结论，关键事实应能够回溯至原始对象、协议字段或受控记录。,P2,合规负责人,generated_unreviewed
REQ-REG005-015,REG-005,校准维护,实施“校准维护”时应优先保证可重现性和证据完整性，而不是追求最大覆盖率；无法满足前提时输出拒绝结论。,P2,合规负责人,generated_unreviewed
REQ-REG005-016,REG-005,专家现场演示,“专家现场演示”发生变更后，应重新执行影响分析、回归验证和人员授权确认，历史案件是否受影响必须形成书面结论。,P2,合规负责人,generated_unreviewed
REQ-REG005-017,REG-005,消防与物理安全,“消防与物理安全”的验收必须包含正常、边界、冲突、恶意和历史回归样本，并由未参与实现的人员独立复核。,P2,合规负责人,generated_unreviewed
REQ-REG005-018,REG-005,筹建顺序书面确认,围绕“筹建顺序书面确认”，北京市设立路径与实验室要求必须保留输入来源、处理规则、输出结果和复核证据，任何不可解释的缺口均不得由默认值掩盖。,P2,合规负责人,generated_unreviewed
REQ-REG006-001,REG-006,原始存储介质,“原始存储介质”应被拆分为可验证步骤；每一步都要指定责任角色、前置条件、执行记录、异常分支和完成定义。,P0,合规负责人,generated_unreviewed
REQ-REG006-002,REG-006,在线提取,对“在线提取”的判断不得仅依赖界面展示或供应商结论，关键事实应能够回溯至原始对象、协议字段或受控记录。,P0,合规负责人,generated_unreviewed
REQ-REG006-003,REG-006,完整性校验值,实施“完整性校验值”时应优先保证可重现性和证据完整性，而不是追求最大覆盖率；无法满足前提时输出拒绝结论。,P0,合规负责人,generated_unreviewed
REQ-REG006-004,REG-006,备份与封存,“备份与封存”发生变更后，应重新执行影响分析、回归验证和人员授权确认，历史案件是否受影响必须形成书面结论。,P0,合规负责人,generated_unreviewed
REQ-REG006-005,REG-006,冻结与访问日志,“冻结与访问日志”的验收必须包含正常、边界、冲突、恶意和历史回归样本，并由未参与实现的人员独立复核。,P0,合规负责人,generated_unreviewed
REQ-REG006-006,REG-006,提取录像,围绕“提取录像”，电子数据收集提取与审查规则转化必须保留输入来源、处理规则、输出结果和复核证据，任何不可解释的缺口均不得由默认值掩盖。,P1,合规负责人,generated_unreviewed
REQ-REG006-007,REG-006,二人操作场景,“二人操作场景”应被拆分为可验证步骤；每一步都要指定责任角色、前置条件、执行记录、异常分支和完成定义。,P1,合规负责人,generated_unreviewed
REQ-REG006-008,REG-006,见证要求研究,对“见证要求研究”的判断不得仅依赖界面展示或供应商结论，关键事实应能够回溯至原始对象、协议字段或受控记录。,P1,合规负责人,generated_unreviewed
REQ-REG006-009,REG-006,笔录与清单,实施“笔录与清单”时应优先保证可重现性和证据完整性，而不是追求最大覆盖率；无法满足前提时输出拒绝结论。,P1,合规负责人,generated_unreviewed
REQ-REG006-010,REG-006,文件格式记录,“文件格式记录”发生变更后，应重新执行影响分析、回归验证和人员授权确认，历史案件是否受影响必须形成书面结论。,P1,合规负责人,generated_unreviewed
REQ-REG006-011,REG-006,写保护,“写保护”的验收必须包含正常、边界、冲突、恶意和历史回归样本，并由未参与实现的人员独立复核。,P1,合规负责人,generated_unreviewed
REQ-REG006-012,REG-006,拆封录像,围绕“拆封录像”，电子数据收集提取与审查规则转化必须保留输入来源、处理规则、输出结果和复核证据，任何不可解释的缺口均不得由默认值掩盖。,P1,合规负责人,generated_unreviewed
REQ-REG006-013,REG-006,检查方法过程结果,“检查方法过程结果”应被拆分为可验证步骤；每一步都要指定责任角色、前置条件、执行记录、异常分支和完成定义。,P2,合规负责人,generated_unreviewed
REQ-REG006-014,REG-006,可重现性,对“可重现性”的判断不得仅依赖界面展示或供应商结论，关键事实应能够回溯至原始对象、协议字段或受控记录。,P2,合规负责人,generated_unreviewed
REQ-REG006-015,REG-006,增加删除修改说明,实施“增加删除修改说明”时应优先保证可重现性和证据完整性，而不是追求最大覆盖率；无法满足前提时输出拒绝结论。,P2,合规负责人,generated_unreviewed
REQ-REG006-016,REG-006,网络身份综合判断,“网络身份综合判断”发生变更后，应重新执行影响分析、回归验证和人员授权确认，历史案件是否受影响必须形成书面结论。,P2,合规负责人,generated_unreviewed
REQ-REG006-017,REG-006,移送展示,“移送展示”的验收必须包含正常、边界、冲突、恶意和历史回归样本，并由未参与实现的人员独立复核。,P2,合规负责人,generated_unreviewed
REQ-REG006-018,REG-006,出庭质证准备,围绕“出庭质证准备”，电子数据收集提取与审查规则转化必须保留输入来源、处理规则、输出结果和复核证据，任何不可解释的缺口均不得由默认值掩盖。,P2,合规负责人,generated_unreviewed
REQ-REG007-001,REG-007,数据分类分级,“数据分类分级”应被拆分为可验证步骤；每一步都要指定责任角色、前置条件、执行记录、异常分支和完成定义。,P0,安全负责人,generated_unreviewed
REQ-REG007-002,REG-007,处理目的,对“处理目的”的判断不得仅依赖界面展示或供应商结论，关键事实应能够回溯至原始对象、协议字段或受控记录。,P0,安全负责人,generated_unreviewed
REQ-REG007-003,REG-007,最小必要,实施“最小必要”时应优先保证可重现性和证据完整性，而不是追求最大覆盖率；无法满足前提时输出拒绝结论。,P0,安全负责人,generated_unreviewed
REQ-REG007-004,REG-007,访问授权,“访问授权”发生变更后，应重新执行影响分析、回归验证和人员授权确认，历史案件是否受影响必须形成书面结论。,P0,安全负责人,generated_unreviewed
REQ-REG007-005,REG-007,敏感信息,“敏感信息”的验收必须包含正常、边界、冲突、恶意和历史回归样本，并由未参与实现的人员独立复核。,P0,安全负责人,generated_unreviewed
REQ-REG007-006,REG-007,案件秘密,围绕“案件秘密”，数据安全、个人信息与保密控制必须保留输入来源、处理规则、输出结果和复核证据，任何不可解释的缺口均不得由默认值掩盖。,P1,安全负责人,generated_unreviewed
REQ-REG007-007,REG-007,商业秘密,“商业秘密”应被拆分为可验证步骤；每一步都要指定责任角色、前置条件、执行记录、异常分支和完成定义。,P1,安全负责人,generated_unreviewed
REQ-REG007-008,REG-007,地址标签个人关联,对“地址标签个人关联”的判断不得仅依赖界面展示或供应商结论，关键事实应能够回溯至原始对象、协议字段或受控记录。,P1,安全负责人,generated_unreviewed
REQ-REG007-009,REG-007,设备标识,实施“设备标识”时应优先保证可重现性和证据完整性，而不是追求最大覆盖率；无法满足前提时输出拒绝结论。,P1,安全负责人,generated_unreviewed
REQ-REG007-010,REG-007,交易所材料,“交易所材料”发生变更后，应重新执行影响分析、回归验证和人员授权确认，历史案件是否受影响必须形成书面结论。,P1,安全负责人,generated_unreviewed
REQ-REG007-011,REG-007,跨境数据识别,“跨境数据识别”的验收必须包含正常、边界、冲突、恶意和历史回归样本，并由未参与实现的人员独立复核。,P1,安全负责人,generated_unreviewed
REQ-REG007-012,REG-007,数据本地化策略,围绕“数据本地化策略”，数据安全、个人信息与保密控制必须保留输入来源、处理规则、输出结果和复核证据，任何不可解释的缺口均不得由默认值掩盖。,P1,安全负责人,generated_unreviewed
REQ-REG007-013,REG-007,加密与密钥,“加密与密钥”应被拆分为可验证步骤；每一步都要指定责任角色、前置条件、执行记录、异常分支和完成定义。,P2,安全负责人,generated_unreviewed
REQ-REG007-014,REG-007,脱敏与匿名化,对“脱敏与匿名化”的判断不得仅依赖界面展示或供应商结论，关键事实应能够回溯至原始对象、协议字段或受控记录。,P2,安全负责人,generated_unreviewed
REQ-REG007-015,REG-007,第三方共享,实施“第三方共享”时应优先保证可重现性和证据完整性，而不是追求最大覆盖率；无法满足前提时输出拒绝结论。,P2,安全负责人,generated_unreviewed
REQ-REG007-016,REG-007,留存期限,“留存期限”发生变更后，应重新执行影响分析、回归验证和人员授权确认，历史案件是否受影响必须形成书面结论。,P2,安全负责人,generated_unreviewed
REQ-REG007-017,REG-007,销毁证明,“销毁证明”的验收必须包含正常、边界、冲突、恶意和历史回归样本，并由未参与实现的人员独立复核。,P2,安全负责人,generated_unreviewed
REQ-REG007-018,REG-007,安全事件通知,围绕“安全事件通知”，数据安全、个人信息与保密控制必须保留输入来源、处理规则、输出结果和复核证据，任何不可解释的缺口均不得由默认值掩盖。,P2,安全负责人,generated_unreviewed
REQ-REG007-019,REG-007,数据主体请求研究,“数据主体请求研究”应被拆分为可验证步骤；每一步都要指定责任角色、前置条件、执行记录、异常分支和完成定义。,P2,安全负责人,generated_unreviewed
REQ-REG008-001,REG-008,技术分析服务,“技术分析服务”应被拆分为可验证步骤；每一步都要指定责任角色、前置条件、执行记录、异常分支和完成定义。,P0,合规负责人,generated_unreviewed
REQ-REG008-002,REG-008,司法技术辅助,对“司法技术辅助”的判断不得仅依赖界面展示或供应商结论，关键事实应能够回溯至原始对象、协议字段或受控记录。,P0,合规负责人,generated_unreviewed
REQ-REG008-003,REG-008,软件许可,实施“软件许可”时应优先保证可重现性和证据完整性，而不是追求最大覆盖率；无法满足前提时输出拒绝结论。,P0,合规负责人,generated_unreviewed
REQ-REG008-004,REG-008,数据服务,“数据服务”发生变更后，应重新执行影响分析、回归验证和人员授权确认，历史案件是否受影响必须形成书面结论。,P0,合规负责人,generated_unreviewed
REQ-REG008-005,REG-008,交易撮合禁止边界,“交易撮合禁止边界”的验收必须包含正常、边界、冲突、恶意和历史回归样本，并由未参与实现的人员独立复核。,P0,合规负责人,generated_unreviewed
REQ-REG008-006,REG-008,兑换结算边界,围绕“兑换结算边界”，虚拟资产业务与宣传边界必须保留输入来源、处理规则、输出结果和复核证据，任何不可解释的缺口均不得由默认值掩盖。,P1,合规负责人,generated_unreviewed
REQ-REG008-007,REG-008,资金托管边界,“资金托管边界”应被拆分为可验证步骤；每一步都要指定责任角色、前置条件、执行记录、异常分支和完成定义。,P1,合规负责人,generated_unreviewed
REQ-REG008-008,REG-008,投资建议边界,对“投资建议边界”的判断不得仅依赖界面展示或供应商结论，关键事实应能够回溯至原始对象、协议字段或受控记录。,P1,合规负责人,generated_unreviewed
REQ-REG008-009,REG-008,代客操作边界,实施“代客操作边界”时应优先保证可重现性和证据完整性，而不是追求最大覆盖率；无法满足前提时输出拒绝结论。,P1,合规负责人,generated_unreviewed
REQ-REG008-010,REG-008,地址冻结建议边界,“地址冻结建议边界”发生变更后，应重新执行影响分析、回归验证和人员授权确认，历史案件是否受影响必须形成书面结论。,P1,合规负责人,generated_unreviewed
REQ-REG008-011,REG-008,风险标签措辞,“风险标签措辞”的验收必须包含正常、边界、冲突、恶意和历史回归样本，并由未参与实现的人员独立复核。,P1,合规负责人,generated_unreviewed
REQ-REG008-012,REG-008,海外服务审查,围绕“海外服务审查”，虚拟资产业务与宣传边界必须保留输入来源、处理规则、输出结果和复核证据，任何不可解释的缺口均不得由默认值掩盖。,P1,合规负责人,generated_unreviewed
REQ-REG008-013,REG-008,客户KYC,“客户KYC”应被拆分为可验证步骤；每一步都要指定责任角色、前置条件、执行记录、异常分支和完成定义。,P2,合规负责人,generated_unreviewed
REQ-REG008-014,REG-008,制裁与黑名单来源,对“制裁与黑名单来源”的判断不得仅依赖界面展示或供应商结论，关键事实应能够回溯至原始对象、协议字段或受控记录。,P2,合规负责人,generated_unreviewed
REQ-REG008-015,REG-008,合同免责声明,实施“合同免责声明”时应优先保证可重现性和证据完整性，而不是追求最大覆盖率；无法满足前提时输出拒绝结论。,P2,合规负责人,generated_unreviewed
REQ-REG008-016,REG-008,营销材料审查,“营销材料审查”发生变更后，应重新执行影响分析、回归验证和人员授权确认，历史案件是否受影响必须形成书面结论。,P2,合规负责人,generated_unreviewed
REQ-REG008-017,REG-008,收费模式审查,“收费模式审查”的验收必须包含正常、边界、冲突、恶意和历史回归样本，并由未参与实现的人员独立复核。,P2,合规负责人,generated_unreviewed
REQ-REG009-001,REG-009,来源版本,“来源版本”应被拆分为可验证步骤；每一步都要指定责任角色、前置条件、执行记录、异常分支和完成定义。,P0,合规负责人,generated_unreviewed
REQ-REG009-002,REG-009,条款定位,对“条款定位”的判断不得仅依赖界面展示或供应商结论，关键事实应能够回溯至原始对象、协议字段或受控记录。,P0,合规负责人,generated_unreviewed
REQ-REG009-003,REG-009,适用性判断,实施“适用性判断”时应优先保证可重现性和证据完整性，而不是追求最大覆盖率；无法满足前提时输出拒绝结论。,P0,合规负责人,generated_unreviewed
REQ-REG009-004,REG-009,当前控制,“当前控制”发生变更后，应重新执行影响分析、回归验证和人员授权确认，历史案件是否受影响必须形成书面结论。,P0,合规负责人,generated_unreviewed
REQ-REG009-005,REG-009,差距描述,“差距描述”的验收必须包含正常、边界、冲突、恶意和历史回归样本，并由未参与实现的人员独立复核。,P0,合规负责人,generated_unreviewed
REQ-REG009-006,REG-009,风险等级,围绕“风险等级”，监管差距与证据登记册管理必须保留输入来源、处理规则、输出结果和复核证据，任何不可解释的缺口均不得由默认值掩盖。,P1,合规负责人,generated_unreviewed
REQ-REG009-007,REG-009,纠正行动,“纠正行动”应被拆分为可验证步骤；每一步都要指定责任角色、前置条件、执行记录、异常分支和完成定义。,P1,合规负责人,generated_unreviewed
REQ-REG009-008,REG-009,责任人,对“责任人”的判断不得仅依赖界面展示或供应商结论，关键事实应能够回溯至原始对象、协议字段或受控记录。,P1,合规负责人,generated_unreviewed
REQ-REG009-009,REG-009,完成期限,实施“完成期限”时应优先保证可重现性和证据完整性，而不是追求最大覆盖率；无法满足前提时输出拒绝结论。,P1,合规负责人,generated_unreviewed
REQ-REG009-010,REG-009,依赖事项,“依赖事项”发生变更后，应重新执行影响分析、回归验证和人员授权确认，历史案件是否受影响必须形成书面结论。,P1,合规负责人,generated_unreviewed
REQ-REG009-011,REG-009,验证证据,“验证证据”的验收必须包含正常、边界、冲突、恶意和历史回归样本，并由未参与实现的人员独立复核。,P1,合规负责人,generated_unreviewed
REQ-REG009-012,REG-009,残余风险,围绕“残余风险”，监管差距与证据登记册管理必须保留输入来源、处理规则、输出结果和复核证据，任何不可解释的缺口均不得由默认值掩盖。,P1,合规负责人,generated_unreviewed
REQ-REG009-013,REG-009,延期批准,“延期批准”应被拆分为可验证步骤；每一步都要指定责任角色、前置条件、执行记录、异常分支和完成定义。,P2,合规负责人,generated_unreviewed
REQ-REG009-014,REG-009,关闭标准,对“关闭标准”的判断不得仅依赖界面展示或供应商结论，关键事实应能够回溯至原始对象、协议字段或受控记录。,P2,合规负责人,generated_unreviewed
REQ-REG009-015,REG-009,再打开条件,实施“再打开条件”时应优先保证可重现性和证据完整性，而不是追求最大覆盖率；无法满足前提时输出拒绝结论。,P2,合规负责人,generated_unreviewed
REQ-REG009-016,REG-009,季度查新,“季度查新”发生变更后，应重新执行影响分析、回归验证和人员授权确认，历史案件是否受影响必须形成书面结论。,P2,合规负责人,generated_unreviewed
REQ-REG010-001,REG-010,问题清单,“问题清单”应被拆分为可验证步骤；每一步都要指定责任角色、前置条件、执行记录、异常分支和完成定义。,P0,合规负责人,generated_unreviewed
REQ-REG010-002,REG-010,背景事实,对“背景事实”的判断不得仅依赖界面展示或供应商结论，关键事实应能够回溯至原始对象、协议字段或受控记录。,P0,合规负责人,generated_unreviewed
REQ-REG010-003,REG-010,拟申请范围,实施“拟申请范围”时应优先保证可重现性和证据完整性，而不是追求最大覆盖率；无法满足前提时输出拒绝结论。,P0,合规负责人,generated_unreviewed
REQ-REG010-004,REG-010,不预设结论,“不预设结论”发生变更后，应重新执行影响分析、回归验证和人员授权确认，历史案件是否受影响必须形成书面结论。,P0,合规负责人,generated_unreviewed
REQ-REG010-005,REG-010,书面渠道,“书面渠道”的验收必须包含正常、边界、冲突、恶意和历史回归样本，并由未参与实现的人员独立复核。,P0,合规负责人,generated_unreviewed
REQ-REG010-006,REG-010,会议纪要,围绕“会议纪要”，主管机关沟通与书面确认计划必须保留输入来源、处理规则、输出结果和复核证据，任何不可解释的缺口均不得由默认值掩盖。,P1,合规负责人,generated_unreviewed
REQ-REG010-007,REG-010,口头意见限制,“口头意见限制”应被拆分为可验证步骤；每一步都要指定责任角色、前置条件、执行记录、异常分支和完成定义。,P1,合规负责人,generated_unreviewed
REQ-REG010-008,REG-010,答复适用范围,对“答复适用范围”的判断不得仅依赖界面展示或供应商结论，关键事实应能够回溯至原始对象、协议字段或受控记录。,P1,合规负责人,generated_unreviewed
REQ-REG010-009,REG-010,答复有效期,实施“答复有效期”时应优先保证可重现性和证据完整性，而不是追求最大覆盖率；无法满足前提时输出拒绝结论。,P1,合规负责人,generated_unreviewed
REQ-REG010-010,REG-010,参与人员,“参与人员”发生变更后，应重新执行影响分析、回归验证和人员授权确认，历史案件是否受影响必须形成书面结论。,P1,合规负责人,generated_unreviewed
REQ-REG010-011,REG-010,附件版本,“附件版本”的验收必须包含正常、边界、冲突、恶意和历史回归样本，并由未参与实现的人员独立复核。,P1,合规负责人,generated_unreviewed
REQ-REG010-012,REG-010,敏感信息控制,围绕“敏感信息控制”，主管机关沟通与书面确认计划必须保留输入来源、处理规则、输出结果和复核证据，任何不可解释的缺口均不得由默认值掩盖。,P1,合规负责人,generated_unreviewed
REQ-REG010-013,REG-010,后续行动,“后续行动”应被拆分为可验证步骤；每一步都要指定责任角色、前置条件、执行记录、异常分支和完成定义。,P2,合规负责人,generated_unreviewed
REQ-REG010-014,REG-010,冲突答复升级,对“冲突答复升级”的判断不得仅依赖界面展示或供应商结论，关键事实应能够回溯至原始对象、协议字段或受控记录。,P2,合规负责人,generated_unreviewed
REQ-REG010-015,REG-010,正式申报前复核,实施“正式申报前复核”时应优先保证可重现性和证据完整性，而不是追求最大覆盖率；无法满足前提时输出拒绝结论。,P2,合规负责人,generated_unreviewed
REQ-REG010-016,REG-010,对外引用审批,“对外引用审批”发生变更后，应重新执行影响分析、回归验证和人员授权确认，历史案件是否受影响必须形成书面结论。,P2,合规负责人,generated_unreviewed
REQ-PRD001-001,PRD-001,证据级数据采集,“证据级数据采集”应被拆分为可验证步骤；每一步都要指定责任角色、前置条件、执行记录、异常分支和完成定义。,P0,产品负责人,generated_unreviewed
REQ-PRD001-002,PRD-001,离线可验证证据包,对“离线可验证证据包”的判断不得仅依赖界面展示或供应商结论，关键事实应能够回溯至原始对象、协议字段或受控记录。,P0,产品负责人,generated_unreviewed
REQ-PRD001-003,PRD-001,独立复现,实施“独立复现”时应优先保证可重现性和证据完整性，而不是追求最大覆盖率；无法满足前提时输出拒绝结论。,P0,产品负责人,generated_unreviewed
REQ-PRD001-004,PRD-001,BTC首批支持,“BTC首批支持”发生变更后，应重新执行影响分析、回归验证和人员授权确认，历史案件是否受影响必须形成书面结论。,P0,产品负责人,generated_unreviewed
REQ-PRD001-005,PRD-001,Ethereum首批支持,“Ethereum首批支持”的验收必须包含正常、边界、冲突、恶意和历史回归样本，并由未参与实现的人员独立复核。,P0,产品负责人,generated_unreviewed
REQ-PRD001-006,PRD-001,TRON首批支持,围绕“TRON首批支持”，产品愿景、范围与非目标必须保留输入来源、处理规则、输出结果和复核证据，任何不可解释的缺口均不得由默认值掩盖。,P1,产品负责人,generated_unreviewed
REQ-PRD001-007,PRD-001,0301技术准备,“0301技术准备”应被拆分为可验证步骤；每一步都要指定责任角色、前置条件、执行记录、异常分支和完成定义。,P1,产品负责人,generated_unreviewed
REQ-PRD001-008,PRD-001,0302技术准备,对“0302技术准备”的判断不得仅依赖界面展示或供应商结论，关键事实应能够回溯至原始对象、协议字段或受控记录。,P1,产品负责人,generated_unreviewed
REQ-PRD001-009,PRD-001,跨链候选关联,实施“跨链候选关联”时应优先保证可重现性和证据完整性，而不是追求最大覆盖率；无法满足前提时输出拒绝结论。,P1,产品负责人,generated_unreviewed
REQ-PRD001-010,PRD-001,DeFi资产变化,“DeFi资产变化”发生变更后，应重新执行影响分析、回归验证和人员授权确认，历史案件是否受影响必须形成书面结论。,P1,产品负责人,generated_unreviewed
REQ-PRD001-011,PRD-001,标签证据分级,“标签证据分级”的验收必须包含正常、边界、冲突、恶意和历史回归样本，并由未参与实现的人员独立复核。,P1,产品负责人,generated_unreviewed
REQ-PRD001-012,PRD-001,拒绝结论,围绕“拒绝结论”，产品愿景、范围与非目标必须保留输入来源、处理规则、输出结果和复核证据，任何不可解释的缺口均不得由默认值掩盖。,P1,产品负责人,generated_unreviewed
REQ-PRD001-013,PRD-001,审计追踪,“审计追踪”应被拆分为可验证步骤；每一步都要指定责任角色、前置条件、执行记录、异常分支和完成定义。,P2,产品负责人,generated_unreviewed
REQ-PRD001-014,PRD-001,不做身份自动认定,对“不做身份自动认定”的判断不得仅依赖界面展示或供应商结论，关键事实应能够回溯至原始对象、协议字段或受控记录。,P2,产品负责人,generated_unreviewed
REQ-PRD001-015,PRD-001,不做违法属性自动判断,实施“不做违法属性自动判断”时应优先保证可重现性和证据完整性，而不是追求最大覆盖率；无法满足前提时输出拒绝结论。,P2,产品负责人,generated_unreviewed
REQ-PRD001-016,PRD-001,不做交易撮合,“不做交易撮合”发生变更后，应重新执行影响分析、回归验证和人员授权确认，历史案件是否受影响必须形成书面结论。,P2,产品负责人,generated_unreviewed
REQ-PRD002-001,PRD-002,案件受理员,“案件受理员”应被拆分为可验证步骤；每一步都要指定责任角色、前置条件、执行记录、异常分支和完成定义。,P0,产品负责人,generated_unreviewed
REQ-PRD002-002,PRD-002,采集人员,对“采集人员”的判断不得仅依赖界面展示或供应商结论，关键事实应能够回溯至原始对象、协议字段或受控记录。,P0,产品负责人,generated_unreviewed
REQ-PRD002-003,PRD-002,链上分析员,实施“链上分析员”时应优先保证可重现性和证据完整性，而不是追求最大覆盖率；无法满足前提时输出拒绝结论。,P0,产品负责人,generated_unreviewed
REQ-PRD002-004,PRD-002,方法负责人,“方法负责人”发生变更后，应重新执行影响分析、回归验证和人员授权确认，历史案件是否受影响必须形成书面结论。,P0,产品负责人,generated_unreviewed
REQ-PRD002-005,PRD-002,独立复核人,“独立复核人”的验收必须包含正常、边界、冲突、恶意和历史回归样本，并由未参与实现的人员独立复核。,P0,产品负责人,generated_unreviewed
REQ-PRD002-006,PRD-002,质量负责人,围绕“质量负责人”，用户角色与用例必须保留输入来源、处理规则、输出结果和复核证据，任何不可解释的缺口均不得由默认值掩盖。,P1,产品负责人,generated_unreviewed
REQ-PRD002-007,PRD-002,授权签字准备角色,“授权签字准备角色”应被拆分为可验证步骤；每一步都要指定责任角色、前置条件、执行记录、异常分支和完成定义。,P1,产品负责人,generated_unreviewed
REQ-PRD002-008,PRD-002,系统管理员,对“系统管理员”的判断不得仅依赖界面展示或供应商结论，关键事实应能够回溯至原始对象、协议字段或受控记录。,P1,产品负责人,generated_unreviewed
REQ-PRD002-009,PRD-002,安全管理员,实施“安全管理员”时应优先保证可重现性和证据完整性，而不是追求最大覆盖率；无法满足前提时输出拒绝结论。,P1,产品负责人,generated_unreviewed
REQ-PRD002-010,PRD-002,数据管理员,“数据管理员”发生变更后，应重新执行影响分析、回归验证和人员授权确认，历史案件是否受影响必须形成书面结论。,P1,产品负责人,generated_unreviewed
REQ-PRD002-011,PRD-002,实验室负责人,“实验室负责人”的验收必须包含正常、边界、冲突、恶意和历史回归样本，并由未参与实现的人员独立复核。,P1,产品负责人,generated_unreviewed
REQ-PRD002-012,PRD-002,委托方只读用户,围绕“委托方只读用户”，用户角色与用例必须保留输入来源、处理规则、输出结果和复核证据，任何不可解释的缺口均不得由默认值掩盖。,P1,产品负责人,generated_unreviewed
REQ-PRD002-013,PRD-002,外部验证人,“外部验证人”应被拆分为可验证步骤；每一步都要指定责任角色、前置条件、执行记录、异常分支和完成定义。,P2,产品负责人,generated_unreviewed
REQ-PRD002-014,PRD-002,审计人员,对“审计人员”的判断不得仅依赖界面展示或供应商结论，关键事实应能够回溯至原始对象、协议字段或受控记录。,P2,产品负责人,generated_unreviewed
REQ-PRD002-015,PRD-002,出庭说明人员,实施“出庭说明人员”时应优先保证可重现性和证据完整性，而不是追求最大覆盖率；无法满足前提时输出拒绝结论。,P2,产品负责人,generated_unreviewed
REQ-PRD003-001,PRD-003,案件创建,“案件创建”应被拆分为可验证步骤；每一步都要指定责任角色、前置条件、执行记录、异常分支和完成定义。,P0,产品负责人,generated_unreviewed
REQ-PRD003-002,PRD-003,授权登记,对“授权登记”的判断不得仅依赖界面展示或供应商结论，关键事实应能够回溯至原始对象、协议字段或受控记录。,P0,产品负责人,generated_unreviewed
REQ-PRD003-003,PRD-003,技术问题定义,实施“技术问题定义”时应优先保证可重现性和证据完整性，而不是追求最大覆盖率；无法满足前提时输出拒绝结论。,P0,产品负责人,generated_unreviewed
REQ-PRD003-004,PRD-003,证据对象登记,“证据对象登记”发生变更后，应重新执行影响分析、回归验证和人员授权确认，历史案件是否受影响必须形成书面结论。,P0,产品负责人,generated_unreviewed
REQ-PRD003-005,PRD-003,采集会话,“采集会话”的验收必须包含正常、边界、冲突、恶意和历史回归样本，并由未参与实现的人员独立复核。,P0,产品负责人,generated_unreviewed
REQ-PRD003-006,PRD-003,节点身份记录,围绕“节点身份记录”，功能需求规格必须保留输入来源、处理规则、输出结果和复核证据，任何不可解释的缺口均不得由默认值掩盖。,P1,产品负责人,generated_unreviewed
REQ-PRD003-007,PRD-003,RPC原始响应保存,“RPC原始响应保存”应被拆分为可验证步骤；每一步都要指定责任角色、前置条件、执行记录、异常分支和完成定义。,P1,产品负责人,generated_unreviewed
REQ-PRD003-008,PRD-003,区块原始数据解析,对“区块原始数据解析”的判断不得仅依赖界面展示或供应商结论，关键事实应能够回溯至原始对象、协议字段或受控记录。,P1,产品负责人,generated_unreviewed
REQ-PRD003-009,PRD-003,哈希计算,实施“哈希计算”时应优先保证可重现性和证据完整性，而不是追求最大覆盖率；无法满足前提时输出拒绝结论。,P1,产品负责人,generated_unreviewed
REQ-PRD003-010,PRD-003,标准化交易,“标准化交易”发生变更后，应重新执行影响分析、回归验证和人员授权确认，历史案件是否受影响必须形成书面结论。,P1,产品负责人,generated_unreviewed
REQ-PRD003-011,PRD-003,资产变化账本,“资产变化账本”的验收必须包含正常、边界、冲突、恶意和历史回归样本，并由未参与实现的人员独立复核。,P1,产品负责人,generated_unreviewed
REQ-PRD003-012,PRD-003,路径追踪,围绕“路径追踪”，功能需求规格必须保留输入来源、处理规则、输出结果和复核证据，任何不可解释的缺口均不得由默认值掩盖。,P1,产品负责人,generated_unreviewed
REQ-PRD003-013,PRD-003,规则与参数管理,“规则与参数管理”应被拆分为可验证步骤；每一步都要指定责任角色、前置条件、执行记录、异常分支和完成定义。,P2,产品负责人,generated_unreviewed
REQ-PRD003-014,PRD-003,标签来源管理,对“标签来源管理”的判断不得仅依赖界面展示或供应商结论，关键事实应能够回溯至原始对象、协议字段或受控记录。,P2,产品负责人,generated_unreviewed
REQ-PRD003-015,PRD-003,假设日志,实施“假设日志”时应优先保证可重现性和证据完整性，而不是追求最大覆盖率；无法满足前提时输出拒绝结论。,P2,产品负责人,generated_unreviewed
REQ-PRD003-016,PRD-003,复核工作流,“复核工作流”发生变更后，应重新执行影响分析、回归验证和人员授权确认，历史案件是否受影响必须形成书面结论。,P2,产品负责人,generated_unreviewed
REQ-PRD003-017,PRD-003,报告生成,“报告生成”的验收必须包含正常、边界、冲突、恶意和历史回归样本，并由未参与实现的人员独立复核。,P2,产品负责人,generated_unreviewed
REQ-PRD003-018,PRD-003,离线验证,围绕“离线验证”，功能需求规格必须保留输入来源、处理规则、输出结果和复核证据，任何不可解释的缺口均不得由默认值掩盖。,P2,产品负责人,generated_unreviewed
REQ-PRD003-019,PRD-003,归档与销毁,“归档与销毁”应被拆分为可验证步骤；每一步都要指定责任角色、前置条件、执行记录、异常分支和完成定义。,P2,产品负责人,generated_unreviewed
REQ-PRD003-020,PRD-003,历史版本复现,对“历史版本复现”的判断不得仅依赖界面展示或供应商结论，关键事实应能够回溯至原始对象、协议字段或受控记录。,P2,产品负责人,generated_unreviewed
REQ-PRD004-001,PRD-004,线索状态,“线索状态”应被拆分为可验证步骤；每一步都要指定责任角色、前置条件、执行记录、异常分支和完成定义。,P0,产品负责人,generated_unreviewed
REQ-PRD004-002,PRD-004,预审状态,对“预审状态”的判断不得仅依赖界面展示或供应商结论，关键事实应能够回溯至原始对象、协议字段或受控记录。,P0,产品负责人,generated_unreviewed
REQ-PRD004-003,PRD-004,已受理,实施“已受理”时应优先保证可重现性和证据完整性，而不是追求最大覆盖率；无法满足前提时输出拒绝结论。,P0,产品负责人,generated_unreviewed
REQ-PRD004-004,PRD-004,采集中,“采集中”发生变更后，应重新执行影响分析、回归验证和人员授权确认，历史案件是否受影响必须形成书面结论。,P0,产品负责人,generated_unreviewed
REQ-PRD004-005,PRD-004,采集完成,“采集完成”的验收必须包含正常、边界、冲突、恶意和历史回归样本，并由未参与实现的人员独立复核。,P0,产品负责人,generated_unreviewed
REQ-PRD004-006,PRD-004,分析中,围绕“分析中”，案件生命周期与状态机必须保留输入来源、处理规则、输出结果和复核证据，任何不可解释的缺口均不得由默认值掩盖。,P1,产品负责人,generated_unreviewed
REQ-PRD004-007,PRD-004,待方法复核,“待方法复核”应被拆分为可验证步骤；每一步都要指定责任角色、前置条件、执行记录、异常分支和完成定义。,P1,产品负责人,generated_unreviewed
REQ-PRD004-008,PRD-004,待质量复核,对“待质量复核”的判断不得仅依赖界面展示或供应商结论，关键事实应能够回溯至原始对象、协议字段或受控记录。,P1,产品负责人,generated_unreviewed
REQ-PRD004-009,PRD-004,待批准,实施“待批准”时应优先保证可重现性和证据完整性，而不是追求最大覆盖率；无法满足前提时输出拒绝结论。,P1,产品负责人,generated_unreviewed
REQ-PRD004-010,PRD-004,已发布,“已发布”发生变更后，应重新执行影响分析、回归验证和人员授权确认，历史案件是否受影响必须形成书面结论。,P1,产品负责人,generated_unreviewed
REQ-PRD004-011,PRD-004,已交付,“已交付”的验收必须包含正常、边界、冲突、恶意和历史回归样本，并由未参与实现的人员独立复核。,P1,产品负责人,generated_unreviewed
REQ-PRD004-012,PRD-004,已归档,围绕“已归档”，案件生命周期与状态机必须保留输入来源、处理规则、输出结果和复核证据，任何不可解释的缺口均不得由默认值掩盖。,P1,产品负责人,generated_unreviewed
REQ-PRD004-013,PRD-004,已暂停,“已暂停”应被拆分为可验证步骤；每一步都要指定责任角色、前置条件、执行记录、异常分支和完成定义。,P2,产品负责人,generated_unreviewed
REQ-PRD004-014,PRD-004,已拒绝,对“已拒绝”的判断不得仅依赖界面展示或供应商结论，关键事实应能够回溯至原始对象、协议字段或受控记录。,P2,产品负责人,generated_unreviewed
REQ-PRD004-015,PRD-004,已撤回,实施“已撤回”时应优先保证可重现性和证据完整性，而不是追求最大覆盖率；无法满足前提时输出拒绝结论。,P2,产品负责人,generated_unreviewed
REQ-PRD004-016,PRD-004,已重开,“已重开”发生变更后，应重新执行影响分析、回归验证和人员授权确认，历史案件是否受影响必须形成书面结论。,P2,产品负责人,generated_unreviewed
REQ-PRD004-017,PRD-004,已销毁,“已销毁”的验收必须包含正常、边界、冲突、恶意和历史回归样本，并由未参与实现的人员独立复核。,P2,产品负责人,generated_unreviewed
REQ-PRD004-018,PRD-004,状态迁移权限,围绕“状态迁移权限”，案件生命周期与状态机必须保留输入来源、处理规则、输出结果和复核证据，任何不可解释的缺口均不得由默认值掩盖。,P2,产品负责人,generated_unreviewed
REQ-PRD004-019,PRD-004,状态冻结,“状态冻结”应被拆分为可验证步骤；每一步都要指定责任角色、前置条件、执行记录、异常分支和完成定义。,P2,产品负责人,generated_unreviewed
REQ-PRD004-020,PRD-004,超时升级,对“超时升级”的判断不得仅依赖界面展示或供应商结论，关键事实应能够回溯至原始对象、协议字段或受控记录。,P2,产品负责人,generated_unreviewed
REQ-PRD005-001,PRD-005,案件清单,“案件清单”应被拆分为可验证步骤；每一步都要指定责任角色、前置条件、执行记录、异常分支和完成定义。,P0,产品负责人,generated_unreviewed
REQ-PRD005-002,PRD-005,证据对象清单,对“证据对象清单”的判断不得仅依赖界面展示或供应商结论，关键事实应能够回溯至原始对象、协议字段或受控记录。,P0,产品负责人,generated_unreviewed
REQ-PRD005-003,PRD-005,原始数据目录,实施“原始数据目录”时应优先保证可重现性和证据完整性，而不是追求最大覆盖率；无法满足前提时输出拒绝结论。,P0,产品负责人,generated_unreviewed
REQ-PRD005-004,PRD-005,标准化数据目录,“标准化数据目录”发生变更后，应重新执行影响分析、回归验证和人员授权确认，历史案件是否受影响必须形成书面结论。,P0,产品负责人,generated_unreviewed
REQ-PRD005-005,PRD-005,派生结果目录,“派生结果目录”的验收必须包含正常、边界、冲突、恶意和历史回归样本，并由未参与实现的人员独立复核。,P0,产品负责人,generated_unreviewed
REQ-PRD005-006,PRD-005,工具与环境清单,围绕“工具与环境清单”，证据包产品规范必须保留输入来源、处理规则、输出结果和复核证据，任何不可解释的缺口均不得由默认值掩盖。,P1,产品负责人,generated_unreviewed
REQ-PRD005-007,PRD-005,方法版本清单,“方法版本清单”应被拆分为可验证步骤；每一步都要指定责任角色、前置条件、执行记录、异常分支和完成定义。,P1,产品负责人,generated_unreviewed
REQ-PRD005-008,PRD-005,操作日志,对“操作日志”的判断不得仅依赖界面展示或供应商结论，关键事实应能够回溯至原始对象、协议字段或受控记录。,P1,产品负责人,generated_unreviewed
REQ-PRD005-009,PRD-005,录像索引,实施“录像索引”时应优先保证可重现性和证据完整性，而不是追求最大覆盖率；无法满足前提时输出拒绝结论。,P1,产品负责人,generated_unreviewed
REQ-PRD005-010,PRD-005,复核记录,“复核记录”发生变更后，应重新执行影响分析、回归验证和人员授权确认，历史案件是否受影响必须形成书面结论。,P1,产品负责人,generated_unreviewed
REQ-PRD005-011,PRD-005,报告与附件,“报告与附件”的验收必须包含正常、边界、冲突、恶意和历史回归样本，并由未参与实现的人员独立复核。,P1,产品负责人,generated_unreviewed
REQ-PRD005-012,PRD-005,Merkle根,围绕“Merkle根”，证据包产品规范必须保留输入来源、处理规则、输出结果和复核证据，任何不可解释的缺口均不得由默认值掩盖。,P1,产品负责人,generated_unreviewed
REQ-PRD005-013,PRD-005,数字签名,“数字签名”应被拆分为可验证步骤；每一步都要指定责任角色、前置条件、执行记录、异常分支和完成定义。,P2,产品负责人,generated_unreviewed
REQ-PRD005-014,PRD-005,加密封装,对“加密封装”的判断不得仅依赖界面展示或供应商结论，关键事实应能够回溯至原始对象、协议字段或受控记录。,P2,产品负责人,generated_unreviewed
REQ-PRD005-015,PRD-005,最小披露包,实施“最小披露包”时应优先保证可重现性和证据完整性，而不是追求最大覆盖率；无法满足前提时输出拒绝结论。,P2,产品负责人,generated_unreviewed
REQ-PRD005-016,PRD-005,完整包,“完整包”发生变更后，应重新执行影响分析、回归验证和人员授权确认，历史案件是否受影响必须形成书面结论。,P2,产品负责人,generated_unreviewed
REQ-PRD005-017,PRD-005,验证脚本,“验证脚本”的验收必须包含正常、边界、冲突、恶意和历史回归样本，并由未参与实现的人员独立复核。,P2,产品负责人,generated_unreviewed
REQ-PRD005-018,PRD-005,格式版本,围绕“格式版本”，证据包产品规范必须保留输入来源、处理规则、输出结果和复核证据，任何不可解释的缺口均不得由默认值掩盖。,P2,产品负责人,generated_unreviewed
REQ-PRD005-019,PRD-005,兼容性声明,“兼容性声明”应被拆分为可验证步骤；每一步都要指定责任角色、前置条件、执行记录、异常分支和完成定义。,P2,产品负责人,generated_unreviewed
REQ-PRD005-020,PRD-005,传输回执,对“传输回执”的判断不得仅依赖界面展示或供应商结论，关键事实应能够回溯至原始对象、协议字段或受控记录。,P2,产品负责人,generated_unreviewed
REQ-PRD006-001,PRD-006,证据引用面板,“证据引用面板”应被拆分为可验证步骤；每一步都要指定责任角色、前置条件、执行记录、异常分支和完成定义。,P0,产品负责人,generated_unreviewed
REQ-PRD006-002,PRD-006,原始字段查看,对“原始字段查看”的判断不得仅依赖界面展示或供应商结论，关键事实应能够回溯至原始对象、协议字段或受控记录。,P0,产品负责人,generated_unreviewed
REQ-PRD006-003,PRD-006,标准化字段查看,实施“标准化字段查看”时应优先保证可重现性和证据完整性，而不是追求最大覆盖率；无法满足前提时输出拒绝结论。,P0,产品负责人,generated_unreviewed
REQ-PRD006-004,PRD-006,资产变化账本,“资产变化账本”发生变更后，应重新执行影响分析、回归验证和人员授权确认，历史案件是否受影响必须形成书面结论。,P0,产品负责人,generated_unreviewed
REQ-PRD006-005,PRD-006,路径查询,“路径查询”的验收必须包含正常、边界、冲突、恶意和历史回归样本，并由未参与实现的人员独立复核。,P0,产品负责人,generated_unreviewed
REQ-PRD006-006,PRD-006,时间线,围绕“时间线”，分析工作台需求必须保留输入来源、处理规则、输出结果和复核证据，任何不可解释的缺口均不得由默认值掩盖。,P1,产品负责人,generated_unreviewed
REQ-PRD006-007,PRD-006,图谱视图,“图谱视图”应被拆分为可验证步骤；每一步都要指定责任角色、前置条件、执行记录、异常分支和完成定义。,P1,产品负责人,generated_unreviewed
REQ-PRD006-008,PRD-006,候选关系,对“候选关系”的判断不得仅依赖界面展示或供应商结论，关键事实应能够回溯至原始对象、协议字段或受控记录。,P1,产品负责人,generated_unreviewed
REQ-PRD006-009,PRD-006,规则解释,实施“规则解释”时应优先保证可重现性和证据完整性，而不是追求最大覆盖率；无法满足前提时输出拒绝结论。,P1,产品负责人,generated_unreviewed
REQ-PRD006-010,PRD-006,参数快照,“参数快照”发生变更后，应重新执行影响分析、回归验证和人员授权确认，历史案件是否受影响必须形成书面结论。,P1,产品负责人,generated_unreviewed
REQ-PRD006-011,PRD-006,假设日志,“假设日志”的验收必须包含正常、边界、冲突、恶意和历史回归样本，并由未参与实现的人员独立复核。,P1,产品负责人,generated_unreviewed
REQ-PRD006-012,PRD-006,反例记录,围绕“反例记录”，分析工作台需求必须保留输入来源、处理规则、输出结果和复核证据，任何不可解释的缺口均不得由默认值掩盖。,P1,产品负责人,generated_unreviewed
REQ-PRD006-013,PRD-006,来源冲突,“来源冲突”应被拆分为可验证步骤；每一步都要指定责任角色、前置条件、执行记录、异常分支和完成定义。,P2,产品负责人,generated_unreviewed
REQ-PRD006-014,PRD-006,人工备注,对“人工备注”的判断不得仅依赖界面展示或供应商结论，关键事实应能够回溯至原始对象、协议字段或受控记录。,P2,产品负责人,generated_unreviewed
REQ-PRD006-015,PRD-006,复核差异,实施“复核差异”时应优先保证可重现性和证据完整性，而不是追求最大覆盖率；无法满足前提时输出拒绝结论。,P2,产品负责人,generated_unreviewed
REQ-PRD006-016,PRD-006,批注与签名,“批注与签名”发生变更后，应重新执行影响分析、回归验证和人员授权确认，历史案件是否受影响必须形成书面结论。,P2,产品负责人,generated_unreviewed
REQ-PRD006-017,PRD-006,导出受控快照,“导出受控快照”的验收必须包含正常、边界、冲突、恶意和历史回归样本，并由未参与实现的人员独立复核。,P2,产品负责人,generated_unreviewed
REQ-PRD006-018,PRD-006,性能降级策略,围绕“性能降级策略”，分析工作台需求必须保留输入来源、处理规则、输出结果和复核证据，任何不可解释的缺口均不得由默认值掩盖。,P2,产品负责人,generated_unreviewed
REQ-PRD006-019,PRD-006,大图分页,“大图分页”应被拆分为可验证步骤；每一步都要指定责任角色、前置条件、执行记录、异常分支和完成定义。,P2,产品负责人,generated_unreviewed
REQ-PRD006-020,PRD-006,禁止黑盒总分,对“禁止黑盒总分”的判断不得仅依赖界面展示或供应商结论，关键事实应能够回溯至原始对象、协议字段或受控记录。,P2,产品负责人,generated_unreviewed
REQ-PRD007-001,PRD-007,报告类型,“报告类型”应被拆分为可验证步骤；每一步都要指定责任角色、前置条件、执行记录、异常分支和完成定义。,P0,产品负责人,generated_unreviewed
REQ-PRD007-002,PRD-007,委托事项,对“委托事项”的判断不得仅依赖界面展示或供应商结论，关键事实应能够回溯至原始对象、协议字段或受控记录。,P0,产品负责人,generated_unreviewed
REQ-PRD007-003,PRD-007,检材与数据来源,实施“检材与数据来源”时应优先保证可重现性和证据完整性，而不是追求最大覆盖率；无法满足前提时输出拒绝结论。,P0,产品负责人,generated_unreviewed
REQ-PRD007-004,PRD-007,方法与工具,“方法与工具”发生变更后，应重新执行影响分析、回归验证和人员授权确认，历史案件是否受影响必须形成书面结论。,P0,产品负责人,generated_unreviewed
REQ-PRD007-005,PRD-007,操作过程,“操作过程”的验收必须包含正常、边界、冲突、恶意和历史回归样本，并由未参与实现的人员独立复核。,P0,产品负责人,generated_unreviewed
REQ-PRD007-006,PRD-007,技术事实,围绕“技术事实”，报告与技术解释需求必须保留输入来源、处理规则、输出结果和复核证据，任何不可解释的缺口均不得由默认值掩盖。,P1,产品负责人,generated_unreviewed
REQ-PRD007-007,PRD-007,规则推断,“规则推断”应被拆分为可验证步骤；每一步都要指定责任角色、前置条件、执行记录、异常分支和完成定义。,P1,产品负责人,generated_unreviewed
REQ-PRD007-008,PRD-007,统计推断,对“统计推断”的判断不得仅依赖界面展示或供应商结论，关键事实应能够回溯至原始对象、协议字段或受控记录。,P1,产品负责人,generated_unreviewed
REQ-PRD007-009,PRD-007,限制与反例,实施“限制与反例”时应优先保证可重现性和证据完整性，而不是追求最大覆盖率；无法满足前提时输出拒绝结论。,P1,产品负责人,generated_unreviewed
REQ-PRD007-010,PRD-007,无法判断,“无法判断”发生变更后，应重新执行影响分析、回归验证和人员授权确认，历史案件是否受影响必须形成书面结论。,P1,产品负责人,generated_unreviewed
REQ-PRD007-011,PRD-007,图表引用,“图表引用”的验收必须包含正常、边界、冲突、恶意和历史回归样本，并由未参与实现的人员独立复核。,P1,产品负责人,generated_unreviewed
REQ-PRD007-012,PRD-007,金额校验,围绕“金额校验”，报告与技术解释需求必须保留输入来源、处理规则、输出结果和复核证据，任何不可解释的缺口均不得由默认值掩盖。,P1,产品负责人,generated_unreviewed
REQ-PRD007-013,PRD-007,地址完整显示,“地址完整显示”应被拆分为可验证步骤；每一步都要指定责任角色、前置条件、执行记录、异常分支和完成定义。,P2,产品负责人,generated_unreviewed
REQ-PRD007-014,PRD-007,时间与时区,对“时间与时区”的判断不得仅依赖界面展示或供应商结论，关键事实应能够回溯至原始对象、协议字段或受控记录。,P2,产品负责人,generated_unreviewed
REQ-PRD007-015,PRD-007,附件索引,实施“附件索引”时应优先保证可重现性和证据完整性，而不是追求最大覆盖率；无法满足前提时输出拒绝结论。,P2,产品负责人,generated_unreviewed
REQ-PRD007-016,PRD-007,复核签字,“复核签字”发生变更后，应重新执行影响分析、回归验证和人员授权确认，历史案件是否受影响必须形成书面结论。,P2,产品负责人,generated_unreviewed
REQ-PRD007-017,PRD-007,版本水印,“版本水印”的验收必须包含正常、边界、冲突、恶意和历史回归样本，并由未参与实现的人员独立复核。,P2,产品负责人,generated_unreviewed
REQ-PRD007-018,PRD-007,撤回更正,围绕“撤回更正”，报告与技术解释需求必须保留输入来源、处理规则、输出结果和复核证据，任何不可解释的缺口均不得由默认值掩盖。,P2,产品负责人,generated_unreviewed
REQ-PRD007-019,PRD-007,法庭演示材料,“法庭演示材料”应被拆分为可验证步骤；每一步都要指定责任角色、前置条件、执行记录、异常分支和完成定义。,P2,产品负责人,generated_unreviewed
REQ-PRD007-020,PRD-007,通俗解释,对“通俗解释”的判断不得仅依赖界面展示或供应商结论，关键事实应能够回溯至原始对象、协议字段或受控记录。,P2,产品负责人,generated_unreviewed
REQ-PRD008-001,PRD-008,案件隔离,“案件隔离”应被拆分为可验证步骤；每一步都要指定责任角色、前置条件、执行记录、异常分支和完成定义。,P0,产品负责人,generated_unreviewed
REQ-PRD008-002,PRD-008,静态加密,对“静态加密”的判断不得仅依赖界面展示或供应商结论，关键事实应能够回溯至原始对象、协议字段或受控记录。,P0,产品负责人,generated_unreviewed
REQ-PRD008-003,PRD-008,传输加密,实施“传输加密”时应优先保证可重现性和证据完整性，而不是追求最大覆盖率；无法满足前提时输出拒绝结论。,P0,产品负责人,generated_unreviewed
REQ-PRD008-004,PRD-008,密钥轮换,“密钥轮换”发生变更后，应重新执行影响分析、回归验证和人员授权确认，历史案件是否受影响必须形成书面结论。,P0,产品负责人,generated_unreviewed
REQ-PRD008-005,PRD-008,最小权限,“最小权限”的验收必须包含正常、边界、冲突、恶意和历史回归样本，并由未参与实现的人员独立复核。,P0,产品负责人,generated_unreviewed
REQ-PRD008-006,PRD-008,不可抵赖日志,围绕“不可抵赖日志”，非功能需求规格必须保留输入来源、处理规则、输出结果和复核证据，任何不可解释的缺口均不得由默认值掩盖。,P1,产品负责人,generated_unreviewed
REQ-PRD008-007,PRD-008,时间同步,“时间同步”应被拆分为可验证步骤；每一步都要指定责任角色、前置条件、执行记录、异常分支和完成定义。,P1,产品负责人,generated_unreviewed
REQ-PRD008-008,PRD-008,可用性目标,对“可用性目标”的判断不得仅依赖界面展示或供应商结论，关键事实应能够回溯至原始对象、协议字段或受控记录。,P1,产品负责人,generated_unreviewed
REQ-PRD008-009,PRD-008,恢复时间目标,实施“恢复时间目标”时应优先保证可重现性和证据完整性，而不是追求最大覆盖率；无法满足前提时输出拒绝结论。,P1,产品负责人,generated_unreviewed
REQ-PRD008-010,PRD-008,恢复点目标,“恢复点目标”发生变更后，应重新执行影响分析、回归验证和人员授权确认，历史案件是否受影响必须形成书面结论。,P1,产品负责人,generated_unreviewed
REQ-PRD008-011,PRD-008,大图性能,“大图性能”的验收必须包含正常、边界、冲突、恶意和历史回归样本，并由未参与实现的人员独立复核。,P1,产品负责人,generated_unreviewed
REQ-PRD008-012,PRD-008,批量解析吞吐,围绕“批量解析吞吐”，非功能需求规格必须保留输入来源、处理规则、输出结果和复核证据，任何不可解释的缺口均不得由默认值掩盖。,P1,产品负责人,generated_unreviewed
REQ-PRD008-013,PRD-008,离线运行,“离线运行”应被拆分为可验证步骤；每一步都要指定责任角色、前置条件、执行记录、异常分支和完成定义。,P2,产品负责人,generated_unreviewed
REQ-PRD008-014,PRD-008,依赖锁定,对“依赖锁定”的判断不得仅依赖界面展示或供应商结论，关键事实应能够回溯至原始对象、协议字段或受控记录。,P2,产品负责人,generated_unreviewed
REQ-PRD008-015,PRD-008,可重现构建,实施“可重现构建”时应优先保证可重现性和证据完整性，而不是追求最大覆盖率；无法满足前提时输出拒绝结论。,P2,产品负责人,generated_unreviewed
REQ-PRD008-016,PRD-008,日志保留,“日志保留”发生变更后，应重新执行影响分析、回归验证和人员授权确认，历史案件是否受影响必须形成书面结论。,P2,产品负责人,generated_unreviewed
REQ-PRD008-017,PRD-008,监控告警,“监控告警”的验收必须包含正常、边界、冲突、恶意和历史回归样本，并由未参与实现的人员独立复核。,P2,产品负责人,generated_unreviewed
REQ-PRD008-018,PRD-008,漏洞修复时限,围绕“漏洞修复时限”，非功能需求规格必须保留输入来源、处理规则、输出结果和复核证据，任何不可解释的缺口均不得由默认值掩盖。,P2,产品负责人,generated_unreviewed
REQ-PRD008-019,PRD-008,兼容性,“兼容性”应被拆分为可验证步骤；每一步都要指定责任角色、前置条件、执行记录、异常分支和完成定义。,P2,产品负责人,generated_unreviewed
REQ-PRD008-020,PRD-008,可访问性,对“可访问性”的判断不得仅依赖界面展示或供应商结论，关键事实应能够回溯至原始对象、协议字段或受控记录。,P2,产品负责人,generated_unreviewed
REQ-PRD009-001,PRD-009,需求追踪覆盖,“需求追踪覆盖”应被拆分为可验证步骤；每一步都要指定责任角色、前置条件、执行记录、异常分支和完成定义。,P0,产品负责人,generated_unreviewed
REQ-PRD009-002,PRD-009,单元测试,对“单元测试”的判断不得仅依赖界面展示或供应商结论，关键事实应能够回溯至原始对象、协议字段或受控记录。,P0,产品负责人,generated_unreviewed
REQ-PRD009-003,PRD-009,集成测试,实施“集成测试”时应优先保证可重现性和证据完整性，而不是追求最大覆盖率；无法满足前提时输出拒绝结论。,P0,产品负责人,generated_unreviewed
REQ-PRD009-004,PRD-009,端到端测试,“端到端测试”发生变更后，应重新执行影响分析、回归验证和人员授权确认，历史案件是否受影响必须形成书面结论。,P0,产品负责人,generated_unreviewed
REQ-PRD009-005,PRD-009,黄金样本回归,“黄金样本回归”的验收必须包含正常、边界、冲突、恶意和历史回归样本，并由未参与实现的人员独立复核。,P0,产品负责人,generated_unreviewed
REQ-PRD009-006,PRD-009,方法边界验证,围绕“方法边界验证”，产品发布与验收准则必须保留输入来源、处理规则、输出结果和复核证据，任何不可解释的缺口均不得由默认值掩盖。,P1,产品负责人,generated_unreviewed
REQ-PRD009-007,PRD-009,工具验证,“工具验证”应被拆分为可验证步骤；每一步都要指定责任角色、前置条件、执行记录、异常分支和完成定义。,P1,产品负责人,generated_unreviewed
REQ-PRD009-008,PRD-009,安全测试,对“安全测试”的判断不得仅依赖界面展示或供应商结论，关键事实应能够回溯至原始对象、协议字段或受控记录。,P1,产品负责人,generated_unreviewed
REQ-PRD009-009,PRD-009,性能测试,实施“性能测试”时应优先保证可重现性和证据完整性，而不是追求最大覆盖率；无法满足前提时输出拒绝结论。,P1,产品负责人,generated_unreviewed
REQ-PRD009-010,PRD-009,灾备演练,“灾备演练”发生变更后，应重新执行影响分析、回归验证和人员授权确认，历史案件是否受影响必须形成书面结论。,P1,产品负责人,generated_unreviewed
REQ-PRD009-011,PRD-009,数据迁移验证,“数据迁移验证”的验收必须包含正常、边界、冲突、恶意和历史回归样本，并由未参与实现的人员独立复核。,P1,产品负责人,generated_unreviewed
REQ-PRD009-012,PRD-009,文档同步,围绕“文档同步”，产品发布与验收准则必须保留输入来源、处理规则、输出结果和复核证据，任何不可解释的缺口均不得由默认值掩盖。,P1,产品负责人,generated_unreviewed
REQ-PRD009-013,PRD-009,模板同步,“模板同步”应被拆分为可验证步骤；每一步都要指定责任角色、前置条件、执行记录、异常分支和完成定义。,P2,产品负责人,generated_unreviewed
REQ-PRD009-014,PRD-009,培训完成,对“培训完成”的判断不得仅依赖界面展示或供应商结论，关键事实应能够回溯至原始对象、协议字段或受控记录。,P2,产品负责人,generated_unreviewed
REQ-PRD009-015,PRD-009,权限复核,实施“权限复核”时应优先保证可重现性和证据完整性，而不是追求最大覆盖率；无法满足前提时输出拒绝结论。,P2,产品负责人,generated_unreviewed
REQ-PRD009-016,PRD-009,回滚演练,“回滚演练”发生变更后，应重新执行影响分析、回归验证和人员授权确认，历史案件是否受影响必须形成书面结论。,P2,产品负责人,generated_unreviewed
REQ-PRD009-017,PRD-009,已知缺陷接受,“已知缺陷接受”的验收必须包含正常、边界、冲突、恶意和历史回归样本，并由未参与实现的人员独立复核。,P2,产品负责人,generated_unreviewed
REQ-PRD009-018,PRD-009,发布批准,围绕“发布批准”，产品发布与验收准则必须保留输入来源、处理规则、输出结果和复核证据，任何不可解释的缺口均不得由默认值掩盖。,P2,产品负责人,generated_unreviewed
REQ-PRD009-019,PRD-009,发布后监测,“发布后监测”应被拆分为可验证步骤；每一步都要指定责任角色、前置条件、执行记录、异常分支和完成定义。,P2,产品负责人,generated_unreviewed
REQ-PRD009-020,PRD-009,撤回阈值,对“撤回阈值”的判断不得仅依赖界面展示或供应商结论，关键事实应能够回溯至原始对象、协议字段或受控记录。,P2,产品负责人,generated_unreviewed
REQ-PRD010-001,PRD-010,证据对象底座,“证据对象底座”应被拆分为可验证步骤；每一步都要指定责任角色、前置条件、执行记录、异常分支和完成定义。,P0,产品负责人,generated_unreviewed
REQ-PRD010-002,PRD-010,Bitcoin基础采集,对“Bitcoin基础采集”的判断不得仅依赖界面展示或供应商结论，关键事实应能够回溯至原始对象、协议字段或受控记录。,P0,产品负责人,generated_unreviewed
REQ-PRD010-003,PRD-010,EVM基础采集,实施“EVM基础采集”时应优先保证可重现性和证据完整性，而不是追求最大覆盖率；无法满足前提时输出拒绝结论。,P0,产品负责人,generated_unreviewed
REQ-PRD010-004,PRD-010,TRON基础采集,“TRON基础采集”发生变更后，应重新执行影响分析、回归验证和人员授权确认，历史案件是否受影响必须形成书面结论。,P0,产品负责人,generated_unreviewed
REQ-PRD010-005,PRD-010,离线验证器,“离线验证器”的验收必须包含正常、边界、冲突、恶意和历史回归样本，并由未参与实现的人员独立复核。,P0,产品负责人,generated_unreviewed
REQ-PRD010-006,PRD-010,确定性路径,围绕“确定性路径”，产品能力路线图必须保留输入来源、处理规则、输出结果和复核证据，任何不可解释的缺口均不得由默认值掩盖。,P1,产品负责人,generated_unreviewed
REQ-PRD010-007,PRD-010,标签证据管理,“标签证据管理”应被拆分为可验证步骤；每一步都要指定责任角色、前置条件、执行记录、异常分支和完成定义。,P1,产品负责人,generated_unreviewed
REQ-PRD010-008,PRD-010,跨链桥首批,对“跨链桥首批”的判断不得仅依赖界面展示或供应商结论，关键事实应能够回溯至原始对象、协议字段或受控记录。,P1,产品负责人,generated_unreviewed
REQ-PRD010-009,PRD-010,DeFi首批,实施“DeFi首批”时应优先保证可重现性和证据完整性，而不是追求最大覆盖率；无法满足前提时输出拒绝结论。,P1,产品负责人,generated_unreviewed
REQ-PRD010-010,PRD-010,真实性核验,“真实性核验”发生变更后，应重新执行影响分析、回归验证和人员授权确认，历史案件是否受影响必须形成书面结论。,P1,产品负责人,generated_unreviewed
REQ-PRD010-011,PRD-010,智能合约功能分析,“智能合约功能分析”的验收必须包含正常、边界、冲突、恶意和历史回归样本，并由未参与实现的人员独立复核。,P1,产品负责人,generated_unreviewed
REQ-PRD010-012,PRD-010,试点案件,围绕“试点案件”，产品能力路线图必须保留输入来源、处理规则、输出结果和复核证据，任何不可解释的缺口均不得由默认值掩盖。,P1,产品负责人,generated_unreviewed
REQ-PRD010-013,PRD-010,质量体系运行,“质量体系运行”应被拆分为可验证步骤；每一步都要指定责任角色、前置条件、执行记录、异常分支和完成定义。,P2,产品负责人,generated_unreviewed
REQ-PRD010-014,PRD-010,实验室建设,对“实验室建设”的判断不得仅依赖界面展示或供应商结论，关键事实应能够回溯至原始对象、协议字段或受控记录。,P2,产品负责人,generated_unreviewed
REQ-PRD010-015,PRD-010,能力范围冻结,实施“能力范围冻结”时应优先保证可重现性和证据完整性，而不是追求最大覆盖率；无法满足前提时输出拒绝结论。,P2,产品负责人,generated_unreviewed
REQ-PRD010-016,PRD-010,申请准备,“申请准备”发生变更后，应重新执行影响分析、回归验证和人员授权确认，历史案件是否受影响必须形成书面结论。,P2,产品负责人,generated_unreviewed
REQ-PRD010-017,PRD-010,商业化边界,“商业化边界”的验收必须包含正常、边界、冲突、恶意和历史回归样本，并由未参与实现的人员独立复核。,P2,产品负责人,generated_unreviewed
REQ-PRD010-018,PRD-010,扩链准入门,围绕“扩链准入门”，产品能力路线图必须保留输入来源、处理规则、输出结果和复核证据，任何不可解释的缺口均不得由默认值掩盖。,P2,产品负责人,generated_unreviewed
REQ-ARC001-001,ARC-001,系统边界,“系统边界”应被拆分为可验证步骤；每一步都要指定责任角色、前置条件、执行记录、异常分支和完成定义。,P0,架构负责人,generated_unreviewed
REQ-ARC001-002,ARC-001,案件用户,对“案件用户”的判断不得仅依赖界面展示或供应商结论，关键事实应能够回溯至原始对象、协议字段或受控记录。,P0,架构负责人,generated_unreviewed
REQ-ARC001-003,ARC-001,管理员边界,实施“管理员边界”时应优先保证可重现性和证据完整性，而不是追求最大覆盖率；无法满足前提时输出拒绝结论。,P0,架构负责人,generated_unreviewed
REQ-ARC001-004,ARC-001,自建节点,“自建节点”发生变更后，应重新执行影响分析、回归验证和人员授权确认，历史案件是否受影响必须形成书面结论。,P0,架构负责人,generated_unreviewed
REQ-ARC001-005,ARC-001,第三方RPC,“第三方RPC”的验收必须包含正常、边界、冲突、恶意和历史回归样本，并由未参与实现的人员独立复核。,P0,架构负责人,generated_unreviewed
REQ-ARC001-006,ARC-001,区块浏览器,围绕“区块浏览器”，系统上下文与信任边界必须保留输入来源、处理规则、输出结果和复核证据，任何不可解释的缺口均不得由默认值掩盖。,P1,架构负责人,generated_unreviewed
REQ-ARC001-007,ARC-001,标签供应商,“标签供应商”应被拆分为可验证步骤；每一步都要指定责任角色、前置条件、执行记录、异常分支和完成定义。,P1,架构负责人,generated_unreviewed
REQ-ARC001-008,ARC-001,合作机构,对“合作机构”的判断不得仅依赖界面展示或供应商结论，关键事实应能够回溯至原始对象、协议字段或受控记录。,P1,架构负责人,generated_unreviewed
REQ-ARC001-009,ARC-001,对象存储,实施“对象存储”时应优先保证可重现性和证据完整性，而不是追求最大覆盖率；无法满足前提时输出拒绝结论。,P1,架构负责人,generated_unreviewed
REQ-ARC001-010,ARC-001,密钥管理,“密钥管理”发生变更后，应重新执行影响分析、回归验证和人员授权确认，历史案件是否受影响必须形成书面结论。,P1,架构负责人,generated_unreviewed
REQ-ARC001-011,ARC-001,日志平台,“日志平台”的验收必须包含正常、边界、冲突、恶意和历史回归样本，并由未参与实现的人员独立复核。,P1,架构负责人,generated_unreviewed
REQ-ARC001-012,ARC-001,离线验证环境,围绕“离线验证环境”，系统上下文与信任边界必须保留输入来源、处理规则、输出结果和复核证据，任何不可解释的缺口均不得由默认值掩盖。,P1,架构负责人,generated_unreviewed
REQ-ARC001-013,ARC-001,客户门户,“客户门户”应被拆分为可验证步骤；每一步都要指定责任角色、前置条件、执行记录、异常分支和完成定义。,P2,架构负责人,generated_unreviewed
REQ-ARC001-014,ARC-001,导入文件,对“导入文件”的判断不得仅依赖界面展示或供应商结论，关键事实应能够回溯至原始对象、协议字段或受控记录。,P2,架构负责人,generated_unreviewed
REQ-ARC001-015,ARC-001,导出报告,实施“导出报告”时应优先保证可重现性和证据完整性，而不是追求最大覆盖率；无法满足前提时输出拒绝结论。,P2,架构负责人,generated_unreviewed
REQ-ARC001-016,ARC-001,网络隔离区,“网络隔离区”发生变更后，应重新执行影响分析、回归验证和人员授权确认，历史案件是否受影响必须形成书面结论。,P2,架构负责人,generated_unreviewed
REQ-ARC001-017,ARC-001,高信任区,“高信任区”的验收必须包含正常、边界、冲突、恶意和历史回归样本，并由未参与实现的人员独立复核。,P2,架构负责人,generated_unreviewed
REQ-ARC001-018,ARC-001,低信任区,围绕“低信任区”，系统上下文与信任边界必须保留输入来源、处理规则、输出结果和复核证据，任何不可解释的缺口均不得由默认值掩盖。,P2,架构负责人,generated_unreviewed
REQ-ARC001-019,ARC-001,跨边界校验,“跨边界校验”应被拆分为可验证步骤；每一步都要指定责任角色、前置条件、执行记录、异常分支和完成定义。,P2,架构负责人,generated_unreviewed
REQ-ARC002-001,ARC-002,案件服务,“案件服务”应被拆分为可验证步骤；每一步都要指定责任角色、前置条件、执行记录、异常分支和完成定义。,P0,架构负责人,generated_unreviewed
REQ-ARC002-002,ARC-002,身份权限服务,对“身份权限服务”的判断不得仅依赖界面展示或供应商结论，关键事实应能够回溯至原始对象、协议字段或受控记录。,P0,架构负责人,generated_unreviewed
REQ-ARC002-003,ARC-002,证据对象服务,实施“证据对象服务”时应优先保证可重现性和证据完整性，而不是追求最大覆盖率；无法满足前提时输出拒绝结论。,P0,架构负责人,generated_unreviewed
REQ-ARC002-004,ARC-002,采集编排器,“采集编排器”发生变更后，应重新执行影响分析、回归验证和人员授权确认，历史案件是否受影响必须形成书面结论。,P0,架构负责人,generated_unreviewed
REQ-ARC002-005,ARC-002,Bitcoin适配器,“Bitcoin适配器”的验收必须包含正常、边界、冲突、恶意和历史回归样本，并由未参与实现的人员独立复核。,P0,架构负责人,generated_unreviewed
REQ-ARC002-006,ARC-002,EVM适配器,围绕“EVM适配器”，逻辑架构设计必须保留输入来源、处理规则、输出结果和复核证据，任何不可解释的缺口均不得由默认值掩盖。,P1,架构负责人,generated_unreviewed
REQ-ARC002-007,ARC-002,TRON适配器,“TRON适配器”应被拆分为可验证步骤；每一步都要指定责任角色、前置条件、执行记录、异常分支和完成定义。,P1,架构负责人,generated_unreviewed
REQ-ARC002-008,ARC-002,协议解析器,对“协议解析器”的判断不得仅依赖界面展示或供应商结论，关键事实应能够回溯至原始对象、协议字段或受控记录。,P1,架构负责人,generated_unreviewed
REQ-ARC002-009,ARC-002,标准化服务,实施“标准化服务”时应优先保证可重现性和证据完整性，而不是追求最大覆盖率；无法满足前提时输出拒绝结论。,P1,架构负责人,generated_unreviewed
REQ-ARC002-010,ARC-002,资产账本服务,“资产账本服务”发生变更后，应重新执行影响分析、回归验证和人员授权确认，历史案件是否受影响必须形成书面结论。,P1,架构负责人,generated_unreviewed
REQ-ARC002-011,ARC-002,路径引擎,“路径引擎”的验收必须包含正常、边界、冲突、恶意和历史回归样本，并由未参与实现的人员独立复核。,P1,架构负责人,generated_unreviewed
REQ-ARC002-012,ARC-002,规则引擎,围绕“规则引擎”，逻辑架构设计必须保留输入来源、处理规则、输出结果和复核证据，任何不可解释的缺口均不得由默认值掩盖。,P1,架构负责人,generated_unreviewed
REQ-ARC002-013,ARC-002,标签服务,“标签服务”应被拆分为可验证步骤；每一步都要指定责任角色、前置条件、执行记录、异常分支和完成定义。,P2,架构负责人,generated_unreviewed
REQ-ARC002-014,ARC-002,假设服务,对“假设服务”的判断不得仅依赖界面展示或供应商结论，关键事实应能够回溯至原始对象、协议字段或受控记录。,P2,架构负责人,generated_unreviewed
REQ-ARC002-015,ARC-002,复核服务,实施“复核服务”时应优先保证可重现性和证据完整性，而不是追求最大覆盖率；无法满足前提时输出拒绝结论。,P2,架构负责人,generated_unreviewed
REQ-ARC002-016,ARC-002,报告服务,“报告服务”发生变更后，应重新执行影响分析、回归验证和人员授权确认，历史案件是否受影响必须形成书面结论。,P2,架构负责人,generated_unreviewed
REQ-ARC002-017,ARC-002,审计服务,“审计服务”的验收必须包含正常、边界、冲突、恶意和历史回归样本，并由未参与实现的人员独立复核。,P2,架构负责人,generated_unreviewed
REQ-ARC002-018,ARC-002,离线验证器,围绕“离线验证器”，逻辑架构设计必须保留输入来源、处理规则、输出结果和复核证据，任何不可解释的缺口均不得由默认值掩盖。,P2,架构负责人,generated_unreviewed
REQ-ARC002-019,ARC-002,配置服务,“配置服务”应被拆分为可验证步骤；每一步都要指定责任角色、前置条件、执行记录、异常分支和完成定义。,P2,架构负责人,generated_unreviewed
REQ-ARC002-020,ARC-002,通知服务,对“通知服务”的判断不得仅依赖界面展示或供应商结论，关键事实应能够回溯至原始对象、协议字段或受控记录。,P2,架构负责人,generated_unreviewed
REQ-ARC003-001,ARC-003,开发环境,“开发环境”应被拆分为可验证步骤；每一步都要指定责任角色、前置条件、执行记录、异常分支和完成定义。,P0,架构负责人,generated_unreviewed
REQ-ARC003-002,ARC-003,单元测试环境,对“单元测试环境”的判断不得仅依赖界面展示或供应商结论，关键事实应能够回溯至原始对象、协议字段或受控记录。,P0,架构负责人,generated_unreviewed
REQ-ARC003-003,ARC-003,验证环境,实施“验证环境”时应优先保证可重现性和证据完整性，而不是追求最大覆盖率；无法满足前提时输出拒绝结论。,P0,架构负责人,generated_unreviewed
REQ-ARC003-004,ARC-003,预生产环境,“预生产环境”发生变更后，应重新执行影响分析、回归验证和人员授权确认，历史案件是否受影响必须形成书面结论。,P0,架构负责人,generated_unreviewed
REQ-ARC003-005,ARC-003,生产应用区,“生产应用区”的验收必须包含正常、边界、冲突、恶意和历史回归样本，并由未参与实现的人员独立复核。,P0,架构负责人,generated_unreviewed
REQ-ARC003-006,ARC-003,案件分析区,围绕“案件分析区”，部署架构与环境隔离必须保留输入来源、处理规则、输出结果和复核证据，任何不可解释的缺口均不得由默认值掩盖。,P1,架构负责人,generated_unreviewed
REQ-ARC003-007,ARC-003,节点网络区,“节点网络区”应被拆分为可验证步骤；每一步都要指定责任角色、前置条件、执行记录、异常分支和完成定义。,P1,架构负责人,generated_unreviewed
REQ-ARC003-008,ARC-003,证据存储区,对“证据存储区”的判断不得仅依赖界面展示或供应商结论，关键事实应能够回溯至原始对象、协议字段或受控记录。,P1,架构负责人,generated_unreviewed
REQ-ARC003-009,ARC-003,管理区,实施“管理区”时应优先保证可重现性和证据完整性，而不是追求最大覆盖率；无法满足前提时输出拒绝结论。,P1,架构负责人,generated_unreviewed
REQ-ARC003-010,ARC-003,日志审计区,“日志审计区”发生变更后，应重新执行影响分析、回归验证和人员授权确认，历史案件是否受影响必须形成书面结论。,P1,架构负责人,generated_unreviewed
REQ-ARC003-011,ARC-003,备份区,“备份区”的验收必须包含正常、边界、冲突、恶意和历史回归样本，并由未参与实现的人员独立复核。,P1,架构负责人,generated_unreviewed
REQ-ARC003-012,ARC-003,离线验证区,围绕“离线验证区”，部署架构与环境隔离必须保留输入来源、处理规则、输出结果和复核证据，任何不可解释的缺口均不得由默认值掩盖。,P1,架构负责人,generated_unreviewed
REQ-ARC003-013,ARC-003,跳板机,“跳板机”应被拆分为可验证步骤；每一步都要指定责任角色、前置条件、执行记录、异常分支和完成定义。,P2,架构负责人,generated_unreviewed
REQ-ARC003-014,ARC-003,网络白名单,对“网络白名单”的判断不得仅依赖界面展示或供应商结论，关键事实应能够回溯至原始对象、协议字段或受控记录。,P2,架构负责人,generated_unreviewed
REQ-ARC003-015,ARC-003,容器镜像,实施“容器镜像”时应优先保证可重现性和证据完整性，而不是追求最大覆盖率；无法满足前提时输出拒绝结论。,P2,架构负责人,generated_unreviewed
REQ-ARC003-016,ARC-003,主机加固,“主机加固”发生变更后，应重新执行影响分析、回归验证和人员授权确认，历史案件是否受影响必须形成书面结论。,P2,架构负责人,generated_unreviewed
REQ-ARC003-017,ARC-003,时间同步,“时间同步”的验收必须包含正常、边界、冲突、恶意和历史回归样本，并由未参与实现的人员独立复核。,P2,架构负责人,generated_unreviewed
REQ-ARC003-018,ARC-003,密钥服务,围绕“密钥服务”，部署架构与环境隔离必须保留输入来源、处理规则、输出结果和复核证据，任何不可解释的缺口均不得由默认值掩盖。,P2,架构负责人,generated_unreviewed
REQ-ARC003-019,ARC-003,环境配置隔离,“环境配置隔离”应被拆分为可验证步骤；每一步都要指定责任角色、前置条件、执行记录、异常分支和完成定义。,P2,架构负责人,generated_unreviewed
REQ-ARC003-020,ARC-003,数据禁止复制规则,对“数据禁止复制规则”的判断不得仅依赖界面展示或供应商结论，关键事实应能够回溯至原始对象、协议字段或受控记录。,P2,架构负责人,generated_unreviewed
REQ-ARC004-001,ARC-004,Case对象,“Case对象”应被拆分为可验证步骤；每一步都要指定责任角色、前置条件、执行记录、异常分支和完成定义。,P0,数据架构师,generated_unreviewed
REQ-ARC004-002,ARC-004,Authorization对象,对“Authorization对象”的判断不得仅依赖界面展示或供应商结论，关键事实应能够回溯至原始对象、协议字段或受控记录。,P0,数据架构师,generated_unreviewed
REQ-ARC004-003,ARC-004,AcquisitionSession,实施“AcquisitionSession”时应优先保证可重现性和证据完整性，而不是追求最大覆盖率；无法满足前提时输出拒绝结论。,P0,数据架构师,generated_unreviewed
REQ-ARC004-004,ARC-004,EvidenceItem,“EvidenceItem”发生变更后，应重新执行影响分析、回归验证和人员授权确认，历史案件是否受影响必须形成书面结论。,P0,数据架构师,generated_unreviewed
REQ-ARC004-005,ARC-004,RawObject,“RawObject”的验收必须包含正常、边界、冲突、恶意和历史回归样本，并由未参与实现的人员独立复核。,P0,数据架构师,generated_unreviewed
REQ-ARC004-006,ARC-004,DerivedObject,围绕“DerivedObject”，证据对象与数据模型必须保留输入来源、处理规则、输出结果和复核证据，任何不可解释的缺口均不得由默认值掩盖。,P1,数据架构师,generated_unreviewed
REQ-ARC004-007,ARC-004,NormalizedFact,“NormalizedFact”应被拆分为可验证步骤；每一步都要指定责任角色、前置条件、执行记录、异常分支和完成定义。,P1,数据架构师,generated_unreviewed
REQ-ARC004-008,ARC-004,AssetDelta,对“AssetDelta”的判断不得仅依赖界面展示或供应商结论，关键事实应能够回溯至原始对象、协议字段或受控记录。,P1,数据架构师,generated_unreviewed
REQ-ARC004-009,ARC-004,RuleExecution,实施“RuleExecution”时应优先保证可重现性和证据完整性，而不是追求最大覆盖率；无法满足前提时输出拒绝结论。,P1,数据架构师,generated_unreviewed
REQ-ARC004-010,ARC-004,Hypothesis,“Hypothesis”发生变更后，应重新执行影响分析、回归验证和人员授权确认，历史案件是否受影响必须形成书面结论。,P1,数据架构师,generated_unreviewed
REQ-ARC004-011,ARC-004,HumanDecision,“HumanDecision”的验收必须包含正常、边界、冲突、恶意和历史回归样本，并由未参与实现的人员独立复核。,P1,数据架构师,generated_unreviewed
REQ-ARC004-012,ARC-004,SourceRecord,围绕“SourceRecord”，证据对象与数据模型必须保留输入来源、处理规则、输出结果和复核证据，任何不可解释的缺口均不得由默认值掩盖。,P1,数据架构师,generated_unreviewed
REQ-ARC004-013,ARC-004,ToolRecord,“ToolRecord”应被拆分为可验证步骤；每一步都要指定责任角色、前置条件、执行记录、异常分支和完成定义。,P2,数据架构师,generated_unreviewed
REQ-ARC004-014,ARC-004,EnvironmentRecord,对“EnvironmentRecord”的判断不得仅依赖界面展示或供应商结论，关键事实应能够回溯至原始对象、协议字段或受控记录。,P2,数据架构师,generated_unreviewed
REQ-ARC004-015,ARC-004,ReviewRecord,实施“ReviewRecord”时应优先保证可重现性和证据完整性，而不是追求最大覆盖率；无法满足前提时输出拒绝结论。,P2,数据架构师,generated_unreviewed
REQ-ARC004-016,ARC-004,ReportCitation,“ReportCitation”发生变更后，应重新执行影响分析、回归验证和人员授权确认，历史案件是否受影响必须形成书面结论。,P2,数据架构师,generated_unreviewed
REQ-ARC004-017,ARC-004,CustodyEvent,“CustodyEvent”的验收必须包含正常、边界、冲突、恶意和历史回归样本，并由未参与实现的人员独立复核。,P2,数据架构师,generated_unreviewed
REQ-ARC004-018,ARC-004,DeliveryPackage,围绕“DeliveryPackage”，证据对象与数据模型必须保留输入来源、处理规则、输出结果和复核证据，任何不可解释的缺口均不得由默认值掩盖。,P2,数据架构师,generated_unreviewed
REQ-ARC004-019,ARC-004,RetentionAction,“RetentionAction”应被拆分为可验证步骤；每一步都要指定责任角色、前置条件、执行记录、异常分支和完成定义。,P2,数据架构师,generated_unreviewed
REQ-ARC004-020,ARC-004,HashAndSignature,对“HashAndSignature”的判断不得仅依赖界面展示或供应商结论，关键事实应能够回溯至原始对象、协议字段或受控记录。,P2,数据架构师,generated_unreviewed
REQ-ARC005-001,ARC-005,来源声明,“来源声明”应被拆分为可验证步骤；每一步都要指定责任角色、前置条件、执行记录、异常分支和完成定义。,P0,数据架构师,generated_unreviewed
REQ-ARC005-002,ARC-005,采集时间,对“采集时间”的判断不得仅依赖界面展示或供应商结论，关键事实应能够回溯至原始对象、协议字段或受控记录。,P0,数据架构师,generated_unreviewed
REQ-ARC005-003,ARC-005,采集地点或网络位置,实施“采集地点或网络位置”时应优先保证可重现性和证据完整性，而不是追求最大覆盖率；无法满足前提时输出拒绝结论。,P0,数据架构师,generated_unreviewed
REQ-ARC005-004,ARC-005,操作人员,“操作人员”发生变更后，应重新执行影响分析、回归验证和人员授权确认，历史案件是否受影响必须形成书面结论。,P0,数据架构师,generated_unreviewed
REQ-ARC005-005,ARC-005,见证与复核,“见证与复核”的验收必须包含正常、边界、冲突、恶意和历史回归样本，并由未参与实现的人员独立复核。,P0,数据架构师,generated_unreviewed
REQ-ARC005-006,ARC-005,工具与参数,围绕“工具与参数”，数据血缘与保管链架构必须保留输入来源、处理规则、输出结果和复核证据，任何不可解释的缺口均不得由默认值掩盖。,P1,数据架构师,generated_unreviewed
REQ-ARC005-007,ARC-005,原始哈希,“原始哈希”应被拆分为可验证步骤；每一步都要指定责任角色、前置条件、执行记录、异常分支和完成定义。,P1,数据架构师,generated_unreviewed
REQ-ARC005-008,ARC-005,存储位置,对“存储位置”的判断不得仅依赖界面展示或供应商结论，关键事实应能够回溯至原始对象、协议字段或受控记录。,P1,数据架构师,generated_unreviewed
REQ-ARC005-009,ARC-005,访问事件,实施“访问事件”时应优先保证可重现性和证据完整性，而不是追求最大覆盖率；无法满足前提时输出拒绝结论。,P1,数据架构师,generated_unreviewed
REQ-ARC005-010,ARC-005,复制事件,“复制事件”发生变更后，应重新执行影响分析、回归验证和人员授权确认，历史案件是否受影响必须形成书面结论。,P1,数据架构师,generated_unreviewed
REQ-ARC005-011,ARC-005,派生事件,“派生事件”的验收必须包含正常、边界、冲突、恶意和历史回归样本，并由未参与实现的人员独立复核。,P1,数据架构师,generated_unreviewed
REQ-ARC005-012,ARC-005,格式转换,围绕“格式转换”，数据血缘与保管链架构必须保留输入来源、处理规则、输出结果和复核证据，任何不可解释的缺口均不得由默认值掩盖。,P1,数据架构师,generated_unreviewed
REQ-ARC005-013,ARC-005,签名事件,“签名事件”应被拆分为可验证步骤；每一步都要指定责任角色、前置条件、执行记录、异常分支和完成定义。,P2,数据架构师,generated_unreviewed
REQ-ARC005-014,ARC-005,封存事件,对“封存事件”的判断不得仅依赖界面展示或供应商结论，关键事实应能够回溯至原始对象、协议字段或受控记录。,P2,数据架构师,generated_unreviewed
REQ-ARC005-015,ARC-005,解封事件,实施“解封事件”时应优先保证可重现性和证据完整性，而不是追求最大覆盖率；无法满足前提时输出拒绝结论。,P2,数据架构师,generated_unreviewed
REQ-ARC005-016,ARC-005,移交事件,“移交事件”发生变更后，应重新执行影响分析、回归验证和人员授权确认，历史案件是否受影响必须形成书面结论。,P2,数据架构师,generated_unreviewed
REQ-ARC005-017,ARC-005,接收回执,“接收回执”的验收必须包含正常、边界、冲突、恶意和历史回归样本，并由未参与实现的人员独立复核。,P2,数据架构师,generated_unreviewed
REQ-ARC005-018,ARC-005,归档事件,围绕“归档事件”，数据血缘与保管链架构必须保留输入来源、处理规则、输出结果和复核证据，任何不可解释的缺口均不得由默认值掩盖。,P2,数据架构师,generated_unreviewed
REQ-ARC005-019,ARC-005,重开事件,“重开事件”应被拆分为可验证步骤；每一步都要指定责任角色、前置条件、执行记录、异常分支和完成定义。,P2,数据架构师,generated_unreviewed
REQ-ARC005-020,ARC-005,销毁事件,对“销毁事件”的判断不得仅依赖界面展示或供应商结论，关键事实应能够回溯至原始对象、协议字段或受控记录。,P2,数据架构师,generated_unreviewed
REQ-ARC006-001,ARC-006,数据源分级,“数据源分级”应被拆分为可验证步骤；每一步都要指定责任角色、前置条件、执行记录、异常分支和完成定义。,P0,节点负责人,generated_unreviewed
REQ-ARC006-002,ARC-006,自建全节点,对“自建全节点”的判断不得仅依赖界面展示或供应商结论，关键事实应能够回溯至原始对象、协议字段或受控记录。,P0,节点负责人,generated_unreviewed
REQ-ARC006-003,ARC-006,归档节点,实施“归档节点”时应优先保证可重现性和证据完整性，而不是追求最大覆盖率；无法满足前提时输出拒绝结论。,P0,节点负责人,generated_unreviewed
REQ-ARC006-004,ARC-006,裁剪节点,“裁剪节点”发生变更后，应重新执行影响分析、回归验证和人员授权确认，历史案件是否受影响必须形成书面结论。,P0,节点负责人,generated_unreviewed
REQ-ARC006-005,ARC-006,第二客户端,“第二客户端”的验收必须包含正常、边界、冲突、恶意和历史回归样本，并由未参与实现的人员独立复核。,P0,节点负责人,generated_unreviewed
REQ-ARC006-006,ARC-006,第三方RPC,围绕“第三方RPC”，节点与数据源治理架构必须保留输入来源、处理规则、输出结果和复核证据，任何不可解释的缺口均不得由默认值掩盖。,P1,节点负责人,generated_unreviewed
REQ-ARC006-007,ARC-006,区块浏览器,“区块浏览器”应被拆分为可验证步骤；每一步都要指定责任角色、前置条件、执行记录、异常分支和完成定义。,P1,节点负责人,generated_unreviewed
REQ-ARC006-008,ARC-006,原始区块文件,对“原始区块文件”的判断不得仅依赖界面展示或供应商结论，关键事实应能够回溯至原始对象、协议字段或受控记录。,P1,节点负责人,generated_unreviewed
REQ-ARC006-009,ARC-006,官方项目页面,实施“官方项目页面”时应优先保证可重现性和证据完整性，而不是追求最大覆盖率；无法满足前提时输出拒绝结论。,P1,节点负责人,generated_unreviewed
REQ-ARC006-010,ARC-006,商业标签库,“商业标签库”发生变更后，应重新执行影响分析、回归验证和人员授权确认，历史案件是否受影响必须形成书面结论。,P1,节点负责人,generated_unreviewed
REQ-ARC006-011,ARC-006,节点身份,“节点身份”的验收必须包含正常、边界、冲突、恶意和历史回归样本，并由未参与实现的人员独立复核。,P1,节点负责人,generated_unreviewed
REQ-ARC006-012,ARC-006,客户端版本,围绕“客户端版本”，节点与数据源治理架构必须保留输入来源、处理规则、输出结果和复核证据，任何不可解释的缺口均不得由默认值掩盖。,P1,节点负责人,generated_unreviewed
REQ-ARC006-013,ARC-006,同步高度,“同步高度”应被拆分为可验证步骤；每一步都要指定责任角色、前置条件、执行记录、异常分支和完成定义。,P2,节点负责人,generated_unreviewed
REQ-ARC006-014,ARC-006,finalized/safe语义,对“finalized/safe语义”的判断不得仅依赖界面展示或供应商结论，关键事实应能够回溯至原始对象、协议字段或受控记录。,P2,节点负责人,generated_unreviewed
REQ-ARC006-015,ARC-006,链重组监测,实施“链重组监测”时应优先保证可重现性和证据完整性，而不是追求最大覆盖率；无法满足前提时输出拒绝结论。,P2,节点负责人,generated_unreviewed
REQ-ARC006-016,ARC-006,限流与错误,“限流与错误”发生变更后，应重新执行影响分析、回归验证和人员授权确认，历史案件是否受影响必须形成书面结论。,P2,节点负责人,generated_unreviewed
REQ-ARC006-017,ARC-006,TLS证书,“TLS证书”的验收必须包含正常、边界、冲突、恶意和历史回归样本，并由未参与实现的人员独立复核。,P2,节点负责人,generated_unreviewed
REQ-ARC006-018,ARC-006,响应留存,围绕“响应留存”，节点与数据源治理架构必须保留输入来源、处理规则、输出结果和复核证据，任何不可解释的缺口均不得由默认值掩盖。,P2,节点负责人,generated_unreviewed
REQ-ARC006-019,ARC-006,多源差异,“多源差异”应被拆分为可验证步骤；每一步都要指定责任角色、前置条件、执行记录、异常分支和完成定义。,P2,节点负责人,generated_unreviewed
REQ-ARC006-020,ARC-006,停用与替换,对“停用与替换”的判断不得仅依赖界面展示或供应商结论，关键事实应能够回溯至原始对象、协议字段或受控记录。,P2,节点负责人,generated_unreviewed
REQ-ARC007-001,ARC-007,资产清单,“资产清单”应被拆分为可验证步骤；每一步都要指定责任角色、前置条件、执行记录、异常分支和完成定义。,P0,安全负责人,generated_unreviewed
REQ-ARC007-002,ARC-007,威胁建模,对“威胁建模”的判断不得仅依赖界面展示或供应商结论，关键事实应能够回溯至原始对象、协议字段或受控记录。,P0,安全负责人,generated_unreviewed
REQ-ARC007-003,ARC-007,身份认证,实施“身份认证”时应优先保证可重现性和证据完整性，而不是追求最大覆盖率；无法满足前提时输出拒绝结论。,P0,安全负责人,generated_unreviewed
REQ-ARC007-004,ARC-007,多因素认证,“多因素认证”发生变更后，应重新执行影响分析、回归验证和人员授权确认，历史案件是否受影响必须形成书面结论。,P0,安全负责人,generated_unreviewed
REQ-ARC007-005,ARC-007,最小权限,“最小权限”的验收必须包含正常、边界、冲突、恶意和历史回归样本，并由未参与实现的人员独立复核。,P0,安全负责人,generated_unreviewed
REQ-ARC007-006,ARC-007,职责分离,围绕“职责分离”，安全架构与威胁模型必须保留输入来源、处理规则、输出结果和复核证据，任何不可解释的缺口均不得由默认值掩盖。,P1,安全负责人,generated_unreviewed
REQ-ARC007-007,ARC-007,密钥管理,“密钥管理”应被拆分为可验证步骤；每一步都要指定责任角色、前置条件、执行记录、异常分支和完成定义。,P1,安全负责人,generated_unreviewed
REQ-ARC007-008,ARC-007,静态加密,对“静态加密”的判断不得仅依赖界面展示或供应商结论，关键事实应能够回溯至原始对象、协议字段或受控记录。,P1,安全负责人,generated_unreviewed
REQ-ARC007-009,ARC-007,传输加密,实施“传输加密”时应优先保证可重现性和证据完整性，而不是追求最大覆盖率；无法满足前提时输出拒绝结论。,P1,安全负责人,generated_unreviewed
REQ-ARC007-010,ARC-007,代码签名,“代码签名”发生变更后，应重新执行影响分析、回归验证和人员授权确认，历史案件是否受影响必须形成书面结论。,P1,安全负责人,generated_unreviewed
REQ-ARC007-011,ARC-007,依赖供应链,“依赖供应链”的验收必须包含正常、边界、冲突、恶意和历史回归样本，并由未参与实现的人员独立复核。,P1,安全负责人,generated_unreviewed
REQ-ARC007-012,ARC-007,恶意文件隔离,围绕“恶意文件隔离”，安全架构与威胁模型必须保留输入来源、处理规则、输出结果和复核证据，任何不可解释的缺口均不得由默认值掩盖。,P1,安全负责人,generated_unreviewed
REQ-ARC007-013,ARC-007,沙箱执行,“沙箱执行”应被拆分为可验证步骤；每一步都要指定责任角色、前置条件、执行记录、异常分支和完成定义。,P2,安全负责人,generated_unreviewed
REQ-ARC007-014,ARC-007,网络分段,对“网络分段”的判断不得仅依赖界面展示或供应商结论，关键事实应能够回溯至原始对象、协议字段或受控记录。,P2,安全负责人,generated_unreviewed
REQ-ARC007-015,ARC-007,审计日志,实施“审计日志”时应优先保证可重现性和证据完整性，而不是追求最大覆盖率；无法满足前提时输出拒绝结论。,P2,安全负责人,generated_unreviewed
REQ-ARC007-016,ARC-007,异常检测,“异常检测”发生变更后，应重新执行影响分析、回归验证和人员授权确认，历史案件是否受影响必须形成书面结论。,P2,安全负责人,generated_unreviewed
REQ-ARC007-017,ARC-007,漏洞管理,“漏洞管理”的验收必须包含正常、边界、冲突、恶意和历史回归样本，并由未参与实现的人员独立复核。,P2,安全负责人,generated_unreviewed
REQ-ARC007-018,ARC-007,渗透测试,围绕“渗透测试”，安全架构与威胁模型必须保留输入来源、处理规则、输出结果和复核证据，任何不可解释的缺口均不得由默认值掩盖。,P2,安全负责人,generated_unreviewed
REQ-ARC007-019,ARC-007,事件响应,“事件响应”应被拆分为可验证步骤；每一步都要指定责任角色、前置条件、执行记录、异常分支和完成定义。,P2,安全负责人,generated_unreviewed
REQ-ARC007-020,ARC-007,取证就绪,对“取证就绪”的判断不得仅依赖界面展示或供应商结论，关键事实应能够回溯至原始对象、协议字段或受控记录。,P2,安全负责人,generated_unreviewed
REQ-ARC008-001,ARC-008,统一时间,“统一时间”应被拆分为可验证步骤；每一步都要指定责任角色、前置条件、执行记录、异常分支和完成定义。,P0,平台负责人,generated_unreviewed
REQ-ARC008-002,ARC-008,关联ID,对“关联ID”的判断不得仅依赖界面展示或供应商结论，关键事实应能够回溯至原始对象、协议字段或受控记录。,P0,平台负责人,generated_unreviewed
REQ-ARC008-003,ARC-008,案件ID脱敏,实施“案件ID脱敏”时应优先保证可重现性和证据完整性，而不是追求最大覆盖率；无法满足前提时输出拒绝结论。,P0,平台负责人,generated_unreviewed
REQ-ARC008-004,ARC-008,用户操作日志,“用户操作日志”发生变更后，应重新执行影响分析、回归验证和人员授权确认，历史案件是否受影响必须形成书面结论。,P0,平台负责人,generated_unreviewed
REQ-ARC008-005,ARC-008,证据访问日志,“证据访问日志”的验收必须包含正常、边界、冲突、恶意和历史回归样本，并由未参与实现的人员独立复核。,P0,平台负责人,generated_unreviewed
REQ-ARC008-006,ARC-008,规则运行日志,围绕“规则运行日志”，可观测性与审计日志架构必须保留输入来源、处理规则、输出结果和复核证据，任何不可解释的缺口均不得由默认值掩盖。,P1,平台负责人,generated_unreviewed
REQ-ARC008-007,ARC-008,工具命令日志,“工具命令日志”应被拆分为可验证步骤；每一步都要指定责任角色、前置条件、执行记录、异常分支和完成定义。,P1,平台负责人,generated_unreviewed
REQ-ARC008-008,ARC-008,配置变化日志,对“配置变化日志”的判断不得仅依赖界面展示或供应商结论，关键事实应能够回溯至原始对象、协议字段或受控记录。,P1,平台负责人,generated_unreviewed
REQ-ARC008-009,ARC-008,权限变化日志,实施“权限变化日志”时应优先保证可重现性和证据完整性，而不是追求最大覆盖率；无法满足前提时输出拒绝结论。,P1,平台负责人,generated_unreviewed
REQ-ARC008-010,ARC-008,节点健康指标,“节点健康指标”发生变更后，应重新执行影响分析、回归验证和人员授权确认，历史案件是否受影响必须形成书面结论。,P1,平台负责人,generated_unreviewed
REQ-ARC008-011,ARC-008,解析错误指标,“解析错误指标”的验收必须包含正常、边界、冲突、恶意和历史回归样本，并由未参与实现的人员独立复核。,P1,平台负责人,generated_unreviewed
REQ-ARC008-012,ARC-008,性能指标,围绕“性能指标”，可观测性与审计日志架构必须保留输入来源、处理规则、输出结果和复核证据，任何不可解释的缺口均不得由默认值掩盖。,P1,平台负责人,generated_unreviewed
REQ-ARC008-013,ARC-008,安全告警,“安全告警”应被拆分为可验证步骤；每一步都要指定责任角色、前置条件、执行记录、异常分支和完成定义。,P2,平台负责人,generated_unreviewed
REQ-ARC008-014,ARC-008,日志完整性,对“日志完整性”的判断不得仅依赖界面展示或供应商结论，关键事实应能够回溯至原始对象、协议字段或受控记录。,P2,平台负责人,generated_unreviewed
REQ-ARC008-015,ARC-008,日志签名,实施“日志签名”时应优先保证可重现性和证据完整性，而不是追求最大覆盖率；无法满足前提时输出拒绝结论。,P2,平台负责人,generated_unreviewed
REQ-ARC008-016,ARC-008,保留策略,“保留策略”发生变更后，应重新执行影响分析、回归验证和人员授权确认，历史案件是否受影响必须形成书面结论。,P2,平台负责人,generated_unreviewed
REQ-ARC008-017,ARC-008,查询授权,“查询授权”的验收必须包含正常、边界、冲突、恶意和历史回归样本，并由未参与实现的人员独立复核。,P2,平台负责人,generated_unreviewed
REQ-ARC008-018,ARC-008,告警升级,围绕“告警升级”，可观测性与审计日志架构必须保留输入来源、处理规则、输出结果和复核证据，任何不可解释的缺口均不得由默认值掩盖。,P2,平台负责人,generated_unreviewed
REQ-ARC008-019,ARC-008,日志导出,“日志导出”应被拆分为可验证步骤；每一步都要指定责任角色、前置条件、执行记录、异常分支和完成定义。,P2,平台负责人,generated_unreviewed
REQ-ARC008-020,ARC-008,隐私过滤,对“隐私过滤”的判断不得仅依赖界面展示或供应商结论，关键事实应能够回溯至原始对象、协议字段或受控记录。,P2,平台负责人,generated_unreviewed
REQ-ARC009-001,ARC-009,备份分类,“备份分类”应被拆分为可验证步骤；每一步都要指定责任角色、前置条件、执行记录、异常分支和完成定义。,P0,平台负责人,generated_unreviewed
REQ-ARC009-002,ARC-009,证据对象备份,对“证据对象备份”的判断不得仅依赖界面展示或供应商结论，关键事实应能够回溯至原始对象、协议字段或受控记录。,P0,平台负责人,generated_unreviewed
REQ-ARC009-003,ARC-009,数据库备份,实施“数据库备份”时应优先保证可重现性和证据完整性，而不是追求最大覆盖率；无法满足前提时输出拒绝结论。,P0,平台负责人,generated_unreviewed
REQ-ARC009-004,ARC-009,配置备份,“配置备份”发生变更后，应重新执行影响分析、回归验证和人员授权确认，历史案件是否受影响必须形成书面结论。,P0,平台负责人,generated_unreviewed
REQ-ARC009-005,ARC-009,密钥备份,“密钥备份”的验收必须包含正常、边界、冲突、恶意和历史回归样本，并由未参与实现的人员独立复核。,P0,平台负责人,generated_unreviewed
REQ-ARC009-006,ARC-009,节点数据重建,围绕“节点数据重建”，备份、灾备与业务连续性架构必须保留输入来源、处理规则、输出结果和复核证据，任何不可解释的缺口均不得由默认值掩盖。,P1,平台负责人,generated_unreviewed
REQ-ARC009-007,ARC-009,代码与制品备份,“代码与制品备份”应被拆分为可验证步骤；每一步都要指定责任角色、前置条件、执行记录、异常分支和完成定义。,P1,平台负责人,generated_unreviewed
REQ-ARC009-008,ARC-009,不可变副本,对“不可变副本”的判断不得仅依赖界面展示或供应商结论，关键事实应能够回溯至原始对象、协议字段或受控记录。,P1,平台负责人,generated_unreviewed
REQ-ARC009-009,ARC-009,离线副本,实施“离线副本”时应优先保证可重现性和证据完整性，而不是追求最大覆盖率；无法满足前提时输出拒绝结论。,P1,平台负责人,generated_unreviewed
REQ-ARC009-010,ARC-009,异地副本,“异地副本”发生变更后，应重新执行影响分析、回归验证和人员授权确认，历史案件是否受影响必须形成书面结论。,P1,平台负责人,generated_unreviewed
REQ-ARC009-011,ARC-009,RPO,“RPO”的验收必须包含正常、边界、冲突、恶意和历史回归样本，并由未参与实现的人员独立复核。,P1,平台负责人,generated_unreviewed
REQ-ARC009-012,ARC-009,RTO,围绕“RTO”，备份、灾备与业务连续性架构必须保留输入来源、处理规则、输出结果和复核证据，任何不可解释的缺口均不得由默认值掩盖。,P1,平台负责人,generated_unreviewed
REQ-ARC009-013,ARC-009,恢复顺序,“恢复顺序”应被拆分为可验证步骤；每一步都要指定责任角色、前置条件、执行记录、异常分支和完成定义。,P2,平台负责人,generated_unreviewed
REQ-ARC009-014,ARC-009,恢复验证,对“恢复验证”的判断不得仅依赖界面展示或供应商结论，关键事实应能够回溯至原始对象、协议字段或受控记录。,P2,平台负责人,generated_unreviewed
REQ-ARC009-015,ARC-009,哈希复核,实施“哈希复核”时应优先保证可重现性和证据完整性，而不是追求最大覆盖率；无法满足前提时输出拒绝结论。,P2,平台负责人,generated_unreviewed
REQ-ARC009-016,ARC-009,密钥恢复双控,“密钥恢复双控”发生变更后，应重新执行影响分析、回归验证和人员授权确认，历史案件是否受影响必须形成书面结论。,P2,平台负责人,generated_unreviewed
REQ-ARC009-017,ARC-009,灾难宣告,“灾难宣告”的验收必须包含正常、边界、冲突、恶意和历史回归样本，并由未参与实现的人员独立复核。,P2,平台负责人,generated_unreviewed
REQ-ARC009-018,ARC-009,降级运行,围绕“降级运行”，备份、灾备与业务连续性架构必须保留输入来源、处理规则、输出结果和复核证据，任何不可解释的缺口均不得由默认值掩盖。,P2,平台负责人,generated_unreviewed
REQ-ARC009-019,ARC-009,演练频率,“演练频率”应被拆分为可验证步骤；每一步都要指定责任角色、前置条件、执行记录、异常分支和完成定义。,P2,平台负责人,generated_unreviewed
REQ-ARC009-020,ARC-009,演练整改,对“演练整改”的判断不得仅依赖界面展示或供应商结论，关键事实应能够回溯至原始对象、协议字段或受控记录。,P2,平台负责人,generated_unreviewed
REQ-ARC010-001,ARC-010,API版本,“API版本”应被拆分为可验证步骤；每一步都要指定责任角色、前置条件、执行记录、异常分支和完成定义。,P0,架构负责人,generated_unreviewed
REQ-ARC010-002,ARC-010,OpenAPI契约,对“OpenAPI契约”的判断不得仅依赖界面展示或供应商结论，关键事实应能够回溯至原始对象、协议字段或受控记录。,P0,架构负责人,generated_unreviewed
REQ-ARC010-003,ARC-010,认证授权,实施“认证授权”时应优先保证可重现性和证据完整性，而不是追求最大覆盖率；无法满足前提时输出拒绝结论。,P0,架构负责人,generated_unreviewed
REQ-ARC010-004,ARC-010,请求签名,“请求签名”发生变更后，应重新执行影响分析、回归验证和人员授权确认，历史案件是否受影响必须形成书面结论。,P0,架构负责人,generated_unreviewed
REQ-ARC010-005,ARC-010,幂等键,“幂等键”的验收必须包含正常、边界、冲突、恶意和历史回归样本，并由未参与实现的人员独立复核。,P0,架构负责人,generated_unreviewed
REQ-ARC010-006,ARC-010,分页,围绕“分页”，API与外部集成契约必须保留输入来源、处理规则、输出结果和复核证据，任何不可解释的缺口均不得由默认值掩盖。,P1,架构负责人,generated_unreviewed
REQ-ARC010-007,ARC-010,速率限制,“速率限制”应被拆分为可验证步骤；每一步都要指定责任角色、前置条件、执行记录、异常分支和完成定义。,P1,架构负责人,generated_unreviewed
REQ-ARC010-008,ARC-010,超时重试,对“超时重试”的判断不得仅依赖界面展示或供应商结论，关键事实应能够回溯至原始对象、协议字段或受控记录。,P1,架构负责人,generated_unreviewed
REQ-ARC010-009,ARC-010,错误码,实施“错误码”时应优先保证可重现性和证据完整性，而不是追求最大覆盖率；无法满足前提时输出拒绝结论。,P1,架构负责人,generated_unreviewed
REQ-ARC010-010,ARC-010,原始响应保存,“原始响应保存”发生变更后，应重新执行影响分析、回归验证和人员授权确认，历史案件是否受影响必须形成书面结论。,P1,架构负责人,generated_unreviewed
REQ-ARC010-011,ARC-010,字段精度,“字段精度”的验收必须包含正常、边界、冲突、恶意和历史回归样本，并由未参与实现的人员独立复核。,P1,架构负责人,generated_unreviewed
REQ-ARC010-012,ARC-010,时区,围绕“时区”，API与外部集成契约必须保留输入来源、处理规则、输出结果和复核证据，任何不可解释的缺口均不得由默认值掩盖。,P1,架构负责人,generated_unreviewed
REQ-ARC010-013,ARC-010,地址格式,“地址格式”应被拆分为可验证步骤；每一步都要指定责任角色、前置条件、执行记录、异常分支和完成定义。,P2,架构负责人,generated_unreviewed
REQ-ARC010-014,ARC-010,大文件上传,对“大文件上传”的判断不得仅依赖界面展示或供应商结论，关键事实应能够回溯至原始对象、协议字段或受控记录。,P2,架构负责人,generated_unreviewed
REQ-ARC010-015,ARC-010,恶意文件扫描,实施“恶意文件扫描”时应优先保证可重现性和证据完整性，而不是追求最大覆盖率；无法满足前提时输出拒绝结论。,P2,架构负责人,generated_unreviewed
REQ-ARC010-016,ARC-010,回调验证,“回调验证”发生变更后，应重新执行影响分析、回归验证和人员授权确认，历史案件是否受影响必须形成书面结论。,P2,架构负责人,generated_unreviewed
REQ-ARC010-017,ARC-010,供应商SLA,“供应商SLA”的验收必须包含正常、边界、冲突、恶意和历史回归样本，并由未参与实现的人员独立复核。,P2,架构负责人,generated_unreviewed
REQ-ARC010-018,ARC-010,兼容性,围绕“兼容性”，API与外部集成契约必须保留输入来源、处理规则、输出结果和复核证据，任何不可解释的缺口均不得由默认值掩盖。,P2,架构负责人,generated_unreviewed
REQ-ARC010-019,ARC-010,弃用策略,“弃用策略”应被拆分为可验证步骤；每一步都要指定责任角色、前置条件、执行记录、异常分支和完成定义。,P2,架构负责人,generated_unreviewed
REQ-ARC010-020,ARC-010,契约测试,对“契约测试”的判断不得仅依赖界面展示或供应商结论，关键事实应能够回溯至原始对象、协议字段或受控记录。,P2,架构负责人,generated_unreviewed
REQ-MTH001-001,MTH-001,方法目的,“方法目的”应被拆分为可验证步骤；每一步都要指定责任角色、前置条件、执行记录、异常分支和完成定义。,P0,方法负责人,generated_unreviewed
REQ-MTH001-002,MTH-001,方法对象,对“方法对象”的判断不得仅依赖界面展示或供应商结论，关键事实应能够回溯至原始对象、协议字段或受控记录。,P0,方法负责人,generated_unreviewed
REQ-MTH001-003,MTH-001,适用输入,实施“适用输入”时应优先保证可重现性和证据完整性，而不是追求最大覆盖率；无法满足前提时输出拒绝结论。,P0,方法负责人,generated_unreviewed
REQ-MTH001-004,MTH-001,不适用情形,“不适用情形”发生变更后，应重新执行影响分析、回归验证和人员授权确认，历史案件是否受影响必须形成书面结论。,P0,方法负责人,generated_unreviewed
REQ-MTH001-005,MTH-001,标准与协议依据,“标准与协议依据”的验收必须包含正常、边界、冲突、恶意和历史回归样本，并由未参与实现的人员独立复核。,P0,方法负责人,generated_unreviewed
REQ-MTH001-006,MTH-001,工具和环境,围绕“工具和环境”，通用方法确认与结论分层框架必须保留输入来源、处理规则、输出结果和复核证据，任何不可解释的缺口均不得由默认值掩盖。,P1,方法负责人,generated_unreviewed
REQ-MTH001-007,MTH-001,样本设计,“样本设计”应被拆分为可验证步骤；每一步都要指定责任角色、前置条件、执行记录、异常分支和完成定义。,P1,方法负责人,generated_unreviewed
REQ-MTH001-008,MTH-001,真实值建立,对“真实值建立”的判断不得仅依赖界面展示或供应商结论，关键事实应能够回溯至原始对象、协议字段或受控记录。,P1,方法负责人,generated_unreviewed
REQ-MTH001-009,MTH-001,正常样本,实施“正常样本”时应优先保证可重现性和证据完整性，而不是追求最大覆盖率；无法满足前提时输出拒绝结论。,P1,方法负责人,generated_unreviewed
REQ-MTH001-010,MTH-001,边界样本,“边界样本”发生变更后，应重新执行影响分析、回归验证和人员授权确认，历史案件是否受影响必须形成书面结论。,P1,方法负责人,generated_unreviewed
REQ-MTH001-011,MTH-001,冲突样本,“冲突样本”的验收必须包含正常、边界、冲突、恶意和历史回归样本，并由未参与实现的人员独立复核。,P1,方法负责人,generated_unreviewed
REQ-MTH001-012,MTH-001,恶意样本,围绕“恶意样本”，通用方法确认与结论分层框架必须保留输入来源、处理规则、输出结果和复核证据，任何不可解释的缺口均不得由默认值掩盖。,P1,方法负责人,generated_unreviewed
REQ-MTH001-013,MTH-001,精密度,“精密度”应被拆分为可验证步骤；每一步都要指定责任角色、前置条件、执行记录、异常分支和完成定义。,P2,方法负责人,generated_unreviewed
REQ-MTH001-014,MTH-001,准确度,对“准确度”的判断不得仅依赖界面展示或供应商结论，关键事实应能够回溯至原始对象、协议字段或受控记录。,P2,方法负责人,generated_unreviewed
REQ-MTH001-015,MTH-001,稳健性,实施“稳健性”时应优先保证可重现性和证据完整性，而不是追求最大覆盖率；无法满足前提时输出拒绝结论。,P2,方法负责人,generated_unreviewed
REQ-MTH001-016,MTH-001,复现性,“复现性”发生变更后，应重新执行影响分析、回归验证和人员授权确认，历史案件是否受影响必须形成书面结论。,P2,方法负责人,generated_unreviewed
REQ-MTH001-017,MTH-001,不确定性,“不确定性”的验收必须包含正常、边界、冲突、恶意和历史回归样本，并由未参与实现的人员独立复核。,P2,方法负责人,generated_unreviewed
REQ-MTH001-018,MTH-001,结论分层,围绕“结论分层”，通用方法确认与结论分层框架必须保留输入来源、处理规则、输出结果和复核证据，任何不可解释的缺口均不得由默认值掩盖。,P2,方法负责人,generated_unreviewed
REQ-MTH001-019,MTH-001,拒绝结论,“拒绝结论”应被拆分为可验证步骤；每一步都要指定责任角色、前置条件、执行记录、异常分支和完成定义。,P2,方法负责人,generated_unreviewed
REQ-MTH001-020,MTH-001,再确认触发,对“再确认触发”的判断不得仅依赖界面展示或供应商结论，关键事实应能够回溯至原始对象、协议字段或受控记录。,P2,方法负责人,generated_unreviewed
REQ-MTH001-021,MTH-001,历史案件影响,实施“历史案件影响”时应优先保证可重现性和证据完整性，而不是追求最大覆盖率；无法满足前提时输出拒绝结论。,P2,方法负责人,generated_unreviewed
REQ-MBTC001-001,M-BTC-001,网络与链身份,运行必须记录网络 创世哈希 节点链参数和对象所属网络,P0,Bitcoin方法负责人,reviewed
REQ-MBTC001-002,M-BTC-001,节点版本,节点必须记录客户端 构建 配置 同步高度 模式和索引状态,P0,Bitcoin方法负责人,reviewed
REQ-MBTC001-003,M-BTC-001,区块头,区块头必须从原始80字节按规定端序解析六个字段,P0,Bitcoin方法负责人,reviewed
REQ-MBTC001-004,M-BTC-001,区块哈希,区块哈希必须从原始头双SHA-256计算并保留内部和显示形式,P0,Bitcoin方法负责人,reviewed
REQ-MBTC001-005,M-BTC-001,前序区块,前序区块必须保留原始32字节和显示值并单独处理创世对象,P0,Bitcoin方法负责人,reviewed
REQ-MBTC001-006,M-BTC-001,Merkle根,Merkle根必须从区块头提取并只在已验证范围内由交易重算,P0,Bitcoin方法负责人,reviewed
REQ-MBTC001-007,M-BTC-001,交易原始字节,每笔交易必须保存无损序列化字节 边界 字节数和哈希,P0,Bitcoin方法负责人,reviewed
REQ-MBTC001-008,M-BTC-001,txid与wtxid,必须按交易格式分别计算txid和wtxid且不得混用,P0,Bitcoin方法负责人,reviewed
REQ-MBTC001-009,M-BTC-001,输入引用,输入必须保存previous txid vout script sequence witness和coinbase例外,P0,Bitcoin方法负责人,reviewed
REQ-MBTC001-010,M-BTC-001,输出索引,输出必须保持原始顺序和零基索引并可回到原始字节,P0,Bitcoin方法负责人,reviewed
REQ-MBTC001-011,M-BTC-001,脚本类型,脚本类型只能按批准规则输出候选且必须保留原始script,P1,Bitcoin方法负责人,reviewed
REQ-MBTC001-012,M-BTC-001,金额单位,金额运算必须使用整数satoshi且显示换算不得覆盖原值,P0,Bitcoin方法负责人,reviewed
REQ-MBTC001-013,M-BTC-001,coinbase,coinbase必须按全零previous txid和0xffffffff vout识别结构,P0,Bitcoin方法负责人,reviewed
REQ-MBTC001-014,M-BTC-001,手续费,非coinbase手续费只有在全部输入原值可得时才能计算否则为unknown,P0,Bitcoin方法负责人,reviewed
REQ-MBTC001-015,M-BTC-001,UTXO状态,UTXO状态必须绑定观察时点 链尖 节点和索引状态,P0,Bitcoin方法负责人,reviewed
REQ-MBTC001-016,M-BTC-001,确认数,确认数必须作为动态字段保存高度 链尖 时间和来源,P1,Bitcoin方法负责人,reviewed
REQ-MBTC001-017,M-BTC-001,链重组,必须检测对象是否仍在最佳链并保留重组前后状态,P0,Bitcoin方法负责人,reviewed
REQ-MBTC001-018,M-BTC-001,RBF,RBF只描述信号和观察状态且不得推断替代目的或最终结果,P1,Bitcoin方法负责人,reviewed
REQ-MBTC001-019,M-BTC-001,找零候选,找零识别在完成独立验证前不得由当前方法输出,P0,Bitcoin方法负责人,reviewed
REQ-MBTC001-020,M-BTC-001,多输入启发式,多输入不得被当前方法推断为共同主体控制,P0,Bitcoin方法负责人,reviewed
REQ-MBTC001-021,M-BTC-001,CoinJoin识别,CoinJoin不得由当前方法形成确定识别结论,P0,Bitcoin方法负责人,reviewed
REQ-MBTC001-022,M-BTC-001,路径分配模型,当前方法不得选择或暗示唯一资金路径分配模型,P0,Bitcoin方法负责人,reviewed
REQ-MBTC001-023,M-BTC-001,拒绝主体归属,缺少独立链下授权证据和批准方法时必须拒绝主体归属,P0,Bitcoin方法负责人,reviewed
REQ-MEVM001-001,M-EVM-001,Chain ID,“Chain ID”应被拆分为可验证步骤；每一步都要指定责任角色、前置条件、执行记录、异常分支和完成定义。,P0,EVM方法负责人,generated_unreviewed
REQ-MEVM001-002,M-EVM-001,创世区块,对“创世区块”的判断不得仅依赖界面展示或供应商结论，关键事实应能够回溯至原始对象、协议字段或受控记录。,P0,EVM方法负责人,generated_unreviewed
REQ-MEVM001-003,M-EVM-001,客户端版本,实施“客户端版本”时应优先保证可重现性和证据完整性，而不是追求最大覆盖率；无法满足前提时输出拒绝结论。,P0,EVM方法负责人,generated_unreviewed
REQ-MEVM001-004,M-EVM-001,区块标签safe/finalized,“区块标签safe/finalized”发生变更后，应重新执行影响分析、回归验证和人员授权确认，历史案件是否受影响必须形成书面结论。,P0,EVM方法负责人,generated_unreviewed
REQ-MEVM001-005,M-EVM-001,区块头,“区块头”的验收必须包含正常、边界、冲突、恶意和历史回归样本，并由未参与实现的人员独立复核。,P0,EVM方法负责人,generated_unreviewed
REQ-MEVM001-006,M-EVM-001,交易类型,围绕“交易类型”，EVM链采集、执行重建与资产变化方法必须保留输入来源、处理规则、输出结果和复核证据，任何不可解释的缺口均不得由默认值掩盖。,P1,EVM方法负责人,generated_unreviewed
REQ-MEVM001-007,M-EVM-001,交易签名,“交易签名”应被拆分为可验证步骤；每一步都要指定责任角色、前置条件、执行记录、异常分支和完成定义。,P1,EVM方法负责人,generated_unreviewed
REQ-MEVM001-008,M-EVM-001,nonce,对“nonce”的判断不得仅依赖界面展示或供应商结论，关键事实应能够回溯至原始对象、协议字段或受控记录。,P1,EVM方法负责人,generated_unreviewed
REQ-MEVM001-009,M-EVM-001,gas字段,实施“gas字段”时应优先保证可重现性和证据完整性，而不是追求最大覆盖率；无法满足前提时输出拒绝结论。,P1,EVM方法负责人,generated_unreviewed
REQ-MEVM001-010,M-EVM-001,交易收据,“交易收据”发生变更后，应重新执行影响分析、回归验证和人员授权确认，历史案件是否受影响必须形成书面结论。,P1,EVM方法负责人,generated_unreviewed
REQ-MEVM001-011,M-EVM-001,status,“status”的验收必须包含正常、边界、冲突、恶意和历史回归样本，并由未参与实现的人员独立复核。,P1,EVM方法负责人,generated_unreviewed
REQ-MEVM001-012,M-EVM-001,logs,围绕“logs”，EVM链采集、执行重建与资产变化方法必须保留输入来源、处理规则、输出结果和复核证据，任何不可解释的缺口均不得由默认值掩盖。,P1,EVM方法负责人,generated_unreviewed
REQ-MEVM001-013,M-EVM-001,logsBloom,“logsBloom”应被拆分为可验证步骤；每一步都要指定责任角色、前置条件、执行记录、异常分支和完成定义。,P2,EVM方法负责人,generated_unreviewed
REQ-MEVM001-014,M-EVM-001,合约创建,对“合约创建”的判断不得仅依赖界面展示或供应商结论，关键事实应能够回溯至原始对象、协议字段或受控记录。,P2,EVM方法负责人,generated_unreviewed
REQ-MEVM001-015,M-EVM-001,内部调用轨迹,实施“内部调用轨迹”时应优先保证可重现性和证据完整性，而不是追求最大覆盖率；无法满足前提时输出拒绝结论。,P2,EVM方法负责人,generated_unreviewed
REQ-MEVM001-016,M-EVM-001,状态差异,“状态差异”发生变更后，应重新执行影响分析、回归验证和人员授权确认，历史案件是否受影响必须形成书面结论。,P2,EVM方法负责人,generated_unreviewed
REQ-MEVM001-017,M-EVM-001,原生币变化,“原生币变化”的验收必须包含正常、边界、冲突、恶意和历史回归样本，并由未参与实现的人员独立复核。,P2,EVM方法负责人,generated_unreviewed
REQ-MEVM001-018,M-EVM-001,ERC-20事件,围绕“ERC-20事件”，EVM链采集、执行重建与资产变化方法必须保留输入来源、处理规则、输出结果和复核证据，任何不可解释的缺口均不得由默认值掩盖。,P2,EVM方法负责人,generated_unreviewed
REQ-MEVM001-019,M-EVM-001,NFT事件,“NFT事件”应被拆分为可验证步骤；每一步都要指定责任角色、前置条件、执行记录、异常分支和完成定义。,P2,EVM方法负责人,generated_unreviewed
REQ-MEVM001-020,M-EVM-001,代理合约,对“代理合约”的判断不得仅依赖界面展示或供应商结论，关键事实应能够回溯至原始对象、协议字段或受控记录。,P2,EVM方法负责人,generated_unreviewed
REQ-MEVM001-021,M-EVM-001,历史代码,实施“历史代码”时应优先保证可重现性和证据完整性，而不是追求最大覆盖率；无法满足前提时输出拒绝结论。,P2,EVM方法负责人,generated_unreviewed
REQ-MEVM001-022,M-EVM-001,revert原因,“revert原因”发生变更后，应重新执行影响分析、回归验证和人员授权确认，历史案件是否受影响必须形成书面结论。,P2,EVM方法负责人,generated_unreviewed
REQ-MEVM001-023,M-EVM-001,自毁与重建,“自毁与重建”的验收必须包含正常、边界、冲突、恶意和历史回归样本，并由未参与实现的人员独立复核。,P2,EVM方法负责人,generated_unreviewed
REQ-MEVM001-024,M-EVM-001,Account Abstraction,围绕“Account Abstraction”，EVM链采集、执行重建与资产变化方法必须保留输入来源、处理规则、输出结果和复核证据，任何不可解释的缺口均不得由默认值掩盖。,P2,EVM方法负责人,generated_unreviewed
REQ-MEVM001-025,M-EVM-001,跨客户端差异,“跨客户端差异”应被拆分为可验证步骤；每一步都要指定责任角色、前置条件、执行记录、异常分支和完成定义。,P2,EVM方法负责人,generated_unreviewed
REQ-MTRON001-001,M-TRON-001,网络与节点类型,“网络与节点类型”应被拆分为可验证步骤；每一步都要指定责任角色、前置条件、执行记录、异常分支和完成定义。,P0,TRON方法负责人,generated_unreviewed
REQ-MTRON001-002,M-TRON-001,FullNode,对“FullNode”的判断不得仅依赖界面展示或供应商结论，关键事实应能够回溯至原始对象、协议字段或受控记录。,P0,TRON方法负责人,generated_unreviewed
REQ-MTRON001-003,M-TRON-001,SolidityNode,实施“SolidityNode”时应优先保证可重现性和证据完整性，而不是追求最大覆盖率；无法满足前提时输出拒绝结论。,P0,TRON方法负责人,generated_unreviewed
REQ-MTRON001-004,M-TRON-001,交易本体,“交易本体”发生变更后，应重新执行影响分析、回归验证和人员授权确认，历史案件是否受影响必须形成书面结论。,P0,TRON方法负责人,generated_unreviewed
REQ-MTRON001-005,M-TRON-001,raw_data,“raw_data”的验收必须包含正常、边界、冲突、恶意和历史回归样本，并由未参与实现的人员独立复核。,P0,TRON方法负责人,generated_unreviewed
REQ-MTRON001-006,M-TRON-001,签名,围绕“签名”，TRON采集、执行与TRC-20分析方法必须保留输入来源、处理规则、输出结果和复核证据，任何不可解释的缺口均不得由默认值掩盖。,P1,TRON方法负责人,generated_unreviewed
REQ-MTRON001-007,M-TRON-001,contract参数,“contract参数”应被拆分为可验证步骤；每一步都要指定责任角色、前置条件、执行记录、异常分支和完成定义。,P1,TRON方法负责人,generated_unreviewed
REQ-MTRON001-008,M-TRON-001,TransactionInfo,对“TransactionInfo”的判断不得仅依赖界面展示或供应商结论，关键事实应能够回溯至原始对象、协议字段或受控记录。,P1,TRON方法负责人,generated_unreviewed
REQ-MTRON001-009,M-TRON-001,result,实施“result”时应优先保证可重现性和证据完整性，而不是追求最大覆盖率；无法满足前提时输出拒绝结论。,P1,TRON方法负责人,generated_unreviewed
REQ-MTRON001-010,M-TRON-001,resMessage,“resMessage”发生变更后，应重新执行影响分析、回归验证和人员授权确认，历史案件是否受影响必须形成书面结论。,P1,TRON方法负责人,generated_unreviewed
REQ-MTRON001-011,M-TRON-001,fee,“fee”的验收必须包含正常、边界、冲突、恶意和历史回归样本，并由未参与实现的人员独立复核。,P1,TRON方法负责人,generated_unreviewed
REQ-MTRON001-012,M-TRON-001,energy_usage,围绕“energy_usage”，TRON采集、执行与TRC-20分析方法必须保留输入来源、处理规则、输出结果和复核证据，任何不可解释的缺口均不得由默认值掩盖。,P1,TRON方法负责人,generated_unreviewed
REQ-MTRON001-013,M-TRON-001,net_usage,“net_usage”应被拆分为可验证步骤；每一步都要指定责任角色、前置条件、执行记录、异常分支和完成定义。,P2,TRON方法负责人,generated_unreviewed
REQ-MTRON001-014,M-TRON-001,blockNumber,对“blockNumber”的判断不得仅依赖界面展示或供应商结论，关键事实应能够回溯至原始对象、协议字段或受控记录。,P2,TRON方法负责人,generated_unreviewed
REQ-MTRON001-015,M-TRON-001,log事件,实施“log事件”时应优先保证可重现性和证据完整性，而不是追求最大覆盖率；无法满足前提时输出拒绝结论。,P2,TRON方法负责人,generated_unreviewed
REQ-MTRON001-016,M-TRON-001,internal_transactions,“internal_transactions”发生变更后，应重新执行影响分析、回归验证和人员授权确认，历史案件是否受影响必须形成书面结论。,P2,TRON方法负责人,generated_unreviewed
REQ-MTRON001-017,M-TRON-001,TRC-20 decimals,“TRC-20 decimals”的验收必须包含正常、边界、冲突、恶意和历史回归样本，并由未参与实现的人员独立复核。,P2,TRON方法负责人,generated_unreviewed
REQ-MTRON001-018,M-TRON-001,地址编码,围绕“地址编码”，TRON采集、执行与TRC-20分析方法必须保留输入来源、处理规则、输出结果和复核证据，任何不可解释的缺口均不得由默认值掩盖。,P2,TRON方法负责人,generated_unreviewed
REQ-MTRON001-019,M-TRON-001,Base58与hex转换,“Base58与hex转换”应被拆分为可验证步骤；每一步都要指定责任角色、前置条件、执行记录、异常分支和完成定义。,P2,TRON方法负责人,generated_unreviewed
REQ-MTRON001-020,M-TRON-001,确认语义,对“确认语义”的判断不得仅依赖界面展示或供应商结论，关键事实应能够回溯至原始对象、协议字段或受控记录。,P2,TRON方法负责人,generated_unreviewed
REQ-MTRON001-021,M-TRON-001,失败交易,实施“失败交易”时应优先保证可重现性和证据完整性，而不是追求最大覆盖率；无法满足前提时输出拒绝结论。,P2,TRON方法负责人,generated_unreviewed
REQ-MTRON001-022,M-TRON-001,链上时间,“链上时间”发生变更后，应重新执行影响分析、回归验证和人员授权确认，历史案件是否受影响必须形成书面结论。,P2,TRON方法负责人,generated_unreviewed
REQ-MTRON001-023,M-TRON-001,多节点复核,“多节点复核”的验收必须包含正常、边界、冲突、恶意和历史回归样本，并由未参与实现的人员独立复核。,P2,TRON方法负责人,generated_unreviewed
REQ-MXCHAIN001-001,M-XCHAIN-001,桥身份,“桥身份”应被拆分为可验证步骤；每一步都要指定责任角色、前置条件、执行记录、异常分支和完成定义。,P0,跨链方法负责人,generated_unreviewed
REQ-MXCHAIN001-002,M-XCHAIN-001,合约版本,对“合约版本”的判断不得仅依赖界面展示或供应商结论，关键事实应能够回溯至原始对象、协议字段或受控记录。,P0,跨链方法负责人,generated_unreviewed
REQ-MXCHAIN001-003,M-XCHAIN-001,源链事件,实施“源链事件”时应优先保证可重现性和证据完整性，而不是追求最大覆盖率；无法满足前提时输出拒绝结论。,P0,跨链方法负责人,generated_unreviewed
REQ-MXCHAIN001-004,M-XCHAIN-001,目标链事件,“目标链事件”发生变更后，应重新执行影响分析、回归验证和人员授权确认，历史案件是否受影响必须形成书面结论。,P0,跨链方法负责人,generated_unreviewed
REQ-MXCHAIN001-005,M-XCHAIN-001,消息ID,“消息ID”的验收必须包含正常、边界、冲突、恶意和历史回归样本，并由未参与实现的人员独立复核。,P0,跨链方法负责人,generated_unreviewed
REQ-MXCHAIN001-006,M-XCHAIN-001,nonce,围绕“nonce”，跨链桥交易关联方法必须保留输入来源、处理规则、输出结果和复核证据，任何不可解释的缺口均不得由默认值掩盖。,P1,跨链方法负责人,generated_unreviewed
REQ-MXCHAIN001-007,M-XCHAIN-001,发送者,“发送者”应被拆分为可验证步骤；每一步都要指定责任角色、前置条件、执行记录、异常分支和完成定义。,P1,跨链方法负责人,generated_unreviewed
REQ-MXCHAIN001-008,M-XCHAIN-001,接收者,对“接收者”的判断不得仅依赖界面展示或供应商结论，关键事实应能够回溯至原始对象、协议字段或受控记录。,P1,跨链方法负责人,generated_unreviewed
REQ-MXCHAIN001-009,M-XCHAIN-001,源资产,实施“源资产”时应优先保证可重现性和证据完整性，而不是追求最大覆盖率；无法满足前提时输出拒绝结论。,P1,跨链方法负责人,generated_unreviewed
REQ-MXCHAIN001-010,M-XCHAIN-001,目标资产,“目标资产”发生变更后，应重新执行影响分析、回归验证和人员授权确认，历史案件是否受影响必须形成书面结论。,P1,跨链方法负责人,generated_unreviewed
REQ-MXCHAIN001-011,M-XCHAIN-001,金额映射,“金额映射”的验收必须包含正常、边界、冲突、恶意和历史回归样本，并由未参与实现的人员独立复核。,P1,跨链方法负责人,generated_unreviewed
REQ-MXCHAIN001-012,M-XCHAIN-001,手续费,围绕“手续费”，跨链桥交易关联方法必须保留输入来源、处理规则、输出结果和复核证据，任何不可解释的缺口均不得由默认值掩盖。,P1,跨链方法负责人,generated_unreviewed
REQ-MXCHAIN001-013,M-XCHAIN-001,时间窗,“时间窗”应被拆分为可验证步骤；每一步都要指定责任角色、前置条件、执行记录、异常分支和完成定义。,P2,跨链方法负责人,generated_unreviewed
REQ-MXCHAIN001-014,M-XCHAIN-001,中继器,对“中继器”的判断不得仅依赖界面展示或供应商结论，关键事实应能够回溯至原始对象、协议字段或受控记录。,P2,跨链方法负责人,generated_unreviewed
REQ-MXCHAIN001-015,M-XCHAIN-001,最终性,实施“最终性”时应优先保证可重现性和证据完整性，而不是追求最大覆盖率；无法满足前提时输出拒绝结论。,P2,跨链方法负责人,generated_unreviewed
REQ-MXCHAIN001-016,M-XCHAIN-001,批量消息,“批量消息”发生变更后，应重新执行影响分析、回归验证和人员授权确认，历史案件是否受影响必须形成书面结论。,P2,跨链方法负责人,generated_unreviewed
REQ-MXCHAIN001-017,M-XCHAIN-001,聚合器,“聚合器”的验收必须包含正常、边界、冲突、恶意和历史回归样本，并由未参与实现的人员独立复核。,P2,跨链方法负责人,generated_unreviewed
REQ-MXCHAIN001-018,M-XCHAIN-001,失败消息,围绕“失败消息”，跨链桥交易关联方法必须保留输入来源、处理规则、输出结果和复核证据，任何不可解释的缺口均不得由默认值掩盖。,P2,跨链方法负责人,generated_unreviewed
REQ-MXCHAIN001-019,M-XCHAIN-001,重试,“重试”应被拆分为可验证步骤；每一步都要指定责任角色、前置条件、执行记录、异常分支和完成定义。,P2,跨链方法负责人,generated_unreviewed
REQ-MXCHAIN001-020,M-XCHAIN-001,退款,对“退款”的判断不得仅依赖界面展示或供应商结论，关键事实应能够回溯至原始对象、协议字段或受控记录。,P2,跨链方法负责人,generated_unreviewed
REQ-MXCHAIN001-021,M-XCHAIN-001,升级事件,实施“升级事件”时应优先保证可重现性和证据完整性，而不是追求最大覆盖率；无法满足前提时输出拒绝结论。,P2,跨链方法负责人,generated_unreviewed
REQ-MXCHAIN001-022,M-XCHAIN-001,显式关联,“显式关联”发生变更后，应重新执行影响分析、回归验证和人员授权确认，历史案件是否受影响必须形成书面结论。,P2,跨链方法负责人,generated_unreviewed
REQ-MXCHAIN001-023,M-XCHAIN-001,隐式候选,“隐式候选”的验收必须包含正常、边界、冲突、恶意和历史回归样本，并由未参与实现的人员独立复核。,P2,跨链方法负责人,generated_unreviewed
REQ-MXCHAIN001-024,M-XCHAIN-001,唯一匹配条件,围绕“唯一匹配条件”，跨链桥交易关联方法必须保留输入来源、处理规则、输出结果和复核证据，任何不可解释的缺口均不得由默认值掩盖。,P2,跨链方法负责人,generated_unreviewed
REQ-MXCHAIN001-025,M-XCHAIN-001,拒绝唯一结论,“拒绝唯一结论”应被拆分为可验证步骤；每一步都要指定责任角色、前置条件、执行记录、异常分支和完成定义。,P2,跨链方法负责人,generated_unreviewed
REQ-MDEFI001-001,M-DEFI-001,协议身份,“协议身份”应被拆分为可验证步骤；每一步都要指定责任角色、前置条件、执行记录、异常分支和完成定义。,P0,DeFi方法负责人,generated_unreviewed
REQ-MDEFI001-002,M-DEFI-001,合约版本,对“合约版本”的判断不得仅依赖界面展示或供应商结论，关键事实应能够回溯至原始对象、协议字段或受控记录。,P0,DeFi方法负责人,generated_unreviewed
REQ-MDEFI001-003,M-DEFI-001,调用入口,实施“调用入口”时应优先保证可重现性和证据完整性，而不是追求最大覆盖率；无法满足前提时输出拒绝结论。,P0,DeFi方法负责人,generated_unreviewed
REQ-MDEFI001-004,M-DEFI-001,多跳Swap,“多跳Swap”发生变更后，应重新执行影响分析、回归验证和人员授权确认，历史案件是否受影响必须形成书面结论。,P0,DeFi方法负责人,generated_unreviewed
REQ-MDEFI001-005,M-DEFI-001,聚合器,“聚合器”的验收必须包含正常、边界、冲突、恶意和历史回归样本，并由未参与实现的人员独立复核。,P0,DeFi方法负责人,generated_unreviewed
REQ-MDEFI001-006,M-DEFI-001,流动性添加,围绕“流动性添加”，DeFi经济资金流重建方法必须保留输入来源、处理规则、输出结果和复核证据，任何不可解释的缺口均不得由默认值掩盖。,P1,DeFi方法负责人,generated_unreviewed
REQ-MDEFI001-007,M-DEFI-001,流动性移除,“流动性移除”应被拆分为可验证步骤；每一步都要指定责任角色、前置条件、执行记录、异常分支和完成定义。,P1,DeFi方法负责人,generated_unreviewed
REQ-MDEFI001-008,M-DEFI-001,LP Token,对“LP Token”的判断不得仅依赖界面展示或供应商结论，关键事实应能够回溯至原始对象、协议字段或受控记录。,P1,DeFi方法负责人,generated_unreviewed
REQ-MDEFI001-009,M-DEFI-001,借贷,实施“借贷”时应优先保证可重现性和证据完整性，而不是追求最大覆盖率；无法满足前提时输出拒绝结论。,P1,DeFi方法负责人,generated_unreviewed
REQ-MDEFI001-010,M-DEFI-001,还款,“还款”发生变更后，应重新执行影响分析、回归验证和人员授权确认，历史案件是否受影响必须形成书面结论。,P1,DeFi方法负责人,generated_unreviewed
REQ-MDEFI001-011,M-DEFI-001,抵押,“抵押”的验收必须包含正常、边界、冲突、恶意和历史回归样本，并由未参与实现的人员独立复核。,P1,DeFi方法负责人,generated_unreviewed
REQ-MDEFI001-012,M-DEFI-001,清算,围绕“清算”，DeFi经济资金流重建方法必须保留输入来源、处理规则、输出结果和复核证据，任何不可解释的缺口均不得由默认值掩盖。,P1,DeFi方法负责人,generated_unreviewed
REQ-MDEFI001-013,M-DEFI-001,质押,“质押”应被拆分为可验证步骤；每一步都要指定责任角色、前置条件、执行记录、异常分支和完成定义。,P2,DeFi方法负责人,generated_unreviewed
REQ-MDEFI001-014,M-DEFI-001,领取奖励,对“领取奖励”的判断不得仅依赖界面展示或供应商结论，关键事实应能够回溯至原始对象、协议字段或受控记录。,P2,DeFi方法负责人,generated_unreviewed
REQ-MDEFI001-015,M-DEFI-001,包装解包,实施“包装解包”时应优先保证可重现性和证据完整性，而不是追求最大覆盖率；无法满足前提时输出拒绝结论。,P2,DeFi方法负责人,generated_unreviewed
REQ-MDEFI001-016,M-DEFI-001,闪电贷,“闪电贷”发生变更后，应重新执行影响分析、回归验证和人员授权确认，历史案件是否受影响必须形成书面结论。,P2,DeFi方法负责人,generated_unreviewed
REQ-MDEFI001-017,M-DEFI-001,手续费,“手续费”的验收必须包含正常、边界、冲突、恶意和历史回归样本，并由未参与实现的人员独立复核。,P2,DeFi方法负责人,generated_unreviewed
REQ-MDEFI001-018,M-DEFI-001,滑点,围绕“滑点”，DeFi经济资金流重建方法必须保留输入来源、处理规则、输出结果和复核证据，任何不可解释的缺口均不得由默认值掩盖。,P2,DeFi方法负责人,generated_unreviewed
REQ-MDEFI001-019,M-DEFI-001,Token税,“Token税”应被拆分为可验证步骤；每一步都要指定责任角色、前置条件、执行记录、异常分支和完成定义。,P2,DeFi方法负责人,generated_unreviewed
REQ-MDEFI001-020,M-DEFI-001,Rebase,对“Rebase”的判断不得仅依赖界面展示或供应商结论，关键事实应能够回溯至原始对象、协议字段或受控记录。,P2,DeFi方法负责人,generated_unreviewed
REQ-MDEFI001-021,M-DEFI-001,失败调用,实施“失败调用”时应优先保证可重现性和证据完整性，而不是追求最大覆盖率；无法满足前提时输出拒绝结论。,P2,DeFi方法负责人,generated_unreviewed
REQ-MDEFI001-022,M-DEFI-001,资产净变化,“资产净变化”发生变更后，应重新执行影响分析、回归验证和人员授权确认，历史案件是否受影响必须形成书面结论。,P2,DeFi方法负责人,generated_unreviewed
REQ-MDEFI001-023,M-DEFI-001,协议语义证据,“协议语义证据”的验收必须包含正常、边界、冲突、恶意和历史回归样本，并由未参与实现的人员独立复核。,P2,DeFi方法负责人,generated_unreviewed
REQ-MMIX001-001,M-MIX-001,服务或模式识别,“服务或模式识别”应被拆分为可验证步骤；每一步都要指定责任角色、前置条件、执行记录、异常分支和完成定义。,P0,混币方法负责人,generated_unreviewed
REQ-MMIX001-002,M-MIX-001,存入事实,对“存入事实”的判断不得仅依赖界面展示或供应商结论，关键事实应能够回溯至原始对象、协议字段或受控记录。,P0,混币方法负责人,generated_unreviewed
REQ-MMIX001-003,M-MIX-001,提现事实,实施“提现事实”时应优先保证可重现性和证据完整性，而不是追求最大覆盖率；无法满足前提时输出拒绝结论。,P0,混币方法负责人,generated_unreviewed
REQ-MMIX001-004,M-MIX-001,固定面额,“固定面额”发生变更后，应重新执行影响分析、回归验证和人员授权确认，历史案件是否受影响必须形成书面结论。,P0,混币方法负责人,generated_unreviewed
REQ-MMIX001-005,M-MIX-001,匿名集,“匿名集”的验收必须包含正常、边界、冲突、恶意和历史回归样本，并由未参与实现的人员独立复核。,P0,混币方法负责人,generated_unreviewed
REQ-MMIX001-006,M-MIX-001,时间窗,围绕“时间窗”，混币、CoinJoin与匿名集分析方法必须保留输入来源、处理规则、输出结果和复核证据，任何不可解释的缺口均不得由默认值掩盖。,P1,混币方法负责人,generated_unreviewed
REQ-MMIX001-007,M-MIX-001,候选集合,“候选集合”应被拆分为可验证步骤；每一步都要指定责任角色、前置条件、执行记录、异常分支和完成定义。,P1,混币方法负责人,generated_unreviewed
REQ-MMIX001-008,M-MIX-001,池状态,对“池状态”的判断不得仅依赖界面展示或供应商结论，关键事实应能够回溯至原始对象、协议字段或受控记录。,P1,混币方法负责人,generated_unreviewed
REQ-MMIX001-009,M-MIX-001,CoinJoin结构,实施“CoinJoin结构”时应优先保证可重现性和证据完整性，而不是追求最大覆盖率；无法满足前提时输出拒绝结论。,P1,混币方法负责人,generated_unreviewed
REQ-MMIX001-010,M-MIX-001,等额输出,“等额输出”发生变更后，应重新执行影响分析、回归验证和人员授权确认，历史案件是否受影响必须形成书面结论。,P1,混币方法负责人,generated_unreviewed
REQ-MMIX001-011,M-MIX-001,协调器线索,“协调器线索”的验收必须包含正常、边界、冲突、恶意和历史回归样本，并由未参与实现的人员独立复核。,P1,混币方法负责人,generated_unreviewed
REQ-MMIX001-012,M-MIX-001,拆分模式,围绕“拆分模式”，混币、CoinJoin与匿名集分析方法必须保留输入来源、处理规则、输出结果和复核证据，任何不可解释的缺口均不得由默认值掩盖。,P1,混币方法负责人,generated_unreviewed
REQ-MMIX001-013,M-MIX-001,归集模式,“归集模式”应被拆分为可验证步骤；每一步都要指定责任角色、前置条件、执行记录、异常分支和完成定义。,P2,混币方法负责人,generated_unreviewed
REQ-MMIX001-014,M-MIX-001,剥离链,对“剥离链”的判断不得仅依赖界面展示或供应商结论，关键事实应能够回溯至原始对象、协议字段或受控记录。,P2,混币方法负责人,generated_unreviewed
REQ-MMIX001-015,M-MIX-001,跨链混淆,实施“跨链混淆”时应优先保证可重现性和证据完整性，而不是追求最大覆盖率；无法满足前提时输出拒绝结论。,P2,混币方法负责人,generated_unreviewed
REQ-MMIX001-016,M-MIX-001,概率排序,“概率排序”发生变更后，应重新执行影响分析、回归验证和人员授权确认，历史案件是否受影响必须形成书面结论。,P2,混币方法负责人,generated_unreviewed
REQ-MMIX001-017,M-MIX-001,反例,“反例”的验收必须包含正常、边界、冲突、恶意和历史回归样本，并由未参与实现的人员独立复核。,P2,混币方法负责人,generated_unreviewed
REQ-MMIX001-018,M-MIX-001,合法使用可能,围绕“合法使用可能”，混币、CoinJoin与匿名集分析方法必须保留输入来源、处理规则、输出结果和复核证据，任何不可解释的缺口均不得由默认值掩盖。,P2,混币方法负责人,generated_unreviewed
REQ-MMIX001-019,M-MIX-001,拒绝主体结论,“拒绝主体结论”应被拆分为可验证步骤；每一步都要指定责任角色、前置条件、执行记录、异常分支和完成定义。,P2,混币方法负责人,generated_unreviewed
REQ-MMIX001-020,M-MIX-001,误报评估,对“误报评估”的判断不得仅依赖界面展示或供应商结论，关键事实应能够回溯至原始对象、协议字段或受控记录。,P2,混币方法负责人,generated_unreviewed
REQ-MMIX001-021,M-MIX-001,结果措辞,实施“结果措辞”时应优先保证可重现性和证据完整性，而不是追求最大覆盖率；无法满足前提时输出拒绝结论。,P2,混币方法负责人,generated_unreviewed
REQ-MCLUSTER001-001,M-CLUSTER-001,共同输入规则,“共同输入规则”应被拆分为可验证步骤；每一步都要指定责任角色、前置条件、执行记录、异常分支和完成定义。,P0,聚类方法负责人,generated_unreviewed
REQ-MCLUSTER001-002,M-CLUSTER-001,找零规则,对“找零规则”的判断不得仅依赖界面展示或供应商结论，关键事实应能够回溯至原始对象、协议字段或受控记录。,P0,聚类方法负责人,generated_unreviewed
REQ-MCLUSTER001-003,M-CLUSTER-001,剥离链规则,实施“剥离链规则”时应优先保证可重现性和证据完整性，而不是追求最大覆盖率；无法满足前提时输出拒绝结论。,P0,聚类方法负责人,generated_unreviewed
REQ-MCLUSTER001-004,M-CLUSTER-001,归集规则,“归集规则”发生变更后，应重新执行影响分析、回归验证和人员授权确认，历史案件是否受影响必须形成书面结论。,P0,聚类方法负责人,generated_unreviewed
REQ-MCLUSTER001-005,M-CLUSTER-001,批量支付反例,“批量支付反例”的验收必须包含正常、边界、冲突、恶意和历史回归样本，并由未参与实现的人员独立复核。,P0,聚类方法负责人,generated_unreviewed
REQ-MCLUSTER001-006,M-CLUSTER-001,CoinJoin反例,围绕“CoinJoin反例”，地址聚类方法必须保留输入来源、处理规则、输出结果和复核证据，任何不可解释的缺口均不得由默认值掩盖。,P1,聚类方法负责人,generated_unreviewed
REQ-MCLUSTER001-007,M-CLUSTER-001,交易所热钱包反例,“交易所热钱包反例”应被拆分为可验证步骤；每一步都要指定责任角色、前置条件、执行记录、异常分支和完成定义。,P1,聚类方法负责人,generated_unreviewed
REQ-MCLUSTER001-008,M-CLUSTER-001,智能合约中介,对“智能合约中介”的判断不得仅依赖界面展示或供应商结论，关键事实应能够回溯至原始对象、协议字段或受控记录。,P1,聚类方法负责人,generated_unreviewed
REQ-MCLUSTER001-009,M-CLUSTER-001,代理合约,实施“代理合约”时应优先保证可重现性和证据完整性，而不是追求最大覆盖率；无法满足前提时输出拒绝结论。,P1,聚类方法负责人,generated_unreviewed
REQ-MCLUSTER001-010,M-CLUSTER-001,账户抽象,“账户抽象”发生变更后，应重新执行影响分析、回归验证和人员授权确认，历史案件是否受影响必须形成书面结论。,P1,聚类方法负责人,generated_unreviewed
REQ-MCLUSTER001-011,M-CLUSTER-001,时间行为,“时间行为”的验收必须包含正常、边界、冲突、恶意和历史回归样本，并由未参与实现的人员独立复核。,P1,聚类方法负责人,generated_unreviewed
REQ-MCLUSTER001-012,M-CLUSTER-001,Gas付款关系,围绕“Gas付款关系”，地址聚类方法必须保留输入来源、处理规则、输出结果和复核证据，任何不可解释的缺口均不得由默认值掩盖。,P1,聚类方法负责人,generated_unreviewed
REQ-MCLUSTER001-013,M-CLUSTER-001,创建者关系,“创建者关系”应被拆分为可验证步骤；每一步都要指定责任角色、前置条件、执行记录、异常分支和完成定义。,P2,聚类方法负责人,generated_unreviewed
REQ-MCLUSTER001-014,M-CLUSTER-001,重复交互,对“重复交互”的判断不得仅依赖界面展示或供应商结论，关键事实应能够回溯至原始对象、协议字段或受控记录。,P2,聚类方法负责人,generated_unreviewed
REQ-MCLUSTER001-015,M-CLUSTER-001,跨链地址保持,实施“跨链地址保持”时应优先保证可重现性和证据完整性，而不是追求最大覆盖率；无法满足前提时输出拒绝结论。,P2,聚类方法负责人,generated_unreviewed
REQ-MCLUSTER001-016,M-CLUSTER-001,规则组合,“规则组合”发生变更后，应重新执行影响分析、回归验证和人员授权确认，历史案件是否受影响必须形成书面结论。,P2,聚类方法负责人,generated_unreviewed
REQ-MCLUSTER001-017,M-CLUSTER-001,负向证据,“负向证据”的验收必须包含正常、边界、冲突、恶意和历史回归样本，并由未参与实现的人员独立复核。,P2,聚类方法负责人,generated_unreviewed
REQ-MCLUSTER001-018,M-CLUSTER-001,精确率,围绕“精确率”，地址聚类方法必须保留输入来源、处理规则、输出结果和复核证据，任何不可解释的缺口均不得由默认值掩盖。,P2,聚类方法负责人,generated_unreviewed
REQ-MCLUSTER001-019,M-CLUSTER-001,召回率,“召回率”应被拆分为可验证步骤；每一步都要指定责任角色、前置条件、执行记录、异常分支和完成定义。,P2,聚类方法负责人,generated_unreviewed
REQ-MCLUSTER001-020,M-CLUSTER-001,置信等级,对“置信等级”的判断不得仅依赖界面展示或供应商结论，关键事实应能够回溯至原始对象、协议字段或受控记录。,P2,聚类方法负责人,generated_unreviewed
REQ-MCLUSTER001-021,M-CLUSTER-001,禁用条件,实施“禁用条件”时应优先保证可重现性和证据完整性，而不是追求最大覆盖率；无法满足前提时输出拒绝结论。,P2,聚类方法负责人,generated_unreviewed
REQ-MCLUSTER001-022,M-CLUSTER-001,主体归属边界,“主体归属边界”发生变更后，应重新执行影响分析、回归验证和人员授权确认，历史案件是否受影响必须形成书面结论。,P2,聚类方法负责人,generated_unreviewed
REQ-MLABEL001-001,M-LABEL-001,来源类型,“来源类型”应被拆分为可验证步骤；每一步都要指定责任角色、前置条件、执行记录、异常分支和完成定义。,P0,数据方法负责人,generated_unreviewed
REQ-MLABEL001-002,M-LABEL-001,官方公告,对“官方公告”的判断不得仅依赖界面展示或供应商结论，关键事实应能够回溯至原始对象、协议字段或受控记录。,P0,数据方法负责人,generated_unreviewed
REQ-MLABEL001-003,M-LABEL-001,主体回函,实施“主体回函”时应优先保证可重现性和证据完整性，而不是追求最大覆盖率；无法满足前提时输出拒绝结论。,P0,数据方法负责人,generated_unreviewed
REQ-MLABEL001-004,M-LABEL-001,链上签名,“链上签名”发生变更后，应重新执行影响分析、回归验证和人员授权确认，历史案件是否受影响必须形成书面结论。,P0,数据方法负责人,generated_unreviewed
REQ-MLABEL001-005,M-LABEL-001,设备取证,“设备取证”的验收必须包含正常、边界、冲突、恶意和历史回归样本，并由未参与实现的人员独立复核。,P0,数据方法负责人,generated_unreviewed
REQ-MLABEL001-006,M-LABEL-001,交易所流水,围绕“交易所流水”，地址标签与实体归属证据方法必须保留输入来源、处理规则、输出结果和复核证据，任何不可解释的缺口均不得由默认值掩盖。,P1,数据方法负责人,generated_unreviewed
REQ-MLABEL001-007,M-LABEL-001,公开网页,“公开网页”应被拆分为可验证步骤；每一步都要指定责任角色、前置条件、执行记录、异常分支和完成定义。,P1,数据方法负责人,generated_unreviewed
REQ-MLABEL001-008,M-LABEL-001,商业供应商,对“商业供应商”的判断不得仅依赖界面展示或供应商结论，关键事实应能够回溯至原始对象、协议字段或受控记录。,P1,数据方法负责人,generated_unreviewed
REQ-MLABEL001-009,M-LABEL-001,社区标签,实施“社区标签”时应优先保证可重现性和证据完整性，而不是追求最大覆盖率；无法满足前提时输出拒绝结论。,P1,数据方法负责人,generated_unreviewed
REQ-MLABEL001-010,M-LABEL-001,来源快照,“来源快照”发生变更后，应重新执行影响分析、回归验证和人员授权确认，历史案件是否受影响必须形成书面结论。,P1,数据方法负责人,generated_unreviewed
REQ-MLABEL001-011,M-LABEL-001,证据等级,“证据等级”的验收必须包含正常、边界、冲突、恶意和历史回归样本，并由未参与实现的人员独立复核。,P1,数据方法负责人,generated_unreviewed
REQ-MLABEL001-012,M-LABEL-001,首次发现,围绕“首次发现”，地址标签与实体归属证据方法必须保留输入来源、处理规则、输出结果和复核证据，任何不可解释的缺口均不得由默认值掩盖。,P1,数据方法负责人,generated_unreviewed
REQ-MLABEL001-013,M-LABEL-001,最后验证,“最后验证”应被拆分为可验证步骤；每一步都要指定责任角色、前置条件、执行记录、异常分支和完成定义。,P2,数据方法负责人,generated_unreviewed
REQ-MLABEL001-014,M-LABEL-001,有效期,对“有效期”的判断不得仅依赖界面展示或供应商结论，关键事实应能够回溯至原始对象、协议字段或受控记录。,P2,数据方法负责人,generated_unreviewed
REQ-MLABEL001-015,M-LABEL-001,冲突标签,实施“冲突标签”时应优先保证可重现性和证据完整性，而不是追求最大覆盖率；无法满足前提时输出拒绝结论。,P2,数据方法负责人,generated_unreviewed
REQ-MLABEL001-016,M-LABEL-001,实体范围,“实体范围”发生变更后，应重新执行影响分析、回归验证和人员授权确认，历史案件是否受影响必须形成书面结论。,P2,数据方法负责人,generated_unreviewed
REQ-MLABEL001-017,M-LABEL-001,地址用途,“地址用途”的验收必须包含正常、边界、冲突、恶意和历史回归样本，并由未参与实现的人员独立复核。,P2,数据方法负责人,generated_unreviewed
REQ-MLABEL001-018,M-LABEL-001,控制与使用区别,围绕“控制与使用区别”，地址标签与实体归属证据方法必须保留输入来源、处理规则、输出结果和复核证据，任何不可解释的缺口均不得由默认值掩盖。,P2,数据方法负责人,generated_unreviewed
REQ-MLABEL001-019,M-LABEL-001,自然人归属,“自然人归属”应被拆分为可验证步骤；每一步都要指定责任角色、前置条件、执行记录、异常分支和完成定义。,P2,数据方法负责人,generated_unreviewed
REQ-MLABEL001-020,M-LABEL-001,机构归属,对“机构归属”的判断不得仅依赖界面展示或供应商结论，关键事实应能够回溯至原始对象、协议字段或受控记录。,P2,数据方法负责人,generated_unreviewed
REQ-MLABEL001-021,M-LABEL-001,标签撤回,实施“标签撤回”时应优先保证可重现性和证据完整性，而不是追求最大覆盖率；无法满足前提时输出拒绝结论。,P2,数据方法负责人,generated_unreviewed
REQ-MLABEL001-022,M-LABEL-001,报告引用,“报告引用”发生变更后，应重新执行影响分析、回归验证和人员授权确认，历史案件是否受影响必须形成书面结论。,P2,数据方法负责人,generated_unreviewed
REQ-MAUTH001-001,M-AUTH-001,文件哈希,“文件哈希”应被拆分为可验证步骤；每一步都要指定责任角色、前置条件、执行记录、异常分支和完成定义。,P0,真实性方法负责人,generated_unreviewed
REQ-MAUTH001-002,M-AUTH-001,数字签名,对“数字签名”的判断不得仅依赖界面展示或供应商结论，关键事实应能够回溯至原始对象、协议字段或受控记录。,P0,真实性方法负责人,generated_unreviewed
REQ-MAUTH001-003,M-AUTH-001,区块头验证,实施“区块头验证”时应优先保证可重现性和证据完整性，而不是追求最大覆盖率；无法满足前提时输出拒绝结论。,P0,真实性方法负责人,generated_unreviewed
REQ-MAUTH001-004,M-AUTH-001,Merkle证明,“Merkle证明”发生变更后，应重新执行影响分析、回归验证和人员授权确认，历史案件是否受影响必须形成书面结论。,P0,真实性方法负责人,generated_unreviewed
REQ-MAUTH001-005,M-AUTH-001,交易签名,“交易签名”的验收必须包含正常、边界、冲突、恶意和历史回归样本，并由未参与实现的人员独立复核。,P0,真实性方法负责人,generated_unreviewed
REQ-MAUTH001-006,M-AUTH-001,JSON规范化,围绕“JSON规范化”，真实性与完整性核验方法必须保留输入来源、处理规则、输出结果和复核证据，任何不可解释的缺口均不得由默认值掩盖。,P1,真实性方法负责人,generated_unreviewed
REQ-MAUTH001-007,M-AUTH-001,CSV编码,“CSV编码”应被拆分为可验证步骤；每一步都要指定责任角色、前置条件、执行记录、异常分支和完成定义。,P1,真实性方法负责人,generated_unreviewed
REQ-MAUTH001-008,M-AUTH-001,字段精度,对“字段精度”的判断不得仅依赖界面展示或供应商结论，关键事实应能够回溯至原始对象、协议字段或受控记录。,P1,真实性方法负责人,generated_unreviewed
REQ-MAUTH001-009,M-AUTH-001,时区,实施“时区”时应优先保证可重现性和证据完整性，而不是追求最大覆盖率；无法满足前提时输出拒绝结论。,P1,真实性方法负责人,generated_unreviewed
REQ-MAUTH001-010,M-AUTH-001,Token decimals,“Token decimals”发生变更后，应重新执行影响分析、回归验证和人员授权确认，历史案件是否受影响必须形成书面结论。,P1,真实性方法负责人,generated_unreviewed
REQ-MAUTH001-011,M-AUTH-001,重复记录,“重复记录”的验收必须包含正常、边界、冲突、恶意和历史回归样本，并由未参与实现的人员独立复核。,P1,真实性方法负责人,generated_unreviewed
REQ-MAUTH001-012,M-AUTH-001,缺失记录,围绕“缺失记录”，真实性与完整性核验方法必须保留输入来源、处理规则、输出结果和复核证据，任何不可解释的缺口均不得由默认值掩盖。,P1,真实性方法负责人,generated_unreviewed
REQ-MAUTH001-013,M-AUTH-001,排序差异,“排序差异”应被拆分为可验证步骤；每一步都要指定责任角色、前置条件、执行记录、异常分支和完成定义。,P2,真实性方法负责人,generated_unreviewed
REQ-MAUTH001-014,M-AUTH-001,数据库事务,对“数据库事务”的判断不得仅依赖界面展示或供应商结论，关键事实应能够回溯至原始对象、协议字段或受控记录。,P2,真实性方法负责人,generated_unreviewed
REQ-MAUTH001-015,M-AUTH-001,日志链,实施“日志链”时应优先保证可重现性和证据完整性，而不是追求最大覆盖率；无法满足前提时输出拒绝结论。,P2,真实性方法负责人,generated_unreviewed
REQ-MAUTH001-016,M-AUTH-001,截图与底层数据,“截图与底层数据”发生变更后，应重新执行影响分析、回归验证和人员授权确认，历史案件是否受影响必须形成书面结论。,P2,真实性方法负责人,generated_unreviewed
REQ-MAUTH001-017,M-AUTH-001,报告引用,“报告引用”的验收必须包含正常、边界、冲突、恶意和历史回归样本，并由未参与实现的人员独立复核。,P2,真实性方法负责人,generated_unreviewed
REQ-MAUTH001-018,M-AUTH-001,修改说明,围绕“修改说明”，真实性与完整性核验方法必须保留输入来源、处理规则、输出结果和复核证据，任何不可解释的缺口均不得由默认值掩盖。,P2,真实性方法负责人,generated_unreviewed
REQ-MAUTH001-019,M-AUTH-001,多源一致性,“多源一致性”应被拆分为可验证步骤；每一步都要指定责任角色、前置条件、执行记录、异常分支和完成定义。,P2,真实性方法负责人,generated_unreviewed
REQ-MAUTH001-020,M-AUTH-001,无法验证情形,对“无法验证情形”的判断不得仅依赖界面展示或供应商结论，关键事实应能够回溯至原始对象、协议字段或受控记录。,P2,真实性方法负责人,generated_unreviewed
REQ-MFUNC001-001,M-FUNC-001,历史代码获取,“历史代码获取”应被拆分为可验证步骤；每一步都要指定责任角色、前置条件、执行记录、异常分支和完成定义。,P0,功能鉴定方法负责人,generated_unreviewed
REQ-MFUNC001-002,M-FUNC-001,源码字节码匹配,对“源码字节码匹配”的判断不得仅依赖界面展示或供应商结论，关键事实应能够回溯至原始对象、协议字段或受控记录。,P0,功能鉴定方法负责人,generated_unreviewed
REQ-MFUNC001-003,M-FUNC-001,代理识别,实施“代理识别”时应优先保证可重现性和证据完整性，而不是追求最大覆盖率；无法满足前提时输出拒绝结论。,P0,功能鉴定方法负责人,generated_unreviewed
REQ-MFUNC001-004,M-FUNC-001,实现合约,“实现合约”发生变更后，应重新执行影响分析、回归验证和人员授权确认，历史案件是否受影响必须形成书面结论。,P0,功能鉴定方法负责人,generated_unreviewed
REQ-MFUNC001-005,M-FUNC-001,升级历史,“升级历史”的验收必须包含正常、边界、冲突、恶意和历史回归样本，并由未参与实现的人员独立复核。,P0,功能鉴定方法负责人,generated_unreviewed
REQ-MFUNC001-006,M-FUNC-001,存储槽,围绕“存储槽”，智能合约与钱包功能分析方法必须保留输入来源、处理规则、输出结果和复核证据，任何不可解释的缺口均不得由默认值掩盖。,P1,功能鉴定方法负责人,generated_unreviewed
REQ-MFUNC001-007,M-FUNC-001,管理员权限,“管理员权限”应被拆分为可验证步骤；每一步都要指定责任角色、前置条件、执行记录、异常分支和完成定义。,P1,功能鉴定方法负责人,generated_unreviewed
REQ-MFUNC001-008,M-FUNC-001,授权机制,对“授权机制”的判断不得仅依赖界面展示或供应商结论，关键事实应能够回溯至原始对象、协议字段或受控记录。,P1,功能鉴定方法负责人,generated_unreviewed
REQ-MFUNC001-009,M-FUNC-001,黑白名单,实施“黑白名单”时应优先保证可重现性和证据完整性，而不是追求最大覆盖率；无法满足前提时输出拒绝结论。,P1,功能鉴定方法负责人,generated_unreviewed
REQ-MFUNC001-010,M-FUNC-001,转账税,“转账税”发生变更后，应重新执行影响分析、回归验证和人员授权确认，历史案件是否受影响必须形成书面结论。,P1,功能鉴定方法负责人,generated_unreviewed
REQ-MFUNC001-011,M-FUNC-001,暂停开关,“暂停开关”的验收必须包含正常、边界、冲突、恶意和历史回归样本，并由未参与实现的人员独立复核。,P1,功能鉴定方法负责人,generated_unreviewed
REQ-MFUNC001-012,M-FUNC-001,铸造销毁,围绕“铸造销毁”，智能合约与钱包功能分析方法必须保留输入来源、处理规则、输出结果和复核证据，任何不可解释的缺口均不得由默认值掩盖。,P1,功能鉴定方法负责人,generated_unreviewed
REQ-MFUNC001-013,M-FUNC-001,签名验证,“签名验证”应被拆分为可验证步骤；每一步都要指定责任角色、前置条件、执行记录、异常分支和完成定义。,P2,功能鉴定方法负责人,generated_unreviewed
REQ-MFUNC001-014,M-FUNC-001,重入,对“重入”的判断不得仅依赖界面展示或供应商结论，关键事实应能够回溯至原始对象、协议字段或受控记录。,P2,功能鉴定方法负责人,generated_unreviewed
REQ-MFUNC001-015,M-FUNC-001,外部调用,实施“外部调用”时应优先保证可重现性和证据完整性，而不是追求最大覆盖率；无法满足前提时输出拒绝结论。,P2,功能鉴定方法负责人,generated_unreviewed
REQ-MFUNC001-016,M-FUNC-001,攻击交易回放,“攻击交易回放”发生变更后，应重新执行影响分析、回归验证和人员授权确认，历史案件是否受影响必须形成书面结论。,P2,功能鉴定方法负责人,generated_unreviewed
REQ-MFUNC001-017,M-FUNC-001,Fork区块高度,“Fork区块高度”的验收必须包含正常、边界、冲突、恶意和历史回归样本，并由未参与实现的人员独立复核。,P2,功能鉴定方法负责人,generated_unreviewed
REQ-MFUNC001-018,M-FUNC-001,环境确定性,围绕“环境确定性”，智能合约与钱包功能分析方法必须保留输入来源、处理规则、输出结果和复核证据，任何不可解释的缺口均不得由默认值掩盖。,P2,功能鉴定方法负责人,generated_unreviewed
REQ-MFUNC001-019,M-FUNC-001,钱包密钥存储,“钱包密钥存储”应被拆分为可验证步骤；每一步都要指定责任角色、前置条件、执行记录、异常分支和完成定义。,P2,功能鉴定方法负责人,generated_unreviewed
REQ-MFUNC001-020,M-FUNC-001,交易签名流程,对“交易签名流程”的判断不得仅依赖界面展示或供应商结论，关键事实应能够回溯至原始对象、协议字段或受控记录。,P2,功能鉴定方法负责人,generated_unreviewed
REQ-MFUNC001-021,M-FUNC-001,恶意插件,实施“恶意插件”时应优先保证可重现性和证据完整性，而不是追求最大覆盖率；无法满足前提时输出拒绝结论。,P2,功能鉴定方法负责人,generated_unreviewed
REQ-MFUNC001-022,M-FUNC-001,结果限制,“结果限制”发生变更后，应重新执行影响分析、回归验证和人员授权确认，历史案件是否受影响必须形成书面结论。,P2,功能鉴定方法负责人,generated_unreviewed
REQ-MAI001-001,M-AI-001,允许任务,“允许任务”应被拆分为可验证步骤；每一步都要指定责任角色、前置条件、执行记录、异常分支和完成定义。,P0,AI负责人,generated_unreviewed
REQ-MAI001-002,M-AI-001,禁止任务,对“禁止任务”的判断不得仅依赖界面展示或供应商结论，关键事实应能够回溯至原始对象、协议字段或受控记录。,P0,AI负责人,generated_unreviewed
REQ-MAI001-003,M-AI-001,模型与版本,实施“模型与版本”时应优先保证可重现性和证据完整性，而不是追求最大覆盖率；无法满足前提时输出拒绝结论。,P0,AI负责人,generated_unreviewed
REQ-MAI001-004,M-AI-001,提示词版本,“提示词版本”发生变更后，应重新执行影响分析、回归验证和人员授权确认，历史案件是否受影响必须形成书面结论。,P0,AI负责人,generated_unreviewed
REQ-MAI001-005,M-AI-001,工具白名单,“工具白名单”的验收必须包含正常、边界、冲突、恶意和历史回归样本，并由未参与实现的人员独立复核。,P0,AI负责人,generated_unreviewed
REQ-MAI001-006,M-AI-001,输入最小化,围绕“输入最小化”，AI与Agent受控辅助方法必须保留输入来源、处理规则、输出结果和复核证据，任何不可解释的缺口均不得由默认值掩盖。,P1,AI负责人,generated_unreviewed
REQ-MAI001-007,M-AI-001,敏感数据脱敏,“敏感数据脱敏”应被拆分为可验证步骤；每一步都要指定责任角色、前置条件、执行记录、异常分支和完成定义。,P1,AI负责人,generated_unreviewed
REQ-MAI001-008,M-AI-001,本地模型选择,对“本地模型选择”的判断不得仅依赖界面展示或供应商结论，关键事实应能够回溯至原始对象、协议字段或受控记录。,P1,AI负责人,generated_unreviewed
REQ-MAI001-009,M-AI-001,远程模型审查,实施“远程模型审查”时应优先保证可重现性和证据完整性，而不是追求最大覆盖率；无法满足前提时输出拒绝结论。,P1,AI负责人,generated_unreviewed
REQ-MAI001-010,M-AI-001,检索来源,“检索来源”发生变更后，应重新执行影响分析、回归验证和人员授权确认，历史案件是否受影响必须形成书面结论。,P1,AI负责人,generated_unreviewed
REQ-MAI001-011,M-AI-001,证据引用,“证据引用”的验收必须包含正常、边界、冲突、恶意和历史回归样本，并由未参与实现的人员独立复核。,P1,AI负责人,generated_unreviewed
REQ-MAI001-012,M-AI-001,候选生成,围绕“候选生成”，AI与Agent受控辅助方法必须保留输入来源、处理规则、输出结果和复核证据，任何不可解释的缺口均不得由默认值掩盖。,P1,AI负责人,generated_unreviewed
REQ-MAI001-013,M-AI-001,幻觉检测,“幻觉检测”应被拆分为可验证步骤；每一步都要指定责任角色、前置条件、执行记录、异常分支和完成定义。,P2,AI负责人,generated_unreviewed
REQ-MAI001-014,M-AI-001,结构化输出,对“结构化输出”的判断不得仅依赖界面展示或供应商结论，关键事实应能够回溯至原始对象、协议字段或受控记录。,P2,AI负责人,generated_unreviewed
REQ-MAI001-015,M-AI-001,人工批准,实施“人工批准”时应优先保证可重现性和证据完整性，而不是追求最大覆盖率；无法满足前提时输出拒绝结论。,P2,AI负责人,generated_unreviewed
REQ-MAI001-016,M-AI-001,审计日志,“审计日志”发生变更后，应重新执行影响分析、回归验证和人员授权确认，历史案件是否受影响必须形成书面结论。,P2,AI负责人,generated_unreviewed
REQ-MAI001-017,M-AI-001,可重现性,“可重现性”的验收必须包含正常、边界、冲突、恶意和历史回归样本，并由未参与实现的人员独立复核。,P2,AI负责人,generated_unreviewed
REQ-MAI001-018,M-AI-001,模型升级,围绕“模型升级”，AI与Agent受控辅助方法必须保留输入来源、处理规则、输出结果和复核证据，任何不可解释的缺口均不得由默认值掩盖。,P2,AI负责人,generated_unreviewed
REQ-MAI001-019,M-AI-001,对抗输入,“对抗输入”应被拆分为可验证步骤；每一步都要指定责任角色、前置条件、执行记录、异常分支和完成定义。,P2,AI负责人,generated_unreviewed
REQ-MAI001-020,M-AI-001,自动停止条件,对“自动停止条件”的判断不得仅依赖界面展示或供应商结论，关键事实应能够回溯至原始对象、协议字段或受控记录。,P2,AI负责人,generated_unreviewed
REQ-MAI001-021,M-AI-001,供应商数据政策,实施“供应商数据政策”时应优先保证可重现性和证据完整性，而不是追求最大覆盖率；无法满足前提时输出拒绝结论。,P2,AI负责人,generated_unreviewed
REQ-QMS001-001,QMS-001,组织环境,“组织环境”应被拆分为可验证步骤；每一步都要指定责任角色、前置条件、执行记录、异常分支和完成定义。,P0,质量负责人,generated_unreviewed
REQ-QMS001-002,QMS-001,相关方需求,对“相关方需求”的判断不得仅依赖界面展示或供应商结论，关键事实应能够回溯至原始对象、协议字段或受控记录。,P0,质量负责人,generated_unreviewed
REQ-QMS001-003,QMS-001,法律地位,实施“法律地位”时应优先保证可重现性和证据完整性，而不是追求最大覆盖率；无法满足前提时输出拒绝结论。,P0,质量负责人,generated_unreviewed
REQ-QMS001-004,QMS-001,公正性,“公正性”发生变更后，应重新执行影响分析、回归验证和人员授权确认，历史案件是否受影响必须形成书面结论。,P0,质量负责人,generated_unreviewed
REQ-QMS001-005,QMS-001,保密性,“保密性”的验收必须包含正常、边界、冲突、恶意和历史回归样本，并由未参与实现的人员独立复核。,P0,质量负责人,generated_unreviewed
REQ-QMS001-006,QMS-001,组织结构,围绕“组织结构”，质量手册必须保留输入来源、处理规则、输出结果和复核证据，任何不可解释的缺口均不得由默认值掩盖。,P1,质量负责人,generated_unreviewed
REQ-QMS001-007,QMS-001,人员资源,“人员资源”应被拆分为可验证步骤；每一步都要指定责任角色、前置条件、执行记录、异常分支和完成定义。,P1,质量负责人,generated_unreviewed
REQ-QMS001-008,QMS-001,设施环境,对“设施环境”的判断不得仅依赖界面展示或供应商结论，关键事实应能够回溯至原始对象、协议字段或受控记录。,P1,质量负责人,generated_unreviewed
REQ-QMS001-009,QMS-001,设备资源,实施“设备资源”时应优先保证可重现性和证据完整性，而不是追求最大覆盖率；无法满足前提时输出拒绝结论。,P1,质量负责人,generated_unreviewed
REQ-QMS001-010,QMS-001,外部服务,“外部服务”发生变更后，应重新执行影响分析、回归验证和人员授权确认，历史案件是否受影响必须形成书面结论。,P1,质量负责人,generated_unreviewed
REQ-QMS001-011,QMS-001,合同评审,“合同评审”的验收必须包含正常、边界、冲突、恶意和历史回归样本，并由未参与实现的人员独立复核。,P1,质量负责人,generated_unreviewed
REQ-QMS001-012,QMS-001,方法选择,围绕“方法选择”，质量手册必须保留输入来源、处理规则、输出结果和复核证据，任何不可解释的缺口均不得由默认值掩盖。,P1,质量负责人,generated_unreviewed
REQ-QMS001-013,QMS-001,采样研究,“采样研究”应被拆分为可验证步骤；每一步都要指定责任角色、前置条件、执行记录、异常分支和完成定义。,P2,质量负责人,generated_unreviewed
REQ-QMS001-014,QMS-001,检材处置,对“检材处置”的判断不得仅依赖界面展示或供应商结论，关键事实应能够回溯至原始对象、协议字段或受控记录。,P2,质量负责人,generated_unreviewed
REQ-QMS001-015,QMS-001,技术记录,实施“技术记录”时应优先保证可重现性和证据完整性，而不是追求最大覆盖率；无法满足前提时输出拒绝结论。,P2,质量负责人,generated_unreviewed
REQ-QMS001-016,QMS-001,不确定性,“不确定性”发生变更后，应重新执行影响分析、回归验证和人员授权确认，历史案件是否受影响必须形成书面结论。,P2,质量负责人,generated_unreviewed
REQ-QMS001-017,QMS-001,结果有效性,“结果有效性”的验收必须包含正常、边界、冲突、恶意和历史回归样本，并由未参与实现的人员独立复核。,P2,质量负责人,generated_unreviewed
REQ-QMS001-018,QMS-001,报告,围绕“报告”，质量手册必须保留输入来源、处理规则、输出结果和复核证据，任何不可解释的缺口均不得由默认值掩盖。,P2,质量负责人,generated_unreviewed
REQ-QMS001-019,QMS-001,投诉,“投诉”应被拆分为可验证步骤；每一步都要指定责任角色、前置条件、执行记录、异常分支和完成定义。,P2,质量负责人,generated_unreviewed
REQ-QMS001-020,QMS-001,不符合工作,对“不符合工作”的判断不得仅依赖界面展示或供应商结论，关键事实应能够回溯至原始对象、协议字段或受控记录。,P2,质量负责人,generated_unreviewed
REQ-QMS001-021,QMS-001,数据与信息管理,实施“数据与信息管理”时应优先保证可重现性和证据完整性，而不是追求最大覆盖率；无法满足前提时输出拒绝结论。,P2,质量负责人,generated_unreviewed
REQ-QMS001-022,QMS-001,管理体系文件,“管理体系文件”发生变更后，应重新执行影响分析、回归验证和人员授权确认，历史案件是否受影响必须形成书面结论。,P2,质量负责人,generated_unreviewed
REQ-QMS001-023,QMS-001,风险机会,“风险机会”的验收必须包含正常、边界、冲突、恶意和历史回归样本，并由未参与实现的人员独立复核。,P2,质量负责人,generated_unreviewed
REQ-QMS001-024,QMS-001,改进,围绕“改进”，质量手册必须保留输入来源、处理规则、输出结果和复核证据，任何不可解释的缺口均不得由默认值掩盖。,P2,质量负责人,generated_unreviewed
REQ-QMS001-025,QMS-001,纠正措施,“纠正措施”应被拆分为可验证步骤；每一步都要指定责任角色、前置条件、执行记录、异常分支和完成定义。,P2,质量负责人,generated_unreviewed
REQ-QMS001-026,QMS-001,内审,对“内审”的判断不得仅依赖界面展示或供应商结论，关键事实应能够回溯至原始对象、协议字段或受控记录。,P2,质量负责人,generated_unreviewed
REQ-QMS001-027,QMS-001,管理评审,实施“管理评审”时应优先保证可重现性和证据完整性，而不是追求最大覆盖率；无法满足前提时输出拒绝结论。,P2,质量负责人,generated_unreviewed
REQ-QMS002-001,QMS-002,文件创建,“文件创建”应被拆分为可验证步骤；每一步都要指定责任角色、前置条件、执行记录、异常分支和完成定义。,P0,质量负责人,generated_unreviewed
REQ-QMS002-002,QMS-002,技术复核,对“技术复核”的判断不得仅依赖界面展示或供应商结论，关键事实应能够回溯至原始对象、协议字段或受控记录。,P0,质量负责人,generated_unreviewed
REQ-QMS002-003,QMS-002,质量审查,实施“质量审查”时应优先保证可重现性和证据完整性，而不是追求最大覆盖率；无法满足前提时输出拒绝结论。,P0,质量负责人,generated_unreviewed
REQ-QMS002-004,QMS-002,批准生效,“批准生效”发生变更后，应重新执行影响分析、回归验证和人员授权确认，历史案件是否受影响必须形成书面结论。,P0,质量负责人,generated_unreviewed
REQ-QMS002-005,QMS-002,受控发布,“受控发布”的验收必须包含正常、边界、冲突、恶意和历史回归样本，并由未参与实现的人员独立复核。,P0,质量负责人,generated_unreviewed
REQ-QMS002-006,QMS-002,版本标识,围绕“版本标识”，文件与记录控制程序必须保留输入来源、处理规则、输出结果和复核证据，任何不可解释的缺口均不得由默认值掩盖。,P1,质量负责人,generated_unreviewed
REQ-QMS002-007,QMS-002,旧版撤回,“旧版撤回”应被拆分为可验证步骤；每一步都要指定责任角色、前置条件、执行记录、异常分支和完成定义。,P1,质量负责人,generated_unreviewed
REQ-QMS002-008,QMS-002,外来文件,对“外来文件”的判断不得仅依赖界面展示或供应商结论，关键事实应能够回溯至原始对象、协议字段或受控记录。,P1,质量负责人,generated_unreviewed
REQ-QMS002-009,QMS-002,查新,实施“查新”时应优先保证可重现性和证据完整性，而不是追求最大覆盖率；无法满足前提时输出拒绝结论。,P1,质量负责人,generated_unreviewed
REQ-QMS002-010,QMS-002,记录唯一编号,“记录唯一编号”发生变更后，应重新执行影响分析、回归验证和人员授权确认，历史案件是否受影响必须形成书面结论。,P1,质量负责人,generated_unreviewed
REQ-QMS002-011,QMS-002,原始记录,“原始记录”的验收必须包含正常、边界、冲突、恶意和历史回归样本，并由未参与实现的人员独立复核。,P1,质量负责人,generated_unreviewed
REQ-QMS002-012,QMS-002,修订追加,围绕“修订追加”，文件与记录控制程序必须保留输入来源、处理规则、输出结果和复核证据，任何不可解释的缺口均不得由默认值掩盖。,P1,质量负责人,generated_unreviewed
REQ-QMS002-013,QMS-002,电子签名,“电子签名”应被拆分为可验证步骤；每一步都要指定责任角色、前置条件、执行记录、异常分支和完成定义。,P2,质量负责人,generated_unreviewed
REQ-QMS002-014,QMS-002,时间同步,对“时间同步”的判断不得仅依赖界面展示或供应商结论，关键事实应能够回溯至原始对象、协议字段或受控记录。,P2,质量负责人,generated_unreviewed
REQ-QMS002-015,QMS-002,附件哈希,实施“附件哈希”时应优先保证可重现性和证据完整性，而不是追求最大覆盖率；无法满足前提时输出拒绝结论。,P2,质量负责人,generated_unreviewed
REQ-QMS002-016,QMS-002,访问控制,“访问控制”发生变更后，应重新执行影响分析、回归验证和人员授权确认，历史案件是否受影响必须形成书面结论。,P2,质量负责人,generated_unreviewed
REQ-QMS002-017,QMS-002,留存期限,“留存期限”的验收必须包含正常、边界、冲突、恶意和历史回归样本，并由未参与实现的人员独立复核。,P2,质量负责人,generated_unreviewed
REQ-QMS002-018,QMS-002,备份恢复,围绕“备份恢复”，文件与记录控制程序必须保留输入来源、处理规则、输出结果和复核证据，任何不可解释的缺口均不得由默认值掩盖。,P2,质量负责人,generated_unreviewed
REQ-QMS002-019,QMS-002,合法暂停销毁,“合法暂停销毁”应被拆分为可验证步骤；每一步都要指定责任角色、前置条件、执行记录、异常分支和完成定义。,P2,质量负责人,generated_unreviewed
REQ-QMS002-020,QMS-002,销毁证明,对“销毁证明”的判断不得仅依赖界面展示或供应商结论，关键事实应能够回溯至原始对象、协议字段或受控记录。,P2,质量负责人,generated_unreviewed
REQ-QMS003-001,QMS-003,方法分类,每个方法必须按标准采用 标准偏离 内部制定或非标准方法分类并记录依据,P0,方法负责人,reviewed
REQ-QMS003-002,QMS-003,标准方法核验,引用标准时必须固定版本 适用对象 选项和本地实现差异,P0,方法负责人,reviewed
REQ-QMS003-003,QMS-003,非标准方法确认,非标准方法必须在结果产生前批准用途 样本 真值 指标和停止门,P0,方法负责人,reviewed
REQ-QMS003-004,QMS-003,偏离批准,实际步骤 工具 参数或数据源偏离必须单独登记并评价P0影响,P0,方法负责人,reviewed
REQ-QMS003-005,QMS-003,性能特性,验证计划必须按输出性质选择准确性 完整性 重复性 复现性和拒绝能力,P0,方法负责人,reviewed
REQ-QMS003-006,QMS-003,准确性,P0字段必须逐字段与GT1至GT4比较且任何未解释差异均阻断,P0,方法负责人,reviewed
REQ-QMS003-007,QMS-003,精密度,确定性输出必须分别评价同人重复和跨人员或环境复现,P1,方法负责人,reviewed
REQ-QMS003-008,QMS-003,检出能力研究,只有具备独立阳性和阴性定义的任务才可研究检出或识别能力,P1,方法负责人,reviewed
REQ-QMS003-009,QMS-003,稳健性,必须在批准范围内改变节点 延迟 顺序 时区和数据量以评价稳健性,P1,方法负责人,reviewed
REQ-QMS003-010,QMS-003,复现性,第二人员或独立环境必须从原始对象复验P0确定性字段,P0,方法负责人,reviewed
REQ-QMS003-011,QMS-003,样本代表性,样本矩阵必须覆盖正常 边界 负向 冲突 恶意和回归场景,P1,方法负责人,reviewed
REQ-QMS003-012,QMS-003,反例,验证必须包含诱发误认 遗漏 重复和错误归一化的反例,P1,方法负责人,reviewed
REQ-QMS003-013,QMS-003,接受准则,指标 阈值 排除条件和停止门必须在运行前冻结,P0,方法负责人,reviewed
REQ-QMS003-014,QMS-003,限制范围,确认报告必须列明未验证链 协议 时期 字段和结论,P0,方法负责人,reviewed
REQ-QMS003-015,QMS-003,确认报告,确认报告必须同时保留通过 失败 阻断 偏离和残余风险,P1,方法负责人,reviewed
REQ-QMS003-016,QMS-003,独立评审,复核人必须验证对象哈希并从原始输入重算P0字段,P0,方法负责人,reviewed
REQ-QMS003-017,QMS-003,人员培训,方法培训必须覆盖批准版本 限制 错误模式和停止条件,P1,方法负责人,reviewed
REQ-QMS003-018,QMS-003,上线授权,方法 工具 人员 环境和数据源均有效时才可授权使用,P0,方法负责人,reviewed
REQ-QMS003-019,QMS-003,质量监控,运行期必须监控P0差异 拒绝率 来源失败 改判和投诉,P1,方法负责人,reviewed
REQ-QMS003-020,QMS-003,再确认触发,协议 工具 数据源 环境 规则 法规或重大缺陷变化必须触发影响评价,P0,方法负责人,reviewed
REQ-QMS004-001,QMS-004,工具登记,每个工具必须以名称 版本 构建 提交 制品哈希 依赖和责任人登记,P0,测试负责人,reviewed
REQ-QMS004-002,QMS-004,预期用途,工具必须限定允许输入 输出 方法 用户 环境和禁止用途,P0,测试负责人,reviewed
REQ-QMS004-003,QMS-004,供应商声明,供应商声明只可作为风险输入且不得替代内部客观验证,P1,测试负责人,reviewed
REQ-QMS004-004,QMS-004,源码或二进制来源,工具制品必须能回溯官方发布 固定提交或受控供应商交付,P0,测试负责人,reviewed
REQ-QMS004-005,QMS-004,版本与哈希,所有进入验证或运行的制品必须记录精确版本和SHA-256,P0,测试负责人,reviewed
REQ-QMS004-006,QMS-004,依赖锁定,运行时 库 模型 规则和数据库版本必须锁定并防止自动漂移,P0,测试负责人,reviewed
REQ-QMS004-007,QMS-004,环境配置,必须保存操作系统 架构 区域 时区 配置 节点和网络环境,P0,测试负责人,reviewed
REQ-QMS004-008,QMS-004,已知答案测试,P0字段必须使用独立GT1至GT4样本执行已知答案测试,P0,测试负责人,reviewed
REQ-QMS004-009,QMS-004,边界测试,测试必须覆盖空值 极值 畸形对象 升级边界和不支持对象,P1,测试负责人,reviewed
REQ-QMS004-010,QMS-004,错误处理,工具必须区分不存在 无效 不支持 来源失败 冲突和内部错误,P0,测试负责人,reviewed
REQ-QMS004-011,QMS-004,安全测试,必须评价权限 秘密 日志 注入 完整性 外联和供应链风险,P0,测试负责人,reviewed
REQ-QMS004-012,QMS-004,性能测试,必须在声明数据量下评价资源 超时 截断 分页和恢复,P1,测试负责人,reviewed
REQ-QMS004-013,QMS-004,跨工具比对,不同工具只用于发现差异且不能以多数投票代替真值,P0,测试负责人,reviewed
REQ-QMS004-014,QMS-004,人工复核,P0输出必须能定位原始对象并支持具名人员独立重算,P0,测试负责人,reviewed
REQ-QMS004-015,QMS-004,缺陷登记,缺陷必须关联工具版本 样本 输入哈希 严重度和历史影响,P0,测试负责人,reviewed
REQ-QMS004-016,QMS-004,风险接受,残余风险接受必须具名 限期 限范围且不得覆盖未解释P0错误,P0,测试负责人,reviewed
REQ-QMS004-017,QMS-004,发布批准,发布批准必须限定工具哈希 方法 人员 环境 有效期和禁止用途,P0,测试负责人,reviewed
REQ-QMS004-018,QMS-004,使用监控,必须监控错误 拒绝 切源 性能 漂移 漏洞和供应商通报,P1,测试负责人,reviewed
REQ-QMS004-019,QMS-004,升级再验证,升级前必须评价新旧制品 依赖 字段 方法 样本和历史运行影响,P0,测试负责人,reviewed
REQ-QMS004-020,QMS-004,停用与替换,停用必须保留旧制品证据并记录迁移 回滚 替代和历史影响,P1,测试负责人,reviewed
REQ-QMS005-001,QMS-005,样本来源,样本必须记录来源主体 对象 时间 授权 取得路径和哈希,P0,测试负责人,reviewed
REQ-QMS005-002,QMS-005,公开链样本,公开链样本必须固定链 网络 对象ID 观察时点和原始对象,P0,测试负责人,reviewed
REQ-QMS005-003,QMS-005,自建测试链,隔离网络必须保存创世 配置 客户端 密钥管理和全部生成事件,P0,测试负责人,reviewed
REQ-QMS005-004,QMS-005,合作机构样本,合作样本必须明确合同用途 脱敏 再共享 保存和销毁条件,P0,测试负责人,reviewed
REQ-QMS005-005,QMS-005,合成样本,合成样本必须保存生成规则 种子 参数 输入和预期,P1,测试负责人,reviewed
REQ-QMS005-006,QMS-005,真实值证明,每个P0字段必须指向GT1至GT4来源 规则和复核证据,P0,测试负责人,reviewed
REQ-QMS005-007,QMS-005,多工具一致,多工具结果只有证明实质独立后才可构成GT3,P0,测试负责人,reviewed
REQ-QMS005-008,QMS-005,人工独立确认,真值复核人必须从原始对象重算而非查看被测工具结果,P0,测试负责人,reviewed
REQ-QMS005-009,QMS-005,盲测,正式判定时执行人不得在运行结果冻结前取得隐藏预期,P1,测试负责人,reviewed
REQ-QMS005-010,QMS-005,正样本,正样本必须具有独立阳性定义及字段级证据,P1,测试负责人,reviewed
REQ-QMS005-011,QMS-005,负样本,负样本必须排除来源失败 未知和不可得而非以空结果定义阴性,P0,测试负责人,reviewed
REQ-QMS005-012,QMS-005,边界样本,样本必须覆盖协议 数值 时间 编码 升级和容量边界,P1,测试负责人,reviewed
REQ-QMS005-013,QMS-005,冲突样本,来源矛盾必须保留并按预定义停止或裁决流程处理,P0,测试负责人,reviewed
REQ-QMS005-014,QMS-005,恶意样本,恶意样本必须隔离并覆盖畸形 伪装 重复 注入和资源消耗,P1,测试负责人,reviewed
REQ-QMS005-015,QMS-005,版本冻结,样本 原始对象 真值 规则 元数据和许可必须同步版本化,P0,测试负责人,reviewed
REQ-QMS005-016,QMS-005,样本哈希,原始 派生 真值和清单对象必须分别记录字节数与SHA-256,P0,测试负责人,reviewed
REQ-QMS005-017,QMS-005,数据许可,许可必须覆盖取得 验证 复核 保存 共享 到期和删除,P0,测试负责人,reviewed
REQ-QMS005-018,QMS-005,隐私脱敏,含个人或案件信息的样本必须最小化 脱敏并评价重识别风险,P0,测试负责人,reviewed
REQ-QMS005-019,QMS-005,样本污染,开发 验证 回归和外部样本必须分割并记录答案接触,P0,测试负责人,reviewed
REQ-QMS005-020,QMS-005,样本退役,样本退役必须记录原因 替代 历史影响 保存或销毁证明,P1,测试负责人,reviewed
REQ-QMS006-001,QMS-006,能力活动年度计划,“能力活动年度计划”应被拆分为可验证步骤；每一步都要指定责任角色、前置条件、执行记录、异常分支和完成定义。,P0,质量负责人,generated_unreviewed
REQ-QMS006-002,QMS-006,外部能力验证,对“外部能力验证”的判断不得仅依赖界面展示或供应商结论，关键事实应能够回溯至原始对象、协议字段或受控记录。,P0,质量负责人,generated_unreviewed
REQ-QMS006-003,QMS-006,机构间比对,实施“机构间比对”时应优先保证可重现性和证据完整性，而不是追求最大覆盖率；无法满足前提时输出拒绝结论。,P0,质量负责人,generated_unreviewed
REQ-QMS006-004,QMS-006,内部盲样,“内部盲样”发生变更后，应重新执行影响分析、回归验证和人员授权确认，历史案件是否受影响必须形成书面结论。,P0,质量负责人,generated_unreviewed
REQ-QMS006-005,QMS-006,项目覆盖,“项目覆盖”的验收必须包含正常、边界、冲突、恶意和历史回归样本，并由未参与实现的人员独立复核。,P0,质量负责人,generated_unreviewed
REQ-QMS006-006,QMS-006,人员轮换,围绕“人员轮换”，能力验证与机构间比对程序必须保留输入来源、处理规则、输出结果和复核证据，任何不可解释的缺口均不得由默认值掩盖。,P1,质量负责人,generated_unreviewed
REQ-QMS006-007,QMS-006,样品保密,“样品保密”应被拆分为可验证步骤；每一步都要指定责任角色、前置条件、执行记录、异常分支和完成定义。,P1,质量负责人,generated_unreviewed
REQ-QMS006-008,QMS-006,提交过程,对“提交过程”的判断不得仅依赖界面展示或供应商结论，关键事实应能够回溯至原始对象、协议字段或受控记录。,P1,质量负责人,generated_unreviewed
REQ-QMS006-009,QMS-006,结果评价,实施“结果评价”时应优先保证可重现性和证据完整性，而不是追求最大覆盖率；无法满足前提时输出拒绝结论。,P1,质量负责人,generated_unreviewed
REQ-QMS006-010,QMS-006,满意标准,“满意标准”发生变更后，应重新执行影响分析、回归验证和人员授权确认，历史案件是否受影响必须形成书面结论。,P1,质量负责人,generated_unreviewed
REQ-QMS006-011,QMS-006,可疑结果,“可疑结果”的验收必须包含正常、边界、冲突、恶意和历史回归样本，并由未参与实现的人员独立复核。,P1,质量负责人,generated_unreviewed
REQ-QMS006-012,QMS-006,不满意结果,围绕“不满意结果”，能力验证与机构间比对程序必须保留输入来源、处理规则、输出结果和复核证据，任何不可解释的缺口均不得由默认值掩盖。,P1,质量负责人,generated_unreviewed
REQ-QMS006-013,QMS-006,根因分析,“根因分析”应被拆分为可验证步骤；每一步都要指定责任角色、前置条件、执行记录、异常分支和完成定义。,P2,质量负责人,generated_unreviewed
REQ-QMS006-014,QMS-006,暂停授权,对“暂停授权”的判断不得仅依赖界面展示或供应商结论，关键事实应能够回溯至原始对象、协议字段或受控记录。,P2,质量负责人,generated_unreviewed
REQ-QMS006-015,QMS-006,纠正措施,实施“纠正措施”时应优先保证可重现性和证据完整性，而不是追求最大覆盖率；无法满足前提时输出拒绝结论。,P2,质量负责人,generated_unreviewed
REQ-QMS006-016,QMS-006,再验证,“再验证”发生变更后，应重新执行影响分析、回归验证和人员授权确认，历史案件是否受影响必须形成书面结论。,P2,质量负责人,generated_unreviewed
REQ-QMS006-017,QMS-006,历史结果影响,“历史结果影响”的验收必须包含正常、边界、冲突、恶意和历史回归样本，并由未参与实现的人员独立复核。,P2,质量负责人,generated_unreviewed
REQ-QMS006-018,QMS-006,管理评审输入,围绕“管理评审输入”，能力验证与机构间比对程序必须保留输入来源、处理规则、输出结果和复核证据，任何不可解释的缺口均不得由默认值掩盖。,P2,质量负责人,generated_unreviewed
REQ-QMS007-001,QMS-007,设备需求说明,“设备需求说明”应被拆分为可验证步骤；每一步都要指定责任角色、前置条件、执行记录、异常分支和完成定义。,P0,实验室负责人,generated_unreviewed
REQ-QMS007-002,QMS-007,采购技术评审,对“采购技术评审”的判断不得仅依赖界面展示或供应商结论，关键事实应能够回溯至原始对象、协议字段或受控记录。,P0,实验室负责人,generated_unreviewed
REQ-QMS007-003,QMS-007,到货验收,实施“到货验收”时应优先保证可重现性和证据完整性，而不是追求最大覆盖率；无法满足前提时输出拒绝结论。,P0,实验室负责人,generated_unreviewed
REQ-QMS007-004,QMS-007,资产编号,“资产编号”发生变更后，应重新执行影响分析、回归验证和人员授权确认，历史案件是否受影响必须形成书面结论。,P0,实验室负责人,generated_unreviewed
REQ-QMS007-005,QMS-007,安装确认,“安装确认”的验收必须包含正常、边界、冲突、恶意和历史回归样本，并由未参与实现的人员独立复核。,P0,实验室负责人,generated_unreviewed
REQ-QMS007-006,QMS-007,运行确认,围绕“运行确认”，设备、校准与环境管理程序必须保留输入来源、处理规则、输出结果和复核证据，任何不可解释的缺口均不得由默认值掩盖。,P1,实验室负责人,generated_unreviewed
REQ-QMS007-007,QMS-007,性能确认,“性能确认”应被拆分为可验证步骤；每一步都要指定责任角色、前置条件、执行记录、异常分支和完成定义。,P1,实验室负责人,generated_unreviewed
REQ-QMS007-008,QMS-007,校准与检定,对“校准与检定”的判断不得仅依赖界面展示或供应商结论，关键事实应能够回溯至原始对象、协议字段或受控记录。,P1,实验室负责人,generated_unreviewed
REQ-QMS007-009,QMS-007,量值溯源,实施“量值溯源”时应优先保证可重现性和证据完整性，而不是追求最大覆盖率；无法满足前提时输出拒绝结论。,P1,实验室负责人,generated_unreviewed
REQ-QMS007-010,QMS-007,中间核查,“中间核查”发生变更后，应重新执行影响分析、回归验证和人员授权确认，历史案件是否受影响必须形成书面结论。,P1,实验室负责人,generated_unreviewed
REQ-QMS007-011,QMS-007,维护保养,“维护保养”的验收必须包含正常、边界、冲突、恶意和历史回归样本，并由未参与实现的人员独立复核。,P1,实验室负责人,generated_unreviewed
REQ-QMS007-012,QMS-007,故障标识,围绕“故障标识”，设备、校准与环境管理程序必须保留输入来源、处理规则、输出结果和复核证据，任何不可解释的缺口均不得由默认值掩盖。,P1,实验室负责人,generated_unreviewed
REQ-QMS007-013,QMS-007,停用隔离,“停用隔离”应被拆分为可验证步骤；每一步都要指定责任角色、前置条件、执行记录、异常分支和完成定义。,P2,实验室负责人,generated_unreviewed
REQ-QMS007-014,QMS-007,借用租赁,对“借用租赁”的判断不得仅依赖界面展示或供应商结论，关键事实应能够回溯至原始对象、协议字段或受控记录。,P2,实验室负责人,generated_unreviewed
REQ-QMS007-015,QMS-007,软件固件版本,实施“软件固件版本”时应优先保证可重现性和证据完整性，而不是追求最大覆盖率；无法满足前提时输出拒绝结论。,P2,实验室负责人,generated_unreviewed
REQ-QMS007-016,QMS-007,环境条件,“环境条件”发生变更后，应重新执行影响分析、回归验证和人员授权确认，历史案件是否受影响必须形成书面结论。,P2,实验室负责人,generated_unreviewed
REQ-QMS007-017,QMS-007,UPS测试,“UPS测试”的验收必须包含正常、边界、冲突、恶意和历史回归样本，并由未参与实现的人员独立复核。,P2,实验室负责人,generated_unreviewed
REQ-QMS007-018,QMS-007,监控录像,围绕“监控录像”，设备、校准与环境管理程序必须保留输入来源、处理规则、输出结果和复核证据，任何不可解释的缺口均不得由默认值掩盖。,P2,实验室负责人,generated_unreviewed
REQ-QMS007-019,QMS-007,设备日志,“设备日志”应被拆分为可验证步骤；每一步都要指定责任角色、前置条件、执行记录、异常分支和完成定义。,P2,实验室负责人,generated_unreviewed
REQ-QMS007-020,QMS-007,退役与数据清除,对“退役与数据清除”的判断不得仅依赖界面展示或供应商结论，关键事实应能够回溯至原始对象、协议字段或受控记录。,P2,实验室负责人,generated_unreviewed
REQ-QMS008-001,QMS-008,岗位资格,“岗位资格”应被拆分为可验证步骤；每一步都要指定责任角色、前置条件、执行记录、异常分支和完成定义。,P0,人员负责人,generated_unreviewed
REQ-QMS008-002,QMS-008,教育背景,对“教育背景”的判断不得仅依赖界面展示或供应商结论，关键事实应能够回溯至原始对象、协议字段或受控记录。,P0,人员负责人,generated_unreviewed
REQ-QMS008-003,QMS-008,工作经历,实施“工作经历”时应优先保证可重现性和证据完整性，而不是追求最大覆盖率；无法满足前提时输出拒绝结论。,P0,人员负责人,generated_unreviewed
REQ-QMS008-004,QMS-008,法规培训,“法规培训”发生变更后，应重新执行影响分析、回归验证和人员授权确认，历史案件是否受影响必须形成书面结论。,P0,人员负责人,generated_unreviewed
REQ-QMS008-005,QMS-008,技术培训,“技术培训”的验收必须包含正常、边界、冲突、恶意和历史回归样本，并由未参与实现的人员独立复核。,P0,人员负责人,generated_unreviewed
REQ-QMS008-006,QMS-008,质量培训,围绕“质量培训”，人员能力、培训与授权程序必须保留输入来源、处理规则、输出结果和复核证据，任何不可解释的缺口均不得由默认值掩盖。,P1,人员负责人,generated_unreviewed
REQ-QMS008-007,QMS-008,安全培训,“安全培训”应被拆分为可验证步骤；每一步都要指定责任角色、前置条件、执行记录、异常分支和完成定义。,P1,人员负责人,generated_unreviewed
REQ-QMS008-008,QMS-008,监督实践,对“监督实践”的判断不得仅依赖界面展示或供应商结论，关键事实应能够回溯至原始对象、协议字段或受控记录。,P1,人员负责人,generated_unreviewed
REQ-QMS008-009,QMS-008,见习案件,实施“见习案件”时应优先保证可重现性和证据完整性，而不是追求最大覆盖率；无法满足前提时输出拒绝结论。,P1,人员负责人,generated_unreviewed
REQ-QMS008-010,QMS-008,盲样考核,“盲样考核”发生变更后，应重新执行影响分析、回归验证和人员授权确认，历史案件是否受影响必须形成书面结论。,P1,人员负责人,generated_unreviewed
REQ-QMS008-011,QMS-008,口头答辩,“口头答辩”的验收必须包含正常、边界、冲突、恶意和历史回归样本，并由未参与实现的人员独立复核。,P1,人员负责人,generated_unreviewed
REQ-QMS008-012,QMS-008,书面考试,围绕“书面考试”，人员能力、培训与授权程序必须保留输入来源、处理规则、输出结果和复核证据，任何不可解释的缺口均不得由默认值掩盖。,P1,人员负责人,generated_unreviewed
REQ-QMS008-013,QMS-008,工具授权,“工具授权”应被拆分为可验证步骤；每一步都要指定责任角色、前置条件、执行记录、异常分支和完成定义。,P2,人员负责人,generated_unreviewed
REQ-QMS008-014,QMS-008,方法授权,对“方法授权”的判断不得仅依赖界面展示或供应商结论，关键事实应能够回溯至原始对象、协议字段或受控记录。,P2,人员负责人,generated_unreviewed
REQ-QMS008-015,QMS-008,复核授权,实施“复核授权”时应优先保证可重现性和证据完整性，而不是追求最大覆盖率；无法满足前提时输出拒绝结论。,P2,人员负责人,generated_unreviewed
REQ-QMS008-016,QMS-008,签字权限准备,“签字权限准备”发生变更后，应重新执行影响分析、回归验证和人员授权确认，历史案件是否受影响必须形成书面结论。,P2,人员负责人,generated_unreviewed
REQ-QMS008-017,QMS-008,授权期限,“授权期限”的验收必须包含正常、边界、冲突、恶意和历史回归样本，并由未参与实现的人员独立复核。,P2,人员负责人,generated_unreviewed
REQ-QMS008-018,QMS-008,持续能力,围绕“持续能力”，人员能力、培训与授权程序必须保留输入来源、处理规则、输出结果和复核证据，任何不可解释的缺口均不得由默认值掩盖。,P2,人员负责人,generated_unreviewed
REQ-QMS008-019,QMS-008,暂停授权,“暂停授权”应被拆分为可验证步骤；每一步都要指定责任角色、前置条件、执行记录、异常分支和完成定义。,P2,人员负责人,generated_unreviewed
REQ-QMS008-020,QMS-008,撤销与恢复,对“撤销与恢复”的判断不得仅依赖界面展示或供应商结论，关键事实应能够回溯至原始对象、协议字段或受控记录。,P2,人员负责人,generated_unreviewed
REQ-QMS009-001,QMS-009,不符合来源,“不符合来源”应被拆分为可验证步骤；每一步都要指定责任角色、前置条件、执行记录、异常分支和完成定义。,P0,质量负责人,generated_unreviewed
REQ-QMS009-002,QMS-009,立即控制,对“立即控制”的判断不得仅依赖界面展示或供应商结论，关键事实应能够回溯至原始对象、协议字段或受控记录。,P0,质量负责人,generated_unreviewed
REQ-QMS009-003,QMS-009,停止发布,实施“停止发布”时应优先保证可重现性和证据完整性，而不是追求最大覆盖率；无法满足前提时输出拒绝结论。,P0,质量负责人,generated_unreviewed
REQ-QMS009-004,QMS-009,隔离结果,“隔离结果”发生变更后，应重新执行影响分析、回归验证和人员授权确认，历史案件是否受影响必须形成书面结论。,P0,质量负责人,generated_unreviewed
REQ-QMS009-005,QMS-009,通知责任人,“通知责任人”的验收必须包含正常、边界、冲突、恶意和历史回归样本，并由未参与实现的人员独立复核。,P0,质量负责人,generated_unreviewed
REQ-QMS009-006,QMS-009,风险分级,围绕“风险分级”，不符合工作与CAPA程序必须保留输入来源、处理规则、输出结果和复核证据，任何不可解释的缺口均不得由默认值掩盖。,P1,质量负责人,generated_unreviewed
REQ-QMS009-007,QMS-009,历史案件影响,“历史案件影响”应被拆分为可验证步骤；每一步都要指定责任角色、前置条件、执行记录、异常分支和完成定义。,P1,质量负责人,generated_unreviewed
REQ-QMS009-008,QMS-009,客户通知,对“客户通知”的判断不得仅依赖界面展示或供应商结论，关键事实应能够回溯至原始对象、协议字段或受控记录。,P1,质量负责人,generated_unreviewed
REQ-QMS009-009,QMS-009,监管通知研究,实施“监管通知研究”时应优先保证可重现性和证据完整性，而不是追求最大覆盖率；无法满足前提时输出拒绝结论。,P1,质量负责人,generated_unreviewed
REQ-QMS009-010,QMS-009,根因分析,“根因分析”发生变更后，应重新执行影响分析、回归验证和人员授权确认，历史案件是否受影响必须形成书面结论。,P1,质量负责人,generated_unreviewed
REQ-QMS009-011,QMS-009,纠正措施,“纠正措施”的验收必须包含正常、边界、冲突、恶意和历史回归样本，并由未参与实现的人员独立复核。,P1,质量负责人,generated_unreviewed
REQ-QMS009-012,QMS-009,预防措施,围绕“预防措施”，不符合工作与CAPA程序必须保留输入来源、处理规则、输出结果和复核证据，任何不可解释的缺口均不得由默认值掩盖。,P1,质量负责人,generated_unreviewed
REQ-QMS009-013,QMS-009,责任与期限,“责任与期限”应被拆分为可验证步骤；每一步都要指定责任角色、前置条件、执行记录、异常分支和完成定义。,P2,质量负责人,generated_unreviewed
REQ-QMS009-014,QMS-009,有效性验证,对“有效性验证”的判断不得仅依赖界面展示或供应商结论，关键事实应能够回溯至原始对象、协议字段或受控记录。,P2,质量负责人,generated_unreviewed
REQ-QMS009-015,QMS-009,授权恢复,实施“授权恢复”时应优先保证可重现性和证据完整性，而不是追求最大覆盖率；无法满足前提时输出拒绝结论。,P2,质量负责人,generated_unreviewed
REQ-QMS009-016,QMS-009,趋势分析,“趋势分析”发生变更后，应重新执行影响分析、回归验证和人员授权确认，历史案件是否受影响必须形成书面结论。,P2,质量负责人,generated_unreviewed
REQ-QMS009-017,QMS-009,重复问题升级,“重复问题升级”的验收必须包含正常、边界、冲突、恶意和历史回归样本，并由未参与实现的人员独立复核。,P2,质量负责人,generated_unreviewed
REQ-QMS009-018,QMS-009,关闭批准,围绕“关闭批准”，不符合工作与CAPA程序必须保留输入来源、处理规则、输出结果和复核证据，任何不可解释的缺口均不得由默认值掩盖。,P2,质量负责人,generated_unreviewed
REQ-QMS010-001,QMS-010,年度内审计划,“年度内审计划”应被拆分为可验证步骤；每一步都要指定责任角色、前置条件、执行记录、异常分支和完成定义。,P0,质量负责人,generated_unreviewed
REQ-QMS010-002,QMS-010,全要素覆盖,对“全要素覆盖”的判断不得仅依赖界面展示或供应商结论，关键事实应能够回溯至原始对象、协议字段或受控记录。,P0,质量负责人,generated_unreviewed
REQ-QMS010-003,QMS-010,过程审核,实施“过程审核”时应优先保证可重现性和证据完整性，而不是追求最大覆盖率；无法满足前提时输出拒绝结论。,P0,质量负责人,generated_unreviewed
REQ-QMS010-004,QMS-010,案件抽样,“案件抽样”发生变更后，应重新执行影响分析、回归验证和人员授权确认，历史案件是否受影响必须形成书面结论。,P0,质量负责人,generated_unreviewed
REQ-QMS010-005,QMS-010,方法抽样,“方法抽样”的验收必须包含正常、边界、冲突、恶意和历史回归样本，并由未参与实现的人员独立复核。,P0,质量负责人,generated_unreviewed
REQ-QMS010-006,QMS-010,设备抽样,围绕“设备抽样”，内部审核与管理评审程序必须保留输入来源、处理规则、输出结果和复核证据，任何不可解释的缺口均不得由默认值掩盖。,P1,质量负责人,generated_unreviewed
REQ-QMS010-007,QMS-010,人员授权抽样,“人员授权抽样”应被拆分为可验证步骤；每一步都要指定责任角色、前置条件、执行记录、异常分支和完成定义。,P1,质量负责人,generated_unreviewed
REQ-QMS010-008,QMS-010,供应商抽样,对“供应商抽样”的判断不得仅依赖界面展示或供应商结论，关键事实应能够回溯至原始对象、协议字段或受控记录。,P1,质量负责人,generated_unreviewed
REQ-QMS010-009,QMS-010,安全控制抽样,实施“安全控制抽样”时应优先保证可重现性和证据完整性，而不是追求最大覆盖率；无法满足前提时输出拒绝结论。,P1,质量负责人,generated_unreviewed
REQ-QMS010-010,QMS-010,审核员独立性,“审核员独立性”发生变更后，应重新执行影响分析、回归验证和人员授权确认，历史案件是否受影响必须形成书面结论。,P1,质量负责人,generated_unreviewed
REQ-QMS010-011,QMS-010,证据记录,“证据记录”的验收必须包含正常、边界、冲突、恶意和历史回归样本，并由未参与实现的人员独立复核。,P1,质量负责人,generated_unreviewed
REQ-QMS010-012,QMS-010,问题分级,围绕“问题分级”，内部审核与管理评审程序必须保留输入来源、处理规则、输出结果和复核证据，任何不可解释的缺口均不得由默认值掩盖。,P1,质量负责人,generated_unreviewed
REQ-QMS010-013,QMS-010,整改期限,“整改期限”应被拆分为可验证步骤；每一步都要指定责任角色、前置条件、执行记录、异常分支和完成定义。,P2,质量负责人,generated_unreviewed
REQ-QMS010-014,QMS-010,跟踪验证,对“跟踪验证”的判断不得仅依赖界面展示或供应商结论，关键事实应能够回溯至原始对象、协议字段或受控记录。,P2,质量负责人,generated_unreviewed
REQ-QMS010-015,QMS-010,管理评审输入,实施“管理评审输入”时应优先保证可重现性和证据完整性，而不是追求最大覆盖率；无法满足前提时输出拒绝结论。,P2,质量负责人,generated_unreviewed
REQ-QMS010-016,QMS-010,质量目标,“质量目标”发生变更后，应重新执行影响分析、回归验证和人员授权确认，历史案件是否受影响必须形成书面结论。,P2,质量负责人,generated_unreviewed
REQ-QMS010-017,QMS-010,资源需求,“资源需求”的验收必须包含正常、边界、冲突、恶意和历史回归样本，并由未参与实现的人员独立复核。,P2,质量负责人,generated_unreviewed
REQ-QMS010-018,QMS-010,风险机会,围绕“风险机会”，内部审核与管理评审程序必须保留输入来源、处理规则、输出结果和复核证据，任何不可解释的缺口均不得由默认值掩盖。,P2,质量负责人,generated_unreviewed
REQ-QMS010-019,QMS-010,客户反馈,“客户反馈”应被拆分为可验证步骤；每一步都要指定责任角色、前置条件、执行记录、异常分支和完成定义。,P2,质量负责人,generated_unreviewed
REQ-QMS010-020,QMS-010,重大变更,对“重大变更”的判断不得仅依赖界面展示或供应商结论，关键事实应能够回溯至原始对象、协议字段或受控记录。,P2,质量负责人,generated_unreviewed
REQ-QMS010-021,QMS-010,评审输出,实施“评审输出”时应优先保证可重现性和证据完整性，而不是追求最大覆盖率；无法满足前提时输出拒绝结论。,P2,质量负责人,generated_unreviewed
REQ-QMS011-001,QMS-011,投诉渠道,“投诉渠道”应被拆分为可验证步骤；每一步都要指定责任角色、前置条件、执行记录、异常分支和完成定义。,P0,质量负责人,generated_unreviewed
REQ-QMS011-002,QMS-011,申诉渠道,对“申诉渠道”的判断不得仅依赖界面展示或供应商结论，关键事实应能够回溯至原始对象、协议字段或受控记录。,P0,质量负责人,generated_unreviewed
REQ-QMS011-003,QMS-011,受理确认,实施“受理确认”时应优先保证可重现性和证据完整性，而不是追求最大覆盖率；无法满足前提时输出拒绝结论。,P0,质量负责人,generated_unreviewed
REQ-QMS011-004,QMS-011,范围判断,“范围判断”发生变更后，应重新执行影响分析、回归验证和人员授权确认，历史案件是否受影响必须形成书面结论。,P0,质量负责人,generated_unreviewed
REQ-QMS011-005,QMS-011,独立调查,“独立调查”的验收必须包含正常、边界、冲突、恶意和历史回归样本，并由未参与实现的人员独立复核。,P0,质量负责人,generated_unreviewed
REQ-QMS011-006,QMS-011,证据保全,围绕“证据保全”，投诉、申诉、公正性与利益冲突程序必须保留输入来源、处理规则、输出结果和复核证据，任何不可解释的缺口均不得由默认值掩盖。,P1,质量负责人,generated_unreviewed
REQ-QMS011-007,QMS-011,决定权限,“决定权限”应被拆分为可验证步骤；每一步都要指定责任角色、前置条件、执行记录、异常分支和完成定义。,P1,质量负责人,generated_unreviewed
REQ-QMS011-008,QMS-011,时限,对“时限”的判断不得仅依赖界面展示或供应商结论，关键事实应能够回溯至原始对象、协议字段或受控记录。,P1,质量负责人,generated_unreviewed
REQ-QMS011-009,QMS-011,结果通知,实施“结果通知”时应优先保证可重现性和证据完整性，而不是追求最大覆盖率；无法满足前提时输出拒绝结论。,P1,质量负责人,generated_unreviewed
REQ-QMS011-010,QMS-011,保密,“保密”发生变更后，应重新执行影响分析、回归验证和人员授权确认，历史案件是否受影响必须形成书面结论。,P1,质量负责人,generated_unreviewed
REQ-QMS011-011,QMS-011,防报复,“防报复”的验收必须包含正常、边界、冲突、恶意和历史回归样本，并由未参与实现的人员独立复核。,P1,质量负责人,generated_unreviewed
REQ-QMS011-012,QMS-011,商业压力,围绕“商业压力”，投诉、申诉、公正性与利益冲突程序必须保留输入来源、处理规则、输出结果和复核证据，任何不可解释的缺口均不得由默认值掩盖。,P1,质量负责人,generated_unreviewed
REQ-QMS011-013,QMS-011,关联公司,“关联公司”应被拆分为可验证步骤；每一步都要指定责任角色、前置条件、执行记录、异常分支和完成定义。,P2,质量负责人,generated_unreviewed
REQ-QMS011-014,QMS-011,供应商利益,对“供应商利益”的判断不得仅依赖界面展示或供应商结论，关键事实应能够回溯至原始对象、协议字段或受控记录。,P2,质量负责人,generated_unreviewed
REQ-QMS011-015,QMS-011,人员关系,实施“人员关系”时应优先保证可重现性和证据完整性，而不是追求最大覆盖率；无法满足前提时输出拒绝结论。,P2,质量负责人,generated_unreviewed
REQ-QMS011-016,QMS-011,既往服务,“既往服务”发生变更后，应重新执行影响分析、回归验证和人员授权确认，历史案件是否受影响必须形成书面结论。,P2,质量负责人,generated_unreviewed
REQ-QMS011-017,QMS-011,自我复核禁止,“自我复核禁止”的验收必须包含正常、边界、冲突、恶意和历史回归样本，并由未参与实现的人员独立复核。,P2,质量负责人,generated_unreviewed
REQ-QMS011-018,QMS-011,回避,围绕“回避”，投诉、申诉、公正性与利益冲突程序必须保留输入来源、处理规则、输出结果和复核证据，任何不可解释的缺口均不得由默认值掩盖。,P2,质量负责人,generated_unreviewed
REQ-QMS011-019,QMS-011,替代人员,“替代人员”应被拆分为可验证步骤；每一步都要指定责任角色、前置条件、执行记录、异常分支和完成定义。,P2,质量负责人,generated_unreviewed
REQ-QMS011-020,QMS-011,趋势分析,对“趋势分析”的判断不得仅依赖界面展示或供应商结论，关键事实应能够回溯至原始对象、协议字段或受控记录。,P2,质量负责人,generated_unreviewed
REQ-QMS012-001,QMS-012,供应商分类,“供应商分类”应被拆分为可验证步骤；每一步都要指定责任角色、前置条件、执行记录、异常分支和完成定义。,P0,采购负责人,generated_unreviewed
REQ-QMS012-002,QMS-012,风险分级,对“风险分级”的判断不得仅依赖界面展示或供应商结论，关键事实应能够回溯至原始对象、协议字段或受控记录。,P0,采购负责人,generated_unreviewed
REQ-QMS012-003,QMS-012,资质审查,实施“资质审查”时应优先保证可重现性和证据完整性，而不是追求最大覆盖率；无法满足前提时输出拒绝结论。,P0,采购负责人,generated_unreviewed
REQ-QMS012-004,QMS-012,数据许可,“数据许可”发生变更后，应重新执行影响分析、回归验证和人员授权确认，历史案件是否受影响必须形成书面结论。,P0,采购负责人,generated_unreviewed
REQ-QMS012-005,QMS-012,保密协议,“保密协议”的验收必须包含正常、边界、冲突、恶意和历史回归样本，并由未参与实现的人员独立复核。,P0,采购负责人,generated_unreviewed
REQ-QMS012-006,QMS-012,安全条款,围绕“安全条款”，供应商、外包与分包管理程序必须保留输入来源、处理规则、输出结果和复核证据，任何不可解释的缺口均不得由默认值掩盖。,P1,采购负责人,generated_unreviewed
REQ-QMS012-007,QMS-012,SLA,“SLA”应被拆分为可验证步骤；每一步都要指定责任角色、前置条件、执行记录、异常分支和完成定义。,P1,采购负责人,generated_unreviewed
REQ-QMS012-008,QMS-012,审计权,对“审计权”的判断不得仅依赖界面展示或供应商结论，关键事实应能够回溯至原始对象、协议字段或受控记录。,P1,采购负责人,generated_unreviewed
REQ-QMS012-009,QMS-012,变更通知,实施“变更通知”时应优先保证可重现性和证据完整性，而不是追求最大覆盖率；无法满足前提时输出拒绝结论。,P1,采购负责人,generated_unreviewed
REQ-QMS012-010,QMS-012,分包批准,“分包批准”发生变更后，应重新执行影响分析、回归验证和人员授权确认，历史案件是否受影响必须形成书面结论。,P1,采购负责人,generated_unreviewed
REQ-QMS012-011,QMS-012,方法透明性,“方法透明性”的验收必须包含正常、边界、冲突、恶意和历史回归样本，并由未参与实现的人员独立复核。,P1,采购负责人,generated_unreviewed
REQ-QMS012-012,QMS-012,交付验收,围绕“交付验收”，供应商、外包与分包管理程序必须保留输入来源、处理规则、输出结果和复核证据，任何不可解释的缺口均不得由默认值掩盖。,P1,采购负责人,generated_unreviewed
REQ-QMS012-013,QMS-012,性能监控,“性能监控”应被拆分为可验证步骤；每一步都要指定责任角色、前置条件、执行记录、异常分支和完成定义。,P2,采购负责人,generated_unreviewed
REQ-QMS012-014,QMS-012,事件通知,对“事件通知”的判断不得仅依赖界面展示或供应商结论，关键事实应能够回溯至原始对象、协议字段或受控记录。,P2,采购负责人,generated_unreviewed
REQ-QMS012-015,QMS-012,续约评估,实施“续约评估”时应优先保证可重现性和证据完整性，而不是追求最大覆盖率；无法满足前提时输出拒绝结论。,P2,采购负责人,generated_unreviewed
REQ-QMS012-016,QMS-012,替代方案,“替代方案”发生变更后，应重新执行影响分析、回归验证和人员授权确认，历史案件是否受影响必须形成书面结论。,P2,采购负责人,generated_unreviewed
REQ-QMS012-017,QMS-012,数据导出,“数据导出”的验收必须包含正常、边界、冲突、恶意和历史回归样本，并由未参与实现的人员独立复核。,P2,采购负责人,generated_unreviewed
REQ-QMS012-018,QMS-012,退出销毁,围绕“退出销毁”，供应商、外包与分包管理程序必须保留输入来源、处理规则、输出结果和复核证据，任何不可解释的缺口均不得由默认值掩盖。,P2,采购负责人,generated_unreviewed
REQ-QMS012-019,QMS-012,供应商名单,“供应商名单”应被拆分为可验证步骤；每一步都要指定责任角色、前置条件、执行记录、异常分支和完成定义。,P2,采购负责人,generated_unreviewed
REQ-QMS012-020,QMS-012,不合格处置,对“不合格处置”的判断不得仅依赖界面展示或供应商结论，关键事实应能够回溯至原始对象、协议字段或受控记录。,P2,采购负责人,generated_unreviewed
REQ-SOP001-001,SOP-001,委托方身份,“委托方身份”应被拆分为可验证步骤；每一步都要指定责任角色、前置条件、执行记录、异常分支和完成定义。,P0,受理负责人,generated_unreviewed
REQ-SOP001-002,SOP-001,联系人权限,对“联系人权限”的判断不得仅依赖界面展示或供应商结论，关键事实应能够回溯至原始对象、协议字段或受控记录。,P0,受理负责人,generated_unreviewed
REQ-SOP001-003,SOP-001,委托材料,实施“委托材料”时应优先保证可重现性和证据完整性，而不是追求最大覆盖率；无法满足前提时输出拒绝结论。,P0,受理负责人,generated_unreviewed
REQ-SOP001-004,SOP-001,授权依据,“授权依据”发生变更后，应重新执行影响分析、回归验证和人员授权确认，历史案件是否受影响必须形成书面结论。,P0,受理负责人,generated_unreviewed
REQ-SOP001-005,SOP-001,技术问题,“技术问题”的验收必须包含正常、边界、冲突、恶意和历史回归样本，并由未参与实现的人员独立复核。,P0,受理负责人,generated_unreviewed
REQ-SOP001-006,SOP-001,法律问题排除,围绕“法律问题排除”，案件受理与技术问题定义SOP必须保留输入来源、处理规则、输出结果和复核证据，任何不可解释的缺口均不得由默认值掩盖。,P1,受理负责人,generated_unreviewed
REQ-SOP001-007,SOP-001,检材清单,“检材清单”应被拆分为可验证步骤；每一步都要指定责任角色、前置条件、执行记录、异常分支和完成定义。,P1,受理负责人,generated_unreviewed
REQ-SOP001-008,SOP-001,数据来源,对“数据来源”的判断不得仅依赖界面展示或供应商结论，关键事实应能够回溯至原始对象、协议字段或受控记录。,P1,受理负责人,generated_unreviewed
REQ-SOP001-009,SOP-001,时间范围,实施“时间范围”时应优先保证可重现性和证据完整性，而不是追求最大覆盖率；无法满足前提时输出拒绝结论。,P1,受理负责人,generated_unreviewed
REQ-SOP001-010,SOP-001,链与资产范围,“链与资产范围”发生变更后，应重新执行影响分析、回归验证和人员授权确认，历史案件是否受影响必须形成书面结论。,P1,受理负责人,generated_unreviewed
REQ-SOP001-011,SOP-001,已知假设,“已知假设”的验收必须包含正常、边界、冲突、恶意和历史回归样本，并由未参与实现的人员独立复核。,P1,受理负责人,generated_unreviewed
REQ-SOP001-012,SOP-001,交付物,围绕“交付物”，案件受理与技术问题定义SOP必须保留输入来源、处理规则、输出结果和复核证据，任何不可解释的缺口均不得由默认值掩盖。,P1,受理负责人,generated_unreviewed
REQ-SOP001-013,SOP-001,时限,“时限”应被拆分为可验证步骤；每一步都要指定责任角色、前置条件、执行记录、异常分支和完成定义。,P2,受理负责人,generated_unreviewed
REQ-SOP001-014,SOP-001,费用,对“费用”的判断不得仅依赖界面展示或供应商结论，关键事实应能够回溯至原始对象、协议字段或受控记录。,P2,受理负责人,generated_unreviewed
REQ-SOP001-015,SOP-001,利益冲突,实施“利益冲突”时应优先保证可重现性和证据完整性，而不是追求最大覆盖率；无法满足前提时输出拒绝结论。,P2,受理负责人,generated_unreviewed
REQ-SOP001-016,SOP-001,数据安全,“数据安全”发生变更后，应重新执行影响分析、回归验证和人员授权确认，历史案件是否受影响必须形成书面结论。,P2,受理负责人,generated_unreviewed
REQ-SOP001-017,SOP-001,转委托限制,“转委托限制”的验收必须包含正常、边界、冲突、恶意和历史回归样本，并由未参与实现的人员独立复核。,P2,受理负责人,generated_unreviewed
REQ-SOP001-018,SOP-001,受理决定,围绕“受理决定”，案件受理与技术问题定义SOP必须保留输入来源、处理规则、输出结果和复核证据，任何不可解释的缺口均不得由默认值掩盖。,P2,受理负责人,generated_unreviewed
REQ-SOP001-019,SOP-001,拒绝理由,“拒绝理由”应被拆分为可验证步骤；每一步都要指定责任角色、前置条件、执行记录、异常分支和完成定义。,P2,受理负责人,generated_unreviewed
REQ-SOP001-020,SOP-001,范围变更,对“范围变更”的判断不得仅依赖界面展示或供应商结论，关键事实应能够回溯至原始对象、协议字段或受控记录。,P2,受理负责人,generated_unreviewed
REQ-SOP002-001,SOP-002,采集会话编号,“采集会话编号”应被拆分为可验证步骤；每一步都要指定责任角色、前置条件、执行记录、异常分支和完成定义。,P0,采集负责人,generated_unreviewed
REQ-SOP002-002,SOP-002,人员与见证,对“人员与见证”的判断不得仅依赖界面展示或供应商结论，关键事实应能够回溯至原始对象、协议字段或受控记录。,P0,采集负责人,generated_unreviewed
REQ-SOP002-003,SOP-002,时间时区,实施“时间时区”时应优先保证可重现性和证据完整性，而不是追求最大覆盖率；无法满足前提时输出拒绝结论。,P0,采集负责人,generated_unreviewed
REQ-SOP002-004,SOP-002,工作站身份,“工作站身份”发生变更后，应重新执行影响分析、回归验证和人员授权确认，历史案件是否受影响必须形成书面结论。,P0,采集负责人,generated_unreviewed
REQ-SOP002-005,SOP-002,网络位置,“网络位置”的验收必须包含正常、边界、冲突、恶意和历史回归样本，并由未参与实现的人员独立复核。,P0,采集负责人,generated_unreviewed
REQ-SOP002-006,SOP-002,节点身份,围绕“节点身份”，链上与在线数据采集会话SOP必须保留输入来源、处理规则、输出结果和复核证据，任何不可解释的缺口均不得由默认值掩盖。,P1,采集负责人,generated_unreviewed
REQ-SOP002-007,SOP-002,客户端版本,“客户端版本”应被拆分为可验证步骤；每一步都要指定责任角色、前置条件、执行记录、异常分支和完成定义。,P1,采集负责人,generated_unreviewed
REQ-SOP002-008,SOP-002,同步状态,对“同步状态”的判断不得仅依赖界面展示或供应商结论，关键事实应能够回溯至原始对象、协议字段或受控记录。,P1,采集负责人,generated_unreviewed
REQ-SOP002-009,SOP-002,请求参数,实施“请求参数”时应优先保证可重现性和证据完整性，而不是追求最大覆盖率；无法满足前提时输出拒绝结论。,P1,采集负责人,generated_unreviewed
REQ-SOP002-010,SOP-002,原始响应,“原始响应”发生变更后，应重新执行影响分析、回归验证和人员授权确认，历史案件是否受影响必须形成书面结论。,P1,采集负责人,generated_unreviewed
REQ-SOP002-011,SOP-002,原始区块,“原始区块”的验收必须包含正常、边界、冲突、恶意和历史回归样本，并由未参与实现的人员独立复核。,P1,采集负责人,generated_unreviewed
REQ-SOP002-012,SOP-002,页面快照,围绕“页面快照”，链上与在线数据采集会话SOP必须保留输入来源、处理规则、输出结果和复核证据，任何不可解释的缺口均不得由默认值掩盖。,P1,采集负责人,generated_unreviewed
REQ-SOP002-013,SOP-002,TLS信息,“TLS信息”应被拆分为可验证步骤；每一步都要指定责任角色、前置条件、执行记录、异常分支和完成定义。,P2,采集负责人,generated_unreviewed
REQ-SOP002-014,SOP-002,录像索引,对“录像索引”的判断不得仅依赖界面展示或供应商结论，关键事实应能够回溯至原始对象、协议字段或受控记录。,P2,采集负责人,generated_unreviewed
REQ-SOP002-015,SOP-002,哈希,实施“哈希”时应优先保证可重现性和证据完整性，而不是追求最大覆盖率；无法满足前提时输出拒绝结论。,P2,采集负责人,generated_unreviewed
REQ-SOP002-016,SOP-002,错误重试,“错误重试”发生变更后，应重新执行影响分析、回归验证和人员授权确认，历史案件是否受影响必须形成书面结论。,P2,采集负责人,generated_unreviewed
REQ-SOP002-017,SOP-002,链重组,“链重组”的验收必须包含正常、边界、冲突、恶意和历史回归样本，并由未参与实现的人员独立复核。,P2,采集负责人,generated_unreviewed
REQ-SOP002-018,SOP-002,会话中断,围绕“会话中断”，链上与在线数据采集会话SOP必须保留输入来源、处理规则、输出结果和复核证据，任何不可解释的缺口均不得由默认值掩盖。,P2,采集负责人,generated_unreviewed
REQ-SOP002-019,SOP-002,独立复核,“独立复核”应被拆分为可验证步骤；每一步都要指定责任角色、前置条件、执行记录、异常分支和完成定义。,P2,采集负责人,generated_unreviewed
REQ-SOP002-020,SOP-002,封存,对“封存”的判断不得仅依赖界面展示或供应商结论，关键事实应能够回溯至原始对象、协议字段或受控记录。,P2,采集负责人,generated_unreviewed
REQ-SOP003-001,SOP-003,分析问题,“分析问题”应被拆分为可验证步骤；每一步都要指定责任角色、前置条件、执行记录、异常分支和完成定义。,P0,分析负责人,generated_unreviewed
REQ-SOP003-002,SOP-003,数据集版本,对“数据集版本”的判断不得仅依赖界面展示或供应商结论，关键事实应能够回溯至原始对象、协议字段或受控记录。,P0,分析负责人,generated_unreviewed
REQ-SOP003-003,SOP-003,工具版本,实施“工具版本”时应优先保证可重现性和证据完整性，而不是追求最大覆盖率；无法满足前提时输出拒绝结论。,P0,分析负责人,generated_unreviewed
REQ-SOP003-004,SOP-003,参数,“参数”发生变更后，应重新执行影响分析、回归验证和人员授权确认，历史案件是否受影响必须形成书面结论。,P0,分析负责人,generated_unreviewed
REQ-SOP003-005,SOP-003,规则版本,“规则版本”的验收必须包含正常、边界、冲突、恶意和历史回归样本，并由未参与实现的人员独立复核。,P0,分析负责人,generated_unreviewed
REQ-SOP003-006,SOP-003,证据引用,围绕“证据引用”，分析、假设与独立复核SOP必须保留输入来源、处理规则、输出结果和复核证据，任何不可解释的缺口均不得由默认值掩盖。,P1,分析负责人,generated_unreviewed
REQ-SOP003-007,SOP-003,候选结果,“候选结果”应被拆分为可验证步骤；每一步都要指定责任角色、前置条件、执行记录、异常分支和完成定义。,P1,分析负责人,generated_unreviewed
REQ-SOP003-008,SOP-003,假设登记,对“假设登记”的判断不得仅依赖界面展示或供应商结论，关键事实应能够回溯至原始对象、协议字段或受控记录。,P1,分析负责人,generated_unreviewed
REQ-SOP003-009,SOP-003,替代解释,实施“替代解释”时应优先保证可重现性和证据完整性，而不是追求最大覆盖率；无法满足前提时输出拒绝结论。,P1,分析负责人,generated_unreviewed
REQ-SOP003-010,SOP-003,负向证据,“负向证据”发生变更后，应重新执行影响分析、回归验证和人员授权确认，历史案件是否受影响必须形成书面结论。,P1,分析负责人,generated_unreviewed
REQ-SOP003-011,SOP-003,人工排除,“人工排除”的验收必须包含正常、边界、冲突、恶意和历史回归样本，并由未参与实现的人员独立复核。,P1,分析负责人,generated_unreviewed
REQ-SOP003-012,SOP-003,计算复核,围绕“计算复核”，分析、假设与独立复核SOP必须保留输入来源、处理规则、输出结果和复核证据，任何不可解释的缺口均不得由默认值掩盖。,P1,分析负责人,generated_unreviewed
REQ-SOP003-013,SOP-003,金额守恒,“金额守恒”应被拆分为可验证步骤；每一步都要指定责任角色、前置条件、执行记录、异常分支和完成定义。,P2,分析负责人,generated_unreviewed
REQ-SOP003-014,SOP-003,图谱过滤,对“图谱过滤”的判断不得仅依赖界面展示或供应商结论，关键事实应能够回溯至原始对象、协议字段或受控记录。,P2,分析负责人,generated_unreviewed
REQ-SOP003-015,SOP-003,复核抽样,实施“复核抽样”时应优先保证可重现性和证据完整性，而不是追求最大覆盖率；无法满足前提时输出拒绝结论。,P2,分析负责人,generated_unreviewed
REQ-SOP003-016,SOP-003,全量复核条件,“全量复核条件”发生变更后，应重新执行影响分析、回归验证和人员授权确认，历史案件是否受影响必须形成书面结论。,P2,分析负责人,generated_unreviewed
REQ-SOP003-017,SOP-003,分歧处理,“分歧处理”的验收必须包含正常、边界、冲突、恶意和历史回归样本，并由未参与实现的人员独立复核。,P2,分析负责人,generated_unreviewed
REQ-SOP003-018,SOP-003,结论等级,围绕“结论等级”，分析、假设与独立复核SOP必须保留输入来源、处理规则、输出结果和复核证据，任何不可解释的缺口均不得由默认值掩盖。,P2,分析负责人,generated_unreviewed
REQ-SOP003-019,SOP-003,限制,“限制”应被拆分为可验证步骤；每一步都要指定责任角色、前置条件、执行记录、异常分支和完成定义。,P2,分析负责人,generated_unreviewed
REQ-SOP003-020,SOP-003,冻结快照,对“冻结快照”的判断不得仅依赖界面展示或供应商结论，关键事实应能够回溯至原始对象、协议字段或受控记录。,P2,分析负责人,generated_unreviewed
REQ-SOP004-001,SOP-004,报告编号,“报告编号”应被拆分为可验证步骤；每一步都要指定责任角色、前置条件、执行记录、异常分支和完成定义。,P0,报告负责人,generated_unreviewed
REQ-SOP004-002,SOP-004,模板版本,对“模板版本”的判断不得仅依赖界面展示或供应商结论，关键事实应能够回溯至原始对象、协议字段或受控记录。,P0,报告负责人,generated_unreviewed
REQ-SOP004-003,SOP-004,委托事项,实施“委托事项”时应优先保证可重现性和证据完整性，而不是追求最大覆盖率；无法满足前提时输出拒绝结论。,P0,报告负责人,generated_unreviewed
REQ-SOP004-004,SOP-004,检材来源,“检材来源”发生变更后，应重新执行影响分析、回归验证和人员授权确认，历史案件是否受影响必须形成书面结论。,P0,报告负责人,generated_unreviewed
REQ-SOP004-005,SOP-004,方法版本,“方法版本”的验收必须包含正常、边界、冲突、恶意和历史回归样本，并由未参与实现的人员独立复核。,P0,报告负责人,generated_unreviewed
REQ-SOP004-006,SOP-004,工具版本,围绕“工具版本”，报告编制、批准、交付与更正SOP必须保留输入来源、处理规则、输出结果和复核证据，任何不可解释的缺口均不得由默认值掩盖。,P1,报告负责人,generated_unreviewed
REQ-SOP004-007,SOP-004,技术事实,“技术事实”应被拆分为可验证步骤；每一步都要指定责任角色、前置条件、执行记录、异常分支和完成定义。,P1,报告负责人,generated_unreviewed
REQ-SOP004-008,SOP-004,规则推断,对“规则推断”的判断不得仅依赖界面展示或供应商结论，关键事实应能够回溯至原始对象、协议字段或受控记录。,P1,报告负责人,generated_unreviewed
REQ-SOP004-009,SOP-004,统计推断,实施“统计推断”时应优先保证可重现性和证据完整性，而不是追求最大覆盖率；无法满足前提时输出拒绝结论。,P1,报告负责人,generated_unreviewed
REQ-SOP004-010,SOP-004,限制,“限制”发生变更后，应重新执行影响分析、回归验证和人员授权确认，历史案件是否受影响必须形成书面结论。,P1,报告负责人,generated_unreviewed
REQ-SOP004-011,SOP-004,无法判断,“无法判断”的验收必须包含正常、边界、冲突、恶意和历史回归样本，并由未参与实现的人员独立复核。,P1,报告负责人,generated_unreviewed
REQ-SOP004-012,SOP-004,图表,围绕“图表”，报告编制、批准、交付与更正SOP必须保留输入来源、处理规则、输出结果和复核证据，任何不可解释的缺口均不得由默认值掩盖。,P1,报告负责人,generated_unreviewed
REQ-SOP004-013,SOP-004,金额校验,“金额校验”应被拆分为可验证步骤；每一步都要指定责任角色、前置条件、执行记录、异常分支和完成定义。,P2,报告负责人,generated_unreviewed
REQ-SOP004-014,SOP-004,地址校验,对“地址校验”的判断不得仅依赖界面展示或供应商结论，关键事实应能够回溯至原始对象、协议字段或受控记录。,P2,报告负责人,generated_unreviewed
REQ-SOP004-015,SOP-004,附件索引,实施“附件索引”时应优先保证可重现性和证据完整性，而不是追求最大覆盖率；无法满足前提时输出拒绝结论。,P2,报告负责人,generated_unreviewed
REQ-SOP004-016,SOP-004,复核意见,“复核意见”发生变更后，应重新执行影响分析、回归验证和人员授权确认，历史案件是否受影响必须形成书面结论。,P2,报告负责人,generated_unreviewed
REQ-SOP004-017,SOP-004,批准签名,“批准签名”的验收必须包含正常、边界、冲突、恶意和历史回归样本，并由未参与实现的人员独立复核。,P2,报告负责人,generated_unreviewed
REQ-SOP004-018,SOP-004,加密交付,围绕“加密交付”，报告编制、批准、交付与更正SOP必须保留输入来源、处理规则、输出结果和复核证据，任何不可解释的缺口均不得由默认值掩盖。,P2,报告负责人,generated_unreviewed
REQ-SOP004-019,SOP-004,接收回执,“接收回执”应被拆分为可验证步骤；每一步都要指定责任角色、前置条件、执行记录、异常分支和完成定义。,P2,报告负责人,generated_unreviewed
REQ-SOP004-020,SOP-004,更正,对“更正”的判断不得仅依赖界面展示或供应商结论，关键事实应能够回溯至原始对象、协议字段或受控记录。,P2,报告负责人,generated_unreviewed
REQ-SOP004-021,SOP-004,撤回,实施“撤回”时应优先保证可重现性和证据完整性，而不是追求最大覆盖率；无法满足前提时输出拒绝结论。,P2,报告负责人,generated_unreviewed
REQ-SOP004-022,SOP-004,通知范围,“通知范围”发生变更后，应重新执行影响分析、回归验证和人员授权确认，历史案件是否受影响必须形成书面结论。,P2,报告负责人,generated_unreviewed
REQ-SOP005-001,SOP-005,入库清单,“入库清单”应被拆分为可验证步骤；每一步都要指定责任角色、前置条件、执行记录、异常分支和完成定义。,P0,证据管理员,generated_unreviewed
REQ-SOP005-002,SOP-005,存储等级,对“存储等级”的判断不得仅依赖界面展示或供应商结论，关键事实应能够回溯至原始对象、协议字段或受控记录。,P0,证据管理员,generated_unreviewed
REQ-SOP005-003,SOP-005,WORM,实施“WORM”时应优先保证可重现性和证据完整性，而不是追求最大覆盖率；无法满足前提时输出拒绝结论。,P0,证据管理员,generated_unreviewed
REQ-SOP005-004,SOP-005,加密,“加密”发生变更后，应重新执行影响分析、回归验证和人员授权确认，历史案件是否受影响必须形成书面结论。,P0,证据管理员,generated_unreviewed
REQ-SOP005-005,SOP-005,访问申请,“访问申请”的验收必须包含正常、边界、冲突、恶意和历史回归样本，并由未参与实现的人员独立复核。,P0,证据管理员,generated_unreviewed
REQ-SOP005-006,SOP-005,双人审批,围绕“双人审批”，证据存储、访问、移交与销毁SOP必须保留输入来源、处理规则、输出结果和复核证据，任何不可解释的缺口均不得由默认值掩盖。,P1,证据管理员,generated_unreviewed
REQ-SOP005-007,SOP-005,复制记录,“复制记录”应被拆分为可验证步骤；每一步都要指定责任角色、前置条件、执行记录、异常分支和完成定义。,P1,证据管理员,generated_unreviewed
REQ-SOP005-008,SOP-005,导出审批,对“导出审批”的判断不得仅依赖界面展示或供应商结论，关键事实应能够回溯至原始对象、协议字段或受控记录。,P1,证据管理员,generated_unreviewed
REQ-SOP005-009,SOP-005,脱敏副本,实施“脱敏副本”时应优先保证可重现性和证据完整性，而不是追求最大覆盖率；无法满足前提时输出拒绝结论。,P1,证据管理员,generated_unreviewed
REQ-SOP005-010,SOP-005,介质标识,“介质标识”发生变更后，应重新执行影响分析、回归验证和人员授权确认，历史案件是否受影响必须形成书面结论。,P1,证据管理员,generated_unreviewed
REQ-SOP005-011,SOP-005,封存,“封存”的验收必须包含正常、边界、冲突、恶意和历史回归样本，并由未参与实现的人员独立复核。,P1,证据管理员,generated_unreviewed
REQ-SOP005-012,SOP-005,解封,围绕“解封”，证据存储、访问、移交与销毁SOP必须保留输入来源、处理规则、输出结果和复核证据，任何不可解释的缺口均不得由默认值掩盖。,P1,证据管理员,generated_unreviewed
REQ-SOP005-013,SOP-005,移交清单,“移交清单”应被拆分为可验证步骤；每一步都要指定责任角色、前置条件、执行记录、异常分支和完成定义。,P2,证据管理员,generated_unreviewed
REQ-SOP005-014,SOP-005,接收回执,对“接收回执”的判断不得仅依赖界面展示或供应商结论，关键事实应能够回溯至原始对象、协议字段或受控记录。,P2,证据管理员,generated_unreviewed
REQ-SOP005-015,SOP-005,定期哈希验证,实施“定期哈希验证”时应优先保证可重现性和证据完整性，而不是追求最大覆盖率；无法满足前提时输出拒绝结论。,P2,证据管理员,generated_unreviewed
REQ-SOP005-016,SOP-005,介质迁移,“介质迁移”发生变更后，应重新执行影响分析、回归验证和人员授权确认，历史案件是否受影响必须形成书面结论。,P2,证据管理员,generated_unreviewed
REQ-SOP005-017,SOP-005,法律保留,“法律保留”的验收必须包含正常、边界、冲突、恶意和历史回归样本，并由未参与实现的人员独立复核。,P2,证据管理员,generated_unreviewed
REQ-SOP005-018,SOP-005,留存期限,围绕“留存期限”，证据存储、访问、移交与销毁SOP必须保留输入来源、处理规则、输出结果和复核证据，任何不可解释的缺口均不得由默认值掩盖。,P2,证据管理员,generated_unreviewed
REQ-SOP005-019,SOP-005,销毁批准,“销毁批准”应被拆分为可验证步骤；每一步都要指定责任角色、前置条件、执行记录、异常分支和完成定义。,P2,证据管理员,generated_unreviewed
REQ-SOP005-020,SOP-005,销毁证明,对“销毁证明”的判断不得仅依赖界面展示或供应商结论，关键事实应能够回溯至原始对象、协议字段或受控记录。,P2,证据管理员,generated_unreviewed
REQ-SOP006-001,SOP-006,节点资产编号,“节点资产编号”应被拆分为可验证步骤；每一步都要指定责任角色、前置条件、执行记录、异常分支和完成定义。,P0,节点负责人,generated_unreviewed
REQ-SOP006-002,SOP-006,网络身份,对“网络身份”的判断不得仅依赖界面展示或供应商结论，关键事实应能够回溯至原始对象、协议字段或受控记录。,P0,节点负责人,generated_unreviewed
REQ-SOP006-003,SOP-006,客户端来源,实施“客户端来源”时应优先保证可重现性和证据完整性，而不是追求最大覆盖率；无法满足前提时输出拒绝结论。,P0,节点负责人,generated_unreviewed
REQ-SOP006-004,SOP-006,制品哈希,“制品哈希”发生变更后，应重新执行影响分析、回归验证和人员授权确认，历史案件是否受影响必须形成书面结论。,P0,节点负责人,generated_unreviewed
REQ-SOP006-005,SOP-006,配置基线,“配置基线”的验收必须包含正常、边界、冲突、恶意和历史回归样本，并由未参与实现的人员独立复核。,P0,节点负责人,generated_unreviewed
REQ-SOP006-006,SOP-006,磁盘容量,围绕“磁盘容量”，区块链节点运行SOP必须保留输入来源、处理规则、输出结果和复核证据，任何不可解释的缺口均不得由默认值掩盖。,P1,节点负责人,generated_unreviewed
REQ-SOP006-007,SOP-006,同步状态,“同步状态”应被拆分为可验证步骤；每一步都要指定责任角色、前置条件、执行记录、异常分支和完成定义。,P1,节点负责人,generated_unreviewed
REQ-SOP006-008,SOP-006,同伴数量,对“同伴数量”的判断不得仅依赖界面展示或供应商结论，关键事实应能够回溯至原始对象、协议字段或受控记录。,P1,节点负责人,generated_unreviewed
REQ-SOP006-009,SOP-006,区块高度,实施“区块高度”时应优先保证可重现性和证据完整性，而不是追求最大覆盖率；无法满足前提时输出拒绝结论。,P1,节点负责人,generated_unreviewed
REQ-SOP006-010,SOP-006,finalized高度,“finalized高度”发生变更后，应重新执行影响分析、回归验证和人员授权确认，历史案件是否受影响必须形成书面结论。,P1,节点负责人,generated_unreviewed
REQ-SOP006-011,SOP-006,RPC权限,“RPC权限”的验收必须包含正常、边界、冲突、恶意和历史回归样本，并由未参与实现的人员独立复核。,P1,节点负责人,generated_unreviewed
REQ-SOP006-012,SOP-006,日志,围绕“日志”，区块链节点运行SOP必须保留输入来源、处理规则、输出结果和复核证据，任何不可解释的缺口均不得由默认值掩盖。,P1,节点负责人,generated_unreviewed
REQ-SOP006-013,SOP-006,时间同步,“时间同步”应被拆分为可验证步骤；每一步都要指定责任角色、前置条件、执行记录、异常分支和完成定义。,P2,节点负责人,generated_unreviewed
REQ-SOP006-014,SOP-006,健康检查,对“健康检查”的判断不得仅依赖界面展示或供应商结论，关键事实应能够回溯至原始对象、协议字段或受控记录。,P2,节点负责人,generated_unreviewed
REQ-SOP006-015,SOP-006,链重组,实施“链重组”时应优先保证可重现性和证据完整性，而不是追求最大覆盖率；无法满足前提时输出拒绝结论。,P2,节点负责人,generated_unreviewed
REQ-SOP006-016,SOP-006,升级窗口,“升级窗口”发生变更后，应重新执行影响分析、回归验证和人员授权确认，历史案件是否受影响必须形成书面结论。,P2,节点负责人,generated_unreviewed
REQ-SOP006-017,SOP-006,回滚,“回滚”的验收必须包含正常、边界、冲突、恶意和历史回归样本，并由未参与实现的人员独立复核。,P2,节点负责人,generated_unreviewed
REQ-SOP006-018,SOP-006,备份,围绕“备份”，区块链节点运行SOP必须保留输入来源、处理规则、输出结果和复核证据，任何不可解释的缺口均不得由默认值掩盖。,P2,节点负责人,generated_unreviewed
REQ-SOP006-019,SOP-006,故障切换,“故障切换”应被拆分为可验证步骤；每一步都要指定责任角色、前置条件、执行记录、异常分支和完成定义。,P2,节点负责人,generated_unreviewed
REQ-SOP006-020,SOP-006,停用清除,对“停用清除”的判断不得仅依赖界面展示或供应商结论，关键事实应能够回溯至原始对象、协议字段或受控记录。,P2,节点负责人,generated_unreviewed
REQ-SOP007-001,SOP-007,变更单,“变更单”应被拆分为可验证步骤；每一步都要指定责任角色、前置条件、执行记录、异常分支和完成定义。,P0,发布负责人,generated_unreviewed
REQ-SOP007-002,SOP-007,发布分支,对“发布分支”的判断不得仅依赖界面展示或供应商结论，关键事实应能够回溯至原始对象、协议字段或受控记录。,P0,发布负责人,generated_unreviewed
REQ-SOP007-003,SOP-007,代码审查,实施“代码审查”时应优先保证可重现性和证据完整性，而不是追求最大覆盖率；无法满足前提时输出拒绝结论。,P0,发布负责人,generated_unreviewed
REQ-SOP007-004,SOP-007,依赖锁定,“依赖锁定”发生变更后，应重新执行影响分析、回归验证和人员授权确认，历史案件是否受影响必须形成书面结论。,P0,发布负责人,generated_unreviewed
REQ-SOP007-005,SOP-007,制品签名,“制品签名”的验收必须包含正常、边界、冲突、恶意和历史回归样本，并由未参与实现的人员独立复核。,P0,发布负责人,generated_unreviewed
REQ-SOP007-006,SOP-007,数据库迁移,围绕“数据库迁移”，系统变更与发布运行SOP必须保留输入来源、处理规则、输出结果和复核证据，任何不可解释的缺口均不得由默认值掩盖。,P1,发布负责人,generated_unreviewed
REQ-SOP007-007,SOP-007,配置差异,“配置差异”应被拆分为可验证步骤；每一步都要指定责任角色、前置条件、执行记录、异常分支和完成定义。,P1,发布负责人,generated_unreviewed
REQ-SOP007-008,SOP-007,方法同步,对“方法同步”的判断不得仅依赖界面展示或供应商结论，关键事实应能够回溯至原始对象、协议字段或受控记录。,P1,发布负责人,generated_unreviewed
REQ-SOP007-009,SOP-007,文档同步,实施“文档同步”时应优先保证可重现性和证据完整性，而不是追求最大覆盖率；无法满足前提时输出拒绝结论。,P1,发布负责人,generated_unreviewed
REQ-SOP007-010,SOP-007,模板同步,“模板同步”发生变更后，应重新执行影响分析、回归验证和人员授权确认，历史案件是否受影响必须形成书面结论。,P1,发布负责人,generated_unreviewed
REQ-SOP007-011,SOP-007,权限变更,“权限变更”的验收必须包含正常、边界、冲突、恶意和历史回归样本，并由未参与实现的人员独立复核。,P1,发布负责人,generated_unreviewed
REQ-SOP007-012,SOP-007,回归测试,围绕“回归测试”，系统变更与发布运行SOP必须保留输入来源、处理规则、输出结果和复核证据，任何不可解释的缺口均不得由默认值掩盖。,P1,发布负责人,generated_unreviewed
REQ-SOP007-013,SOP-007,安全测试,“安全测试”应被拆分为可验证步骤；每一步都要指定责任角色、前置条件、执行记录、异常分支和完成定义。,P2,发布负责人,generated_unreviewed
REQ-SOP007-014,SOP-007,发布批准,对“发布批准”的判断不得仅依赖界面展示或供应商结论，关键事实应能够回溯至原始对象、协议字段或受控记录。,P2,发布负责人,generated_unreviewed
REQ-SOP007-015,SOP-007,维护窗口,实施“维护窗口”时应优先保证可重现性和证据完整性，而不是追求最大覆盖率；无法满足前提时输出拒绝结论。,P2,发布负责人,generated_unreviewed
REQ-SOP007-016,SOP-007,灰度,“灰度”发生变更后，应重新执行影响分析、回归验证和人员授权确认，历史案件是否受影响必须形成书面结论。,P2,发布负责人,generated_unreviewed
REQ-SOP007-017,SOP-007,监控,“监控”的验收必须包含正常、边界、冲突、恶意和历史回归样本，并由未参与实现的人员独立复核。,P2,发布负责人,generated_unreviewed
REQ-SOP007-018,SOP-007,回滚,围绕“回滚”，系统变更与发布运行SOP必须保留输入来源、处理规则、输出结果和复核证据，任何不可解释的缺口均不得由默认值掩盖。,P2,发布负责人,generated_unreviewed
REQ-SOP007-019,SOP-007,发布后复核,“发布后复核”应被拆分为可验证步骤；每一步都要指定责任角色、前置条件、执行记录、异常分支和完成定义。,P2,发布负责人,generated_unreviewed
REQ-SOP007-020,SOP-007,关闭,对“关闭”的判断不得仅依赖界面展示或供应商结论，关键事实应能够回溯至原始对象、协议字段或受控记录。,P2,发布负责人,generated_unreviewed
REQ-SOP008-001,SOP-008,事件分类,“事件分类”应被拆分为可验证步骤；每一步都要指定责任角色、前置条件、执行记录、异常分支和完成定义。,P0,安全负责人,generated_unreviewed
REQ-SOP008-002,SOP-008,严重级别,对“严重级别”的判断不得仅依赖界面展示或供应商结论，关键事实应能够回溯至原始对象、协议字段或受控记录。,P0,安全负责人,generated_unreviewed
REQ-SOP008-003,SOP-008,值班与升级,实施“值班与升级”时应优先保证可重现性和证据完整性，而不是追求最大覆盖率；无法满足前提时输出拒绝结论。,P0,安全负责人,generated_unreviewed
REQ-SOP008-004,SOP-008,证据保全,“证据保全”发生变更后，应重新执行影响分析、回归验证和人员授权确认，历史案件是否受影响必须形成书面结论。,P0,安全负责人,generated_unreviewed
REQ-SOP008-005,SOP-008,隔离,“隔离”的验收必须包含正常、边界、冲突、恶意和历史回归样本，并由未参与实现的人员独立复核。,P0,安全负责人,generated_unreviewed
REQ-SOP008-006,SOP-008,凭据撤销,围绕“凭据撤销”，安全事件响应SOP必须保留输入来源、处理规则、输出结果和复核证据，任何不可解释的缺口均不得由默认值掩盖。,P1,安全负责人,generated_unreviewed
REQ-SOP008-007,SOP-008,恶意样本,“恶意样本”应被拆分为可验证步骤；每一步都要指定责任角色、前置条件、执行记录、异常分支和完成定义。,P1,安全负责人,generated_unreviewed
REQ-SOP008-008,SOP-008,数据泄露评估,对“数据泄露评估”的判断不得仅依赖界面展示或供应商结论，关键事实应能够回溯至原始对象、协议字段或受控记录。,P1,安全负责人,generated_unreviewed
REQ-SOP008-009,SOP-008,案件影响,实施“案件影响”时应优先保证可重现性和证据完整性，而不是追求最大覆盖率；无法满足前提时输出拒绝结论。,P1,安全负责人,generated_unreviewed
REQ-SOP008-010,SOP-008,客户通知,“客户通知”发生变更后，应重新执行影响分析、回归验证和人员授权确认，历史案件是否受影响必须形成书面结论。,P1,安全负责人,generated_unreviewed
REQ-SOP008-011,SOP-008,监管通知研究,“监管通知研究”的验收必须包含正常、边界、冲突、恶意和历史回归样本，并由未参与实现的人员独立复核。,P1,安全负责人,generated_unreviewed
REQ-SOP008-012,SOP-008,根因分析,围绕“根因分析”，安全事件响应SOP必须保留输入来源、处理规则、输出结果和复核证据，任何不可解释的缺口均不得由默认值掩盖。,P1,安全负责人,generated_unreviewed
REQ-SOP008-013,SOP-008,恢复,“恢复”应被拆分为可验证步骤；每一步都要指定责任角色、前置条件、执行记录、异常分支和完成定义。,P2,安全负责人,generated_unreviewed
REQ-SOP008-014,SOP-008,补丁,对“补丁”的判断不得仅依赖界面展示或供应商结论，关键事实应能够回溯至原始对象、协议字段或受控记录。,P2,安全负责人,generated_unreviewed
REQ-SOP008-015,SOP-008,历史结果影响,实施“历史结果影响”时应优先保证可重现性和证据完整性，而不是追求最大覆盖率；无法满足前提时输出拒绝结论。,P2,安全负责人,generated_unreviewed
REQ-SOP008-016,SOP-008,威胁狩猎,“威胁狩猎”发生变更后，应重新执行影响分析、回归验证和人员授权确认，历史案件是否受影响必须形成书面结论。,P2,安全负责人,generated_unreviewed
REQ-SOP008-017,SOP-008,复盘,“复盘”的验收必须包含正常、边界、冲突、恶意和历史回归样本，并由未参与实现的人员独立复核。,P2,安全负责人,generated_unreviewed
REQ-SOP008-018,SOP-008,CAPA,围绕“CAPA”，安全事件响应SOP必须保留输入来源、处理规则、输出结果和复核证据，任何不可解释的缺口均不得由默认值掩盖。,P2,安全负责人,generated_unreviewed
REQ-SOP008-019,SOP-008,演练,“演练”应被拆分为可验证步骤；每一步都要指定责任角色、前置条件、执行记录、异常分支和完成定义。,P2,安全负责人,generated_unreviewed
REQ-SOP008-020,SOP-008,媒体沟通,对“媒体沟通”的判断不得仅依赖界面展示或供应商结论，关键事实应能够回溯至原始对象、协议字段或受控记录。,P2,安全负责人,generated_unreviewed
REQ-SOP009-001,SOP-009,关键流程,“关键流程”应被拆分为可验证步骤；每一步都要指定责任角色、前置条件、执行记录、异常分支和完成定义。,P0,连续性负责人,generated_unreviewed
REQ-SOP009-002,SOP-009,最大可容忍中断,对“最大可容忍中断”的判断不得仅依赖界面展示或供应商结论，关键事实应能够回溯至原始对象、协议字段或受控记录。,P0,连续性负责人,generated_unreviewed
REQ-SOP009-003,SOP-009,RTO,实施“RTO”时应优先保证可重现性和证据完整性，而不是追求最大覆盖率；无法满足前提时输出拒绝结论。,P0,连续性负责人,generated_unreviewed
REQ-SOP009-004,SOP-009,RPO,“RPO”发生变更后，应重新执行影响分析、回归验证和人员授权确认，历史案件是否受影响必须形成书面结论。,P0,连续性负责人,generated_unreviewed
REQ-SOP009-005,SOP-009,替代人员,“替代人员”的验收必须包含正常、边界、冲突、恶意和历史回归样本，并由未参与实现的人员独立复核。,P0,连续性负责人,generated_unreviewed
REQ-SOP009-006,SOP-009,替代场所,围绕“替代场所”，业务连续性与灾难恢复SOP必须保留输入来源、处理规则、输出结果和复核证据，任何不可解释的缺口均不得由默认值掩盖。,P1,连续性负责人,generated_unreviewed
REQ-SOP009-007,SOP-009,通信树,“通信树”应被拆分为可验证步骤；每一步都要指定责任角色、前置条件、执行记录、异常分支和完成定义。,P1,连续性负责人,generated_unreviewed
REQ-SOP009-008,SOP-009,离线表单,对“离线表单”的判断不得仅依赖界面展示或供应商结论，关键事实应能够回溯至原始对象、协议字段或受控记录。,P1,连续性负责人,generated_unreviewed
REQ-SOP009-009,SOP-009,节点替代,实施“节点替代”时应优先保证可重现性和证据完整性，而不是追求最大覆盖率；无法满足前提时输出拒绝结论。,P1,连续性负责人,generated_unreviewed
REQ-SOP009-010,SOP-009,数据恢复,“数据恢复”发生变更后，应重新执行影响分析、回归验证和人员授权确认，历史案件是否受影响必须形成书面结论。,P1,连续性负责人,generated_unreviewed
REQ-SOP009-011,SOP-009,密钥恢复,“密钥恢复”的验收必须包含正常、边界、冲突、恶意和历史回归样本，并由未参与实现的人员独立复核。,P1,连续性负责人,generated_unreviewed
REQ-SOP009-012,SOP-009,供应商中断,围绕“供应商中断”，业务连续性与灾难恢复SOP必须保留输入来源、处理规则、输出结果和复核证据，任何不可解释的缺口均不得由默认值掩盖。,P1,连续性负责人,generated_unreviewed
REQ-SOP009-013,SOP-009,手工降级,“手工降级”应被拆分为可验证步骤；每一步都要指定责任角色、前置条件、执行记录、异常分支和完成定义。,P2,连续性负责人,generated_unreviewed
REQ-SOP009-014,SOP-009,积压管理,对“积压管理”的判断不得仅依赖界面展示或供应商结论，关键事实应能够回溯至原始对象、协议字段或受控记录。,P2,连续性负责人,generated_unreviewed
REQ-SOP009-015,SOP-009,恢复验证,实施“恢复验证”时应优先保证可重现性和证据完整性，而不是追求最大覆盖率；无法满足前提时输出拒绝结论。,P2,连续性负责人,generated_unreviewed
REQ-SOP009-016,SOP-009,客户沟通,“客户沟通”发生变更后，应重新执行影响分析、回归验证和人员授权确认，历史案件是否受影响必须形成书面结论。,P2,连续性负责人,generated_unreviewed
REQ-SOP009-017,SOP-009,演练,“演练”的验收必须包含正常、边界、冲突、恶意和历史回归样本，并由未参与实现的人员独立复核。,P2,连续性负责人,generated_unreviewed
REQ-SOP009-018,SOP-009,改进,围绕“改进”，业务连续性与灾难恢复SOP必须保留输入来源、处理规则、输出结果和复核证据，任何不可解释的缺口均不得由默认值掩盖。,P2,连续性负责人,generated_unreviewed
REQ-SOP010-001,SOP-010,出庭授权,“出庭授权”应被拆分为可验证步骤；每一步都要指定责任角色、前置条件、执行记录、异常分支和完成定义。,P0,方法负责人,generated_unreviewed
REQ-SOP010-002,SOP-010,人员资格材料,对“人员资格材料”的判断不得仅依赖界面展示或供应商结论，关键事实应能够回溯至原始对象、协议字段或受控记录。,P0,方法负责人,generated_unreviewed
REQ-SOP010-003,SOP-010,案件记录复核,实施“案件记录复核”时应优先保证可重现性和证据完整性，而不是追求最大覆盖率；无法满足前提时输出拒绝结论。,P0,方法负责人,generated_unreviewed
REQ-SOP010-004,SOP-010,方法依据,“方法依据”发生变更后，应重新执行影响分析、回归验证和人员授权确认，历史案件是否受影响必须形成书面结论。,P0,方法负责人,generated_unreviewed
REQ-SOP010-005,SOP-010,工具验证,“工具验证”的验收必须包含正常、边界、冲突、恶意和历史回归样本，并由未参与实现的人员独立复核。,P0,方法负责人,generated_unreviewed
REQ-SOP010-006,SOP-010,演示数据,围绕“演示数据”，专家评审与法庭技术解释SOP必须保留输入来源、处理规则、输出结果和复核证据，任何不可解释的缺口均不得由默认值掩盖。,P1,方法负责人,generated_unreviewed
REQ-SOP010-007,SOP-010,离线环境,“离线环境”应被拆分为可验证步骤；每一步都要指定责任角色、前置条件、执行记录、异常分支和完成定义。,P1,方法负责人,generated_unreviewed
REQ-SOP010-008,SOP-010,术语解释,对“术语解释”的判断不得仅依赖界面展示或供应商结论，关键事实应能够回溯至原始对象、协议字段或受控记录。,P1,方法负责人,generated_unreviewed
REQ-SOP010-009,SOP-010,事实与推断,实施“事实与推断”时应优先保证可重现性和证据完整性，而不是追求最大覆盖率；无法满足前提时输出拒绝结论。,P1,方法负责人,generated_unreviewed
REQ-SOP010-010,SOP-010,误差与限制,“误差与限制”发生变更后，应重新执行影响分析、回归验证和人员授权确认，历史案件是否受影响必须形成书面结论。,P1,方法负责人,generated_unreviewed
REQ-SOP010-011,SOP-010,替代解释,“替代解释”的验收必须包含正常、边界、冲突、恶意和历史回归样本，并由未参与实现的人员独立复核。,P1,方法负责人,generated_unreviewed
REQ-SOP010-012,SOP-010,交叉询问,围绕“交叉询问”，专家评审与法庭技术解释SOP必须保留输入来源、处理规则、输出结果和复核证据，任何不可解释的缺口均不得由默认值掩盖。,P1,方法负责人,generated_unreviewed
REQ-SOP010-013,SOP-010,超范围问题,“超范围问题”应被拆分为可验证步骤；每一步都要指定责任角色、前置条件、执行记录、异常分支和完成定义。,P2,方法负责人,generated_unreviewed
REQ-SOP010-014,SOP-010,保密信息,对“保密信息”的判断不得仅依赖界面展示或供应商结论，关键事实应能够回溯至原始对象、协议字段或受控记录。,P2,方法负责人,generated_unreviewed
REQ-SOP010-015,SOP-010,现场记录,实施“现场记录”时应优先保证可重现性和证据完整性，而不是追求最大覆盖率；无法满足前提时输出拒绝结论。,P2,方法负责人,generated_unreviewed
REQ-SOP010-016,SOP-010,补充说明,“补充说明”发生变更后，应重新执行影响分析、回归验证和人员授权确认，历史案件是否受影响必须形成书面结论。,P2,方法负责人,generated_unreviewed
REQ-SOP010-017,SOP-010,庭后复盘,“庭后复盘”的验收必须包含正常、边界、冲突、恶意和历史回归样本，并由未参与实现的人员独立复核。,P2,方法负责人,generated_unreviewed
REQ-SOP010-018,SOP-010,报告更正触发,围绕“报告更正触发”，专家评审与法庭技术解释SOP必须保留输入来源、处理规则、输出结果和复核证据，任何不可解释的缺口均不得由默认值掩盖。,P2,方法负责人,generated_unreviewed
REQ-ORG001-001,ORG-001,研发主体,“研发主体”应被拆分为可验证步骤；每一步都要指定责任角色、前置条件、执行记录、异常分支和完成定义。,P0,项目负责人,generated_unreviewed
REQ-ORG001-002,ORG-001,未来鉴定主体,对“未来鉴定主体”的判断不得仅依赖界面展示或供应商结论，关键事实应能够回溯至原始对象、协议字段或受控记录。,P0,项目负责人,generated_unreviewed
REQ-ORG001-003,ORG-001,质量职能,实施“质量职能”时应优先保证可重现性和证据完整性，而不是追求最大覆盖率；无法满足前提时输出拒绝结论。,P0,项目负责人,generated_unreviewed
REQ-ORG001-004,ORG-001,技术职能,“技术职能”发生变更后，应重新执行影响分析、回归验证和人员授权确认，历史案件是否受影响必须形成书面结论。,P0,项目负责人,generated_unreviewed
REQ-ORG001-005,ORG-001,方法职能,“方法职能”的验收必须包含正常、边界、冲突、恶意和历史回归样本，并由未参与实现的人员独立复核。,P0,项目负责人,generated_unreviewed
REQ-ORG001-006,ORG-001,安全职能,围绕“安全职能”，组织设计与独立性必须保留输入来源、处理规则、输出结果和复核证据，任何不可解释的缺口均不得由默认值掩盖。,P1,项目负责人,generated_unreviewed
REQ-ORG001-007,ORG-001,实验室职能,“实验室职能”应被拆分为可验证步骤；每一步都要指定责任角色、前置条件、执行记录、异常分支和完成定义。,P1,项目负责人,generated_unreviewed
REQ-ORG001-008,ORG-001,业务职能,对“业务职能”的判断不得仅依赖界面展示或供应商结论，关键事实应能够回溯至原始对象、协议字段或受控记录。,P1,项目负责人,generated_unreviewed
REQ-ORG001-009,ORG-001,财务核算,实施“财务核算”时应优先保证可重现性和证据完整性，而不是追求最大覆盖率；无法满足前提时输出拒绝结论。,P1,项目负责人,generated_unreviewed
REQ-ORG001-010,ORG-001,知识产权许可,“知识产权许可”发生变更后，应重新执行影响分析、回归验证和人员授权确认，历史案件是否受影响必须形成书面结论。,P1,项目负责人,generated_unreviewed
REQ-ORG001-011,ORG-001,工具供应关系,“工具供应关系”的验收必须包含正常、边界、冲突、恶意和历史回归样本，并由未参与实现的人员独立复核。,P1,项目负责人,generated_unreviewed
REQ-ORG001-012,ORG-001,数据隔离,围绕“数据隔离”，组织设计与独立性必须保留输入来源、处理规则、输出结果和复核证据，任何不可解释的缺口均不得由默认值掩盖。,P1,项目负责人,generated_unreviewed
REQ-ORG001-013,ORG-001,案件决策权,“案件决策权”应被拆分为可验证步骤；每一步都要指定责任角色、前置条件、执行记录、异常分支和完成定义。,P2,项目负责人,generated_unreviewed
REQ-ORG001-014,ORG-001,人员兼职,对“人员兼职”的判断不得仅依赖界面展示或供应商结论，关键事实应能够回溯至原始对象、协议字段或受控记录。,P2,项目负责人,generated_unreviewed
REQ-ORG001-015,ORG-001,关联交易,实施“关联交易”时应优先保证可重现性和证据完整性，而不是追求最大覆盖率；无法满足前提时输出拒绝结论。,P2,项目负责人,generated_unreviewed
REQ-ORG001-016,ORG-001,公正性委员会,“公正性委员会”发生变更后，应重新执行影响分析、回归验证和人员授权确认，历史案件是否受影响必须形成书面结论。,P2,项目负责人,generated_unreviewed
REQ-ORG001-017,ORG-001,合作机构接口,“合作机构接口”的验收必须包含正常、边界、冲突、恶意和历史回归样本，并由未参与实现的人员独立复核。,P2,项目负责人,generated_unreviewed
REQ-ORG002-001,ORG-002,管理层岗位,“管理层岗位”应被拆分为可验证步骤；每一步都要指定责任角色、前置条件、执行记录、异常分支和完成定义。,P0,人员负责人,generated_unreviewed
REQ-ORG002-002,ORG-002,项目负责人,对“项目负责人”的判断不得仅依赖界面展示或供应商结论，关键事实应能够回溯至原始对象、协议字段或受控记录。,P0,人员负责人,generated_unreviewed
REQ-ORG002-003,ORG-002,质量负责人,实施“质量负责人”时应优先保证可重现性和证据完整性，而不是追求最大覆盖率；无法满足前提时输出拒绝结论。,P0,人员负责人,generated_unreviewed
REQ-ORG002-004,ORG-002,技术负责人,“技术负责人”发生变更后，应重新执行影响分析、回归验证和人员授权确认，历史案件是否受影响必须形成书面结论。,P0,人员负责人,generated_unreviewed
REQ-ORG002-005,ORG-002,架构负责人,“架构负责人”的验收必须包含正常、边界、冲突、恶意和历史回归样本，并由未参与实现的人员独立复核。,P0,人员负责人,generated_unreviewed
REQ-ORG002-006,ORG-002,方法负责人,围绕“方法负责人”，岗位说明书必须保留输入来源、处理规则、输出结果和复核证据，任何不可解释的缺口均不得由默认值掩盖。,P1,人员负责人,generated_unreviewed
REQ-ORG002-007,ORG-002,安全负责人,“安全负责人”应被拆分为可验证步骤；每一步都要指定责任角色、前置条件、执行记录、异常分支和完成定义。,P1,人员负责人,generated_unreviewed
REQ-ORG002-008,ORG-002,数据管理员,对“数据管理员”的判断不得仅依赖界面展示或供应商结论，关键事实应能够回溯至原始对象、协议字段或受控记录。,P1,人员负责人,generated_unreviewed
REQ-ORG002-009,ORG-002,节点负责人,实施“节点负责人”时应优先保证可重现性和证据完整性，而不是追求最大覆盖率；无法满足前提时输出拒绝结论。,P1,人员负责人,generated_unreviewed
REQ-ORG002-010,ORG-002,实验室负责人,“实验室负责人”发生变更后，应重新执行影响分析、回归验证和人员授权确认，历史案件是否受影响必须形成书面结论。,P1,人员负责人,generated_unreviewed
REQ-ORG002-011,ORG-002,受理员,“受理员”的验收必须包含正常、边界、冲突、恶意和历史回归样本，并由未参与实现的人员独立复核。,P1,人员负责人,generated_unreviewed
REQ-ORG002-012,ORG-002,采集员,围绕“采集员”，岗位说明书必须保留输入来源、处理规则、输出结果和复核证据，任何不可解释的缺口均不得由默认值掩盖。,P1,人员负责人,generated_unreviewed
REQ-ORG002-013,ORG-002,分析员,“分析员”应被拆分为可验证步骤；每一步都要指定责任角色、前置条件、执行记录、异常分支和完成定义。,P2,人员负责人,generated_unreviewed
REQ-ORG002-014,ORG-002,独立复核员,对“独立复核员”的判断不得仅依赖界面展示或供应商结论，关键事实应能够回溯至原始对象、协议字段或受控记录。,P2,人员负责人,generated_unreviewed
REQ-ORG002-015,ORG-002,报告负责人,实施“报告负责人”时应优先保证可重现性和证据完整性，而不是追求最大覆盖率；无法满足前提时输出拒绝结论。,P2,人员负责人,generated_unreviewed
REQ-ORG002-016,ORG-002,配置管理员,“配置管理员”发生变更后，应重新执行影响分析、回归验证和人员授权确认，历史案件是否受影响必须形成书面结论。,P2,人员负责人,generated_unreviewed
REQ-ORG002-017,ORG-002,采购负责人,“采购负责人”的验收必须包含正常、边界、冲突、恶意和历史回归样本，并由未参与实现的人员独立复核。,P2,人员负责人,generated_unreviewed
REQ-ORG002-018,ORG-002,连续性负责人,围绕“连续性负责人”，岗位说明书必须保留输入来源、处理规则、输出结果和复核证据，任何不可解释的缺口均不得由默认值掩盖。,P2,人员负责人,generated_unreviewed
REQ-ORG003-001,ORG-003,能力等级定义,“能力等级定义”应被拆分为可验证步骤；每一步都要指定责任角色、前置条件、执行记录、异常分支和完成定义。,P0,人员负责人,generated_unreviewed
REQ-ORG003-002,ORG-003,法规知识,对“法规知识”的判断不得仅依赖界面展示或供应商结论，关键事实应能够回溯至原始对象、协议字段或受控记录。,P0,人员负责人,generated_unreviewed
REQ-ORG003-003,ORG-003,电子证据规则,实施“电子证据规则”时应优先保证可重现性和证据完整性，而不是追求最大覆盖率；无法满足前提时输出拒绝结论。,P0,人员负责人,generated_unreviewed
REQ-ORG003-004,ORG-003,CMA知识,“CMA知识”发生变更后，应重新执行影响分析、回归验证和人员授权确认，历史案件是否受影响必须形成书面结论。,P0,人员负责人,generated_unreviewed
REQ-ORG003-005,ORG-003,CNAS知识,“CNAS知识”的验收必须包含正常、边界、冲突、恶意和历史回归样本，并由未参与实现的人员独立复核。,P0,人员负责人,generated_unreviewed
REQ-ORG003-006,ORG-003,Bitcoin协议,围绕“Bitcoin协议”，人员能力矩阵必须保留输入来源、处理规则、输出结果和复核证据，任何不可解释的缺口均不得由默认值掩盖。,P1,人员负责人,generated_unreviewed
REQ-ORG003-007,ORG-003,EVM协议,“EVM协议”应被拆分为可验证步骤；每一步都要指定责任角色、前置条件、执行记录、异常分支和完成定义。,P1,人员负责人,generated_unreviewed
REQ-ORG003-008,ORG-003,TRON协议,对“TRON协议”的判断不得仅依赖界面展示或供应商结论，关键事实应能够回溯至原始对象、协议字段或受控记录。,P1,人员负责人,generated_unreviewed
REQ-ORG003-009,ORG-003,跨链桥,实施“跨链桥”时应优先保证可重现性和证据完整性，而不是追求最大覆盖率；无法满足前提时输出拒绝结论。,P1,人员负责人,generated_unreviewed
REQ-ORG003-010,ORG-003,DeFi,“DeFi”发生变更后，应重新执行影响分析、回归验证和人员授权确认，历史案件是否受影响必须形成书面结论。,P1,人员负责人,generated_unreviewed
REQ-ORG003-011,ORG-003,混币聚类,“混币聚类”的验收必须包含正常、边界、冲突、恶意和历史回归样本，并由未参与实现的人员独立复核。,P1,人员负责人,generated_unreviewed
REQ-ORG003-012,ORG-003,标签证据,围绕“标签证据”，人员能力矩阵必须保留输入来源、处理规则、输出结果和复核证据，任何不可解释的缺口均不得由默认值掩盖。,P1,人员负责人,generated_unreviewed
REQ-ORG003-013,ORG-003,工具操作,“工具操作”应被拆分为可验证步骤；每一步都要指定责任角色、前置条件、执行记录、异常分支和完成定义。,P2,人员负责人,generated_unreviewed
REQ-ORG003-014,ORG-003,方法确认,对“方法确认”的判断不得仅依赖界面展示或供应商结论，关键事实应能够回溯至原始对象、协议字段或受控记录。,P2,人员负责人,generated_unreviewed
REQ-ORG003-015,ORG-003,质量体系,实施“质量体系”时应优先保证可重现性和证据完整性，而不是追求最大覆盖率；无法满足前提时输出拒绝结论。,P2,人员负责人,generated_unreviewed
REQ-ORG003-016,ORG-003,安全保密,“安全保密”发生变更后，应重新执行影响分析、回归验证和人员授权确认，历史案件是否受影响必须形成书面结论。,P2,人员负责人,generated_unreviewed
REQ-ORG003-017,ORG-003,报告写作,“报告写作”的验收必须包含正常、边界、冲突、恶意和历史回归样本，并由未参与实现的人员独立复核。,P2,人员负责人,generated_unreviewed
REQ-ORG003-018,ORG-003,技术解释,围绕“技术解释”，人员能力矩阵必须保留输入来源、处理规则、输出结果和复核证据，任何不可解释的缺口均不得由默认值掩盖。,P2,人员负责人,generated_unreviewed
REQ-ORG003-019,ORG-003,项目管理,“项目管理”应被拆分为可验证步骤；每一步都要指定责任角色、前置条件、执行记录、异常分支和完成定义。,P2,人员负责人,generated_unreviewed
REQ-ORG003-020,ORG-003,持续教育,对“持续教育”的判断不得仅依赖界面展示或供应商结论，关键事实应能够回溯至原始对象、协议字段或受控记录。,P2,人员负责人,generated_unreviewed
REQ-ORG004-001,ORG-004,入职培训,“入职培训”应被拆分为可验证步骤；每一步都要指定责任角色、前置条件、执行记录、异常分支和完成定义。,P0,人员负责人,generated_unreviewed
REQ-ORG004-002,ORG-004,质量培训,对“质量培训”的判断不得仅依赖界面展示或供应商结论，关键事实应能够回溯至原始对象、协议字段或受控记录。,P0,人员负责人,generated_unreviewed
REQ-ORG004-003,ORG-004,保密培训,实施“保密培训”时应优先保证可重现性和证据完整性，而不是追求最大覆盖率；无法满足前提时输出拒绝结论。,P0,人员负责人,generated_unreviewed
REQ-ORG004-004,ORG-004,安全培训,“安全培训”发生变更后，应重新执行影响分析、回归验证和人员授权确认，历史案件是否受影响必须形成书面结论。,P0,人员负责人,generated_unreviewed
REQ-ORG004-005,ORG-004,法规培训,“法规培训”的验收必须包含正常、边界、冲突、恶意和历史回归样本，并由未参与实现的人员独立复核。,P0,人员负责人,generated_unreviewed
REQ-ORG004-006,ORG-004,链协议培训,围绕“链协议培训”，培训、考核与授权计划必须保留输入来源、处理规则、输出结果和复核证据，任何不可解释的缺口均不得由默认值掩盖。,P1,人员负责人,generated_unreviewed
REQ-ORG004-007,ORG-004,工具培训,“工具培训”应被拆分为可验证步骤；每一步都要指定责任角色、前置条件、执行记录、异常分支和完成定义。,P1,人员负责人,generated_unreviewed
REQ-ORG004-008,ORG-004,方法培训,对“方法培训”的判断不得仅依赖界面展示或供应商结论，关键事实应能够回溯至原始对象、协议字段或受控记录。,P1,人员负责人,generated_unreviewed
REQ-ORG004-009,ORG-004,监督实践,实施“监督实践”时应优先保证可重现性和证据完整性，而不是追求最大覆盖率；无法满足前提时输出拒绝结论。,P1,人员负责人,generated_unreviewed
REQ-ORG004-010,ORG-004,模拟案件,“模拟案件”发生变更后，应重新执行影响分析、回归验证和人员授权确认，历史案件是否受影响必须形成书面结论。,P1,人员负责人,generated_unreviewed
REQ-ORG004-011,ORG-004,盲样,“盲样”的验收必须包含正常、边界、冲突、恶意和历史回归样本，并由未参与实现的人员独立复核。,P1,人员负责人,generated_unreviewed
REQ-ORG004-012,ORG-004,书面考试,围绕“书面考试”，培训、考核与授权计划必须保留输入来源、处理规则、输出结果和复核证据，任何不可解释的缺口均不得由默认值掩盖。,P1,人员负责人,generated_unreviewed
REQ-ORG004-013,ORG-004,口头答辩,“口头答辩”应被拆分为可验证步骤；每一步都要指定责任角色、前置条件、执行记录、异常分支和完成定义。,P2,人员负责人,generated_unreviewed
REQ-ORG004-014,ORG-004,实操演示,对“实操演示”的判断不得仅依赖界面展示或供应商结论，关键事实应能够回溯至原始对象、协议字段或受控记录。,P2,人员负责人,generated_unreviewed
REQ-ORG004-015,ORG-004,限定授权,实施“限定授权”时应优先保证可重现性和证据完整性，而不是追求最大覆盖率；无法满足前提时输出拒绝结论。,P2,人员负责人,generated_unreviewed
REQ-ORG004-016,ORG-004,授权有效期,“授权有效期”发生变更后，应重新执行影响分析、回归验证和人员授权确认，历史案件是否受影响必须形成书面结论。,P2,人员负责人,generated_unreviewed
REQ-ORG004-017,ORG-004,持续教育,“持续教育”的验收必须包含正常、边界、冲突、恶意和历史回归样本，并由未参与实现的人员独立复核。,P2,人员负责人,generated_unreviewed
REQ-ORG004-018,ORG-004,续期,围绕“续期”，培训、考核与授权计划必须保留输入来源、处理规则、输出结果和复核证据，任何不可解释的缺口均不得由默认值掩盖。,P2,人员负责人,generated_unreviewed
REQ-ORG004-019,ORG-004,暂停,“暂停”应被拆分为可验证步骤；每一步都要指定责任角色、前置条件、执行记录、异常分支和完成定义。,P2,人员负责人,generated_unreviewed
REQ-ORG004-020,ORG-004,撤销恢复,对“撤销恢复”的判断不得仅依赖界面展示或供应商结论，关键事实应能够回溯至原始对象、协议字段或受控记录。,P2,人员负责人,generated_unreviewed
REQ-ORG005-001,ORG-005,年度声明,“年度声明”应被拆分为可验证步骤；每一步都要指定责任角色、前置条件、执行记录、异常分支和完成定义。,P0,质量负责人,generated_unreviewed
REQ-ORG005-002,ORG-005,案件级声明,对“案件级声明”的判断不得仅依赖界面展示或供应商结论，关键事实应能够回溯至原始对象、协议字段或受控记录。,P0,质量负责人,generated_unreviewed
REQ-ORG005-003,ORG-005,财务利益,实施“财务利益”时应优先保证可重现性和证据完整性，而不是追求最大覆盖率；无法满足前提时输出拒绝结论。,P0,质量负责人,generated_unreviewed
REQ-ORG005-004,ORG-005,亲属关系,“亲属关系”发生变更后，应重新执行影响分析、回归验证和人员授权确认，历史案件是否受影响必须形成书面结论。,P0,质量负责人,generated_unreviewed
REQ-ORG005-005,ORG-005,既往雇佣,“既往雇佣”的验收必须包含正常、边界、冲突、恶意和历史回归样本，并由未参与实现的人员独立复核。,P0,质量负责人,generated_unreviewed
REQ-ORG005-006,ORG-005,顾问关系,围绕“顾问关系”，人员独立性与利益冲突管理必须保留输入来源、处理规则、输出结果和复核证据，任何不可解释的缺口均不得由默认值掩盖。,P1,质量负责人,generated_unreviewed
REQ-ORG005-007,ORG-005,供应商关系,“供应商关系”应被拆分为可验证步骤；每一步都要指定责任角色、前置条件、执行记录、异常分支和完成定义。,P1,质量负责人,generated_unreviewed
REQ-ORG005-008,ORG-005,销售激励,对“销售激励”的判断不得仅依赖界面展示或供应商结论，关键事实应能够回溯至原始对象、协议字段或受控记录。,P1,质量负责人,generated_unreviewed
REQ-ORG005-009,ORG-005,成功收费,实施“成功收费”时应优先保证可重现性和证据完整性，而不是追求最大覆盖率；无法满足前提时输出拒绝结论。,P1,质量负责人,generated_unreviewed
REQ-ORG005-010,ORG-005,媒体立场,“媒体立场”发生变更后，应重新执行影响分析、回归验证和人员授权确认，历史案件是否受影响必须形成书面结论。,P1,质量负责人,generated_unreviewed
REQ-ORG005-011,ORG-005,学术合作,“学术合作”的验收必须包含正常、边界、冲突、恶意和历史回归样本，并由未参与实现的人员独立复核。,P1,质量负责人,generated_unreviewed
REQ-ORG005-012,ORG-005,自我复核,围绕“自我复核”，人员独立性与利益冲突管理必须保留输入来源、处理规则、输出结果和复核证据，任何不可解释的缺口均不得由默认值掩盖。,P1,质量负责人,generated_unreviewed
REQ-ORG005-013,ORG-005,替代人员,“替代人员”应被拆分为可验证步骤；每一步都要指定责任角色、前置条件、执行记录、异常分支和完成定义。,P2,质量负责人,generated_unreviewed
REQ-ORG005-014,ORG-005,信息隔离,对“信息隔离”的判断不得仅依赖界面展示或供应商结论，关键事实应能够回溯至原始对象、协议字段或受控记录。,P2,质量负责人,generated_unreviewed
REQ-ORG005-015,ORG-005,公正性风险评估,实施“公正性风险评估”时应优先保证可重现性和证据完整性，而不是追求最大覆盖率；无法满足前提时输出拒绝结论。,P2,质量负责人,generated_unreviewed
REQ-ORG005-016,ORG-005,违规处置,“违规处置”发生变更后，应重新执行影响分析、回归验证和人员授权确认，历史案件是否受影响必须形成书面结论。,P2,质量负责人,generated_unreviewed
REQ-ORG006-001,ORG-006,阶段一核心团队,“阶段一核心团队”应被拆分为可验证步骤；每一步都要指定责任角色、前置条件、执行记录、异常分支和完成定义。,P0,人员负责人,generated_unreviewed
REQ-ORG006-002,ORG-006,质量负责人前置,对“质量负责人前置”的判断不得仅依赖界面展示或供应商结论，关键事实应能够回溯至原始对象、协议字段或受控记录。,P0,人员负责人,generated_unreviewed
REQ-ORG006-003,ORG-006,协议工程师,实施“协议工程师”时应优先保证可重现性和证据完整性，而不是追求最大覆盖率；无法满足前提时输出拒绝结论。,P0,人员负责人,generated_unreviewed
REQ-ORG006-004,ORG-006,数据工程师,“数据工程师”发生变更后，应重新执行影响分析、回归验证和人员授权确认，历史案件是否受影响必须形成书面结论。,P0,人员负责人,generated_unreviewed
REQ-ORG006-005,ORG-006,测试验证工程师,“测试验证工程师”的验收必须包含正常、边界、冲突、恶意和历史回归样本，并由未参与实现的人员独立复核。,P0,人员负责人,generated_unreviewed
REQ-ORG006-006,ORG-006,安全工程师,围绕“安全工程师”，两年人员配置与继任计划必须保留输入来源、处理规则、输出结果和复核证据，任何不可解释的缺口均不得由默认值掩盖。,P1,人员负责人,generated_unreviewed
REQ-ORG006-007,ORG-006,合规人员,“合规人员”应被拆分为可验证步骤；每一步都要指定责任角色、前置条件、执行记录、异常分支和完成定义。,P1,人员负责人,generated_unreviewed
REQ-ORG006-008,ORG-006,实验室负责人,对“实验室负责人”的判断不得仅依赖界面展示或供应商结论，关键事实应能够回溯至原始对象、协议字段或受控记录。,P1,人员负责人,generated_unreviewed
REQ-ORG006-009,ORG-006,鉴定人候选,实施“鉴定人候选”时应优先保证可重现性和证据完整性，而不是追求最大覆盖率；无法满足前提时输出拒绝结论。,P1,人员负责人,generated_unreviewed
REQ-ORG006-010,ORG-006,鉴定助理,“鉴定助理”发生变更后，应重新执行影响分析、回归验证和人员授权确认，历史案件是否受影响必须形成书面结论。,P1,人员负责人,generated_unreviewed
REQ-ORG006-011,ORG-006,行政档案,“行政档案”的验收必须包含正常、边界、冲突、恶意和历史回归样本，并由未参与实现的人员独立复核。,P1,人员负责人,generated_unreviewed
REQ-ORG006-012,ORG-006,替补比例,围绕“替补比例”，两年人员配置与继任计划必须保留输入来源、处理规则、输出结果和复核证据，任何不可解释的缺口均不得由默认值掩盖。,P1,人员负责人,generated_unreviewed
REQ-ORG006-013,ORG-006,关键岗位继任,“关键岗位继任”应被拆分为可验证步骤；每一步都要指定责任角色、前置条件、执行记录、异常分支和完成定义。,P2,人员负责人,generated_unreviewed
REQ-ORG006-014,ORG-006,外部专家,对“外部专家”的判断不得仅依赖界面展示或供应商结论，关键事实应能够回溯至原始对象、协议字段或受控记录。,P2,人员负责人,generated_unreviewed
REQ-ORG006-015,ORG-006,招聘门槛,实施“招聘门槛”时应优先保证可重现性和证据完整性，而不是追求最大覆盖率；无法满足前提时输出拒绝结论。,P2,人员负责人,generated_unreviewed
REQ-ORG006-016,ORG-006,试用期考核,“试用期考核”发生变更后，应重新执行影响分析、回归验证和人员授权确认，历史案件是否受影响必须形成书面结论。,P2,人员负责人,generated_unreviewed
REQ-ORG006-017,ORG-006,人员成本,“人员成本”的验收必须包含正常、边界、冲突、恶意和历史回归样本，并由未参与实现的人员独立复核。,P2,人员负责人,generated_unreviewed
REQ-ORG006-018,ORG-006,离职交接,围绕“离职交接”，两年人员配置与继任计划必须保留输入来源、处理规则、输出结果和复核证据，任何不可解释的缺口均不得由默认值掩盖。,P2,人员负责人,generated_unreviewed
REQ-PLN001-001,PLN-001,Q1治理与证据模型,“Q1治理与证据模型”应被拆分为可验证步骤；每一步都要指定责任角色、前置条件、执行记录、异常分支和完成定义。,P0,项目负责人,generated_unreviewed
REQ-PLN001-002,PLN-001,Q1三链采集原型,对“Q1三链采集原型”的判断不得仅依赖界面展示或供应商结论，关键事实应能够回溯至原始对象、协议字段或受控记录。,P0,项目负责人,generated_unreviewed
REQ-PLN001-003,PLN-001,Q2离线证据包,实施“Q2离线证据包”时应优先保证可重现性和证据完整性，而不是追求最大覆盖率；无法满足前提时输出拒绝结论。,P0,项目负责人,generated_unreviewed
REQ-PLN001-004,PLN-001,Q2基础方法确认,“Q2基础方法确认”发生变更后，应重新执行影响分析、回归验证和人员授权确认，历史案件是否受影响必须形成书面结论。,P0,项目负责人,generated_unreviewed
REQ-PLN001-005,PLN-001,Q3确定性路径,“Q3确定性路径”的验收必须包含正常、边界、冲突、恶意和历史回归样本，并由未参与实现的人员独立复核。,P0,项目负责人,generated_unreviewed
REQ-PLN001-006,PLN-001,Q3标签证据系统,围绕“Q3标签证据系统”，24个月集成路线图必须保留输入来源、处理规则、输出结果和复核证据，任何不可解释的缺口均不得由默认值掩盖。,P1,项目负责人,generated_unreviewed
REQ-PLN001-007,PLN-001,Q4首轮模拟案件,“Q4首轮模拟案件”应被拆分为可验证步骤；每一步都要指定责任角色、前置条件、执行记录、异常分支和完成定义。,P1,项目负责人,generated_unreviewed
REQ-PLN001-008,PLN-001,Q4体系运行,对“Q4体系运行”的判断不得仅依赖界面展示或供应商结论，关键事实应能够回溯至原始对象、协议字段或受控记录。,P1,项目负责人,generated_unreviewed
REQ-PLN001-009,PLN-001,Q5跨链与DeFi,实施“Q5跨链与DeFi”时应优先保证可重现性和证据完整性，而不是追求最大覆盖率；无法满足前提时输出拒绝结论。,P1,项目负责人,generated_unreviewed
REQ-PLN001-010,PLN-001,Q5实验室选址,“Q5实验室选址”发生变更后，应重新执行影响分析、回归验证和人员授权确认，历史案件是否受影响必须形成书面结论。,P1,项目负责人,generated_unreviewed
REQ-PLN001-011,PLN-001,Q6能力活动,“Q6能力活动”的验收必须包含正常、边界、冲突、恶意和历史回归样本，并由未参与实现的人员独立复核。,P1,项目负责人,generated_unreviewed
REQ-PLN001-012,PLN-001,Q6人员资格准备,围绕“Q6人员资格准备”，24个月集成路线图必须保留输入来源、处理规则、输出结果和复核证据，任何不可解释的缺口均不得由默认值掩盖。,P1,项目负责人,generated_unreviewed
REQ-PLN001-013,PLN-001,Q7申请范围冻结,“Q7申请范围冻结”应被拆分为可验证步骤；每一步都要指定责任角色、前置条件、执行记录、异常分支和完成定义。,P2,项目负责人,generated_unreviewed
REQ-PLN001-014,PLN-001,Q7主管机关沟通,对“Q7主管机关沟通”的判断不得仅依赖界面展示或供应商结论，关键事实应能够回溯至原始对象、协议字段或受控记录。,P2,项目负责人,generated_unreviewed
REQ-PLN001-015,PLN-001,Q8现场评审准备,实施“Q8现场评审准备”时应优先保证可重现性和证据完整性，而不是追求最大覆盖率；无法满足前提时输出拒绝结论。,P2,项目负责人,generated_unreviewed
REQ-PLN001-016,PLN-001,Q8商业化准入,“Q8商业化准入”发生变更后，应重新执行影响分析、回归验证和人员授权确认，历史案件是否受影响必须形成书面结论。,P2,项目负责人,generated_unreviewed
REQ-PLN002-001,PLN-002,治理工作包,“治理工作包”应被拆分为可验证步骤；每一步都要指定责任角色、前置条件、执行记录、异常分支和完成定义。,P0,项目经理,generated_unreviewed
REQ-PLN002-002,PLN-002,监管工作包,对“监管工作包”的判断不得仅依赖界面展示或供应商结论，关键事实应能够回溯至原始对象、协议字段或受控记录。,P0,项目经理,generated_unreviewed
REQ-PLN002-003,PLN-002,产品工作包,实施“产品工作包”时应优先保证可重现性和证据完整性，而不是追求最大覆盖率；无法满足前提时输出拒绝结论。,P0,项目经理,generated_unreviewed
REQ-PLN002-004,PLN-002,证据架构工作包,“证据架构工作包”发生变更后，应重新执行影响分析、回归验证和人员授权确认，历史案件是否受影响必须形成书面结论。,P0,项目经理,generated_unreviewed
REQ-PLN002-005,PLN-002,节点工作包,“节点工作包”的验收必须包含正常、边界、冲突、恶意和历史回归样本，并由未参与实现的人员独立复核。,P0,项目经理,generated_unreviewed
REQ-PLN002-006,PLN-002,Bitcoin方法包,围绕“Bitcoin方法包”，工作分解结构与完成定义必须保留输入来源、处理规则、输出结果和复核证据，任何不可解释的缺口均不得由默认值掩盖。,P1,项目经理,generated_unreviewed
REQ-PLN002-007,PLN-002,EVM方法包,“EVM方法包”应被拆分为可验证步骤；每一步都要指定责任角色、前置条件、执行记录、异常分支和完成定义。,P1,项目经理,generated_unreviewed
REQ-PLN002-008,PLN-002,TRON方法包,对“TRON方法包”的判断不得仅依赖界面展示或供应商结论，关键事实应能够回溯至原始对象、协议字段或受控记录。,P1,项目经理,generated_unreviewed
REQ-PLN002-009,PLN-002,跨链方法包,实施“跨链方法包”时应优先保证可重现性和证据完整性，而不是追求最大覆盖率；无法满足前提时输出拒绝结论。,P1,项目经理,generated_unreviewed
REQ-PLN002-010,PLN-002,DeFi方法包,“DeFi方法包”发生变更后，应重新执行影响分析、回归验证和人员授权确认，历史案件是否受影响必须形成书面结论。,P1,项目经理,generated_unreviewed
REQ-PLN002-011,PLN-002,标签聚类包,“标签聚类包”的验收必须包含正常、边界、冲突、恶意和历史回归样本，并由未参与实现的人员独立复核。,P1,项目经理,generated_unreviewed
REQ-PLN002-012,PLN-002,质量体系包,围绕“质量体系包”，工作分解结构与完成定义必须保留输入来源、处理规则、输出结果和复核证据，任何不可解释的缺口均不得由默认值掩盖。,P1,项目经理,generated_unreviewed
REQ-PLN002-013,PLN-002,工具验证包,“工具验证包”应被拆分为可验证步骤；每一步都要指定责任角色、前置条件、执行记录、异常分支和完成定义。,P2,项目经理,generated_unreviewed
REQ-PLN002-014,PLN-002,数据集包,对“数据集包”的判断不得仅依赖界面展示或供应商结论，关键事实应能够回溯至原始对象、协议字段或受控记录。,P2,项目经理,generated_unreviewed
REQ-PLN002-015,PLN-002,实验室包,实施“实验室包”时应优先保证可重现性和证据完整性，而不是追求最大覆盖率；无法满足前提时输出拒绝结论。,P2,项目经理,generated_unreviewed
REQ-PLN002-016,PLN-002,人员能力包,“人员能力包”发生变更后，应重新执行影响分析、回归验证和人员授权确认，历史案件是否受影响必须形成书面结论。,P2,项目经理,generated_unreviewed
REQ-PLN002-017,PLN-002,试点包,“试点包”的验收必须包含正常、边界、冲突、恶意和历史回归样本，并由未参与实现的人员独立复核。,P2,项目经理,generated_unreviewed
REQ-PLN002-018,PLN-002,申请准备包,围绕“申请准备包”，工作分解结构与完成定义必须保留输入来源、处理规则、输出结果和复核证据，任何不可解释的缺口均不得由默认值掩盖。,P2,项目经理,generated_unreviewed
REQ-PLN002-019,PLN-002,标准知识产权包,“标准知识产权包”应被拆分为可验证步骤；每一步都要指定责任角色、前置条件、执行记录、异常分支和完成定义。,P2,项目经理,generated_unreviewed
REQ-PLN002-020,PLN-002,发布交付包,对“发布交付包”的判断不得仅依赖界面展示或供应商结论，关键事实应能够回溯至原始对象、协议字段或受控记录。,P2,项目经理,generated_unreviewed
REQ-PLN003-001,PLN-003,人员预算,“人员预算”应被拆分为可验证步骤；每一步都要指定责任角色、前置条件、执行记录、异常分支和完成定义。,P0,财务负责人,generated_unreviewed
REQ-PLN003-002,PLN-003,云资源,对“云资源”的判断不得仅依赖界面展示或供应商结论，关键事实应能够回溯至原始对象、协议字段或受控记录。,P0,财务负责人,generated_unreviewed
REQ-PLN003-003,PLN-003,自建服务器,实施“自建服务器”时应优先保证可重现性和证据完整性，而不是追求最大覆盖率；无法满足前提时输出拒绝结论。,P0,财务负责人,generated_unreviewed
REQ-PLN003-004,PLN-003,节点存储,“节点存储”发生变更后，应重新执行影响分析、回归验证和人员授权确认，历史案件是否受影响必须形成书面结论。,P0,财务负责人,generated_unreviewed
REQ-PLN003-005,PLN-003,对象存储,“对象存储”的验收必须包含正常、边界、冲突、恶意和历史回归样本，并由未参与实现的人员独立复核。,P0,财务负责人,generated_unreviewed
REQ-PLN003-006,PLN-003,备份,围绕“备份”，预算与采购计划必须保留输入来源、处理规则、输出结果和复核证据，任何不可解释的缺口均不得由默认值掩盖。,P1,财务负责人,generated_unreviewed
REQ-PLN003-007,PLN-003,安全工具,“安全工具”应被拆分为可验证步骤；每一步都要指定责任角色、前置条件、执行记录、异常分支和完成定义。,P1,财务负责人,generated_unreviewed
REQ-PLN003-008,PLN-003,开发工具,对“开发工具”的判断不得仅依赖界面展示或供应商结论，关键事实应能够回溯至原始对象、协议字段或受控记录。,P1,财务负责人,generated_unreviewed
REQ-PLN003-009,PLN-003,商业标签,实施“商业标签”时应优先保证可重现性和证据完整性，而不是追求最大覆盖率；无法满足前提时输出拒绝结论。,P1,财务负责人,generated_unreviewed
REQ-PLN003-010,PLN-003,取证工作站,“取证工作站”发生变更后，应重新执行影响分析、回归验证和人员授权确认，历史案件是否受影响必须形成书面结论。,P1,财务负责人,generated_unreviewed
REQ-PLN003-011,PLN-003,写保护设备,“写保护设备”的验收必须包含正常、边界、冲突、恶意和历史回归样本，并由未参与实现的人员独立复核。,P1,财务负责人,generated_unreviewed
REQ-PLN003-012,PLN-003,UPS,围绕“UPS”，预算与采购计划必须保留输入来源、处理规则、输出结果和复核证据，任何不可解释的缺口均不得由默认值掩盖。,P1,财务负责人,generated_unreviewed
REQ-PLN003-013,PLN-003,监控门禁,“监控门禁”应被拆分为可验证步骤；每一步都要指定责任角色、前置条件、执行记录、异常分支和完成定义。,P2,财务负责人,generated_unreviewed
REQ-PLN003-014,PLN-003,场所装修,对“场所装修”的判断不得仅依赖界面展示或供应商结论，关键事实应能够回溯至原始对象、协议字段或受控记录。,P2,财务负责人,generated_unreviewed
REQ-PLN003-015,PLN-003,校准维护,实施“校准维护”时应优先保证可重现性和证据完整性，而不是追求最大覆盖率；无法满足前提时输出拒绝结论。,P2,财务负责人,generated_unreviewed
REQ-PLN003-016,PLN-003,标准购买,“标准购买”发生变更后，应重新执行影响分析、回归验证和人员授权确认，历史案件是否受影响必须形成书面结论。,P2,财务负责人,generated_unreviewed
REQ-PLN003-017,PLN-003,能力验证,“能力验证”的验收必须包含正常、边界、冲突、恶意和历史回归样本，并由未参与实现的人员独立复核。,P2,财务负责人,generated_unreviewed
REQ-PLN003-018,PLN-003,法律合规服务,围绕“法律合规服务”，预算与采购计划必须保留输入来源、处理规则、输出结果和复核证据，任何不可解释的缺口均不得由默认值掩盖。,P2,财务负责人,generated_unreviewed
REQ-PLN003-019,PLN-003,保险研究,“保险研究”应被拆分为可验证步骤；每一步都要指定责任角色、前置条件、执行记录、异常分支和完成定义。,P2,财务负责人,generated_unreviewed
REQ-PLN003-020,PLN-003,预备金,对“预备金”的判断不得仅依赖界面展示或供应商结论，关键事实应能够回溯至原始对象、协议字段或受控记录。,P2,财务负责人,generated_unreviewed
REQ-PLN004-001,PLN-004,场所权属,“场所权属”应被拆分为可验证步骤；每一步都要指定责任角色、前置条件、执行记录、异常分支和完成定义。,P0,实验室负责人,generated_unreviewed
REQ-PLN004-002,PLN-004,面积需求,对“面积需求”的判断不得仅依赖界面展示或供应商结论，关键事实应能够回溯至原始对象、协议字段或受控记录。,P0,实验室负责人,generated_unreviewed
REQ-PLN004-003,PLN-004,受理预检区,实施“受理预检区”时应优先保证可重现性和证据完整性，而不是追求最大覆盖率；无法满足前提时输出拒绝结论。,P0,实验室负责人,generated_unreviewed
REQ-PLN004-004,PLN-004,样品保管区,“样品保管区”发生变更后，应重新执行影响分析、回归验证和人员授权确认，历史案件是否受影响必须形成书面结论。,P0,实验室负责人,generated_unreviewed
REQ-PLN004-005,PLN-004,防静电分析区,“防静电分析区”的验收必须包含正常、边界、冲突、恶意和历史回归样本，并由未参与实现的人员独立复核。,P0,实验室负责人,generated_unreviewed
REQ-PLN004-006,PLN-004,档案区,围绕“档案区”，实验室建设项目计划必须保留输入来源、处理规则、输出结果和复核证据，任何不可解释的缺口均不得由默认值掩盖。,P1,实验室负责人,generated_unreviewed
REQ-PLN004-007,PLN-004,可选屏蔽区,“可选屏蔽区”应被拆分为可验证步骤；每一步都要指定责任角色、前置条件、执行记录、异常分支和完成定义。,P1,实验室负责人,generated_unreviewed
REQ-PLN004-008,PLN-004,服务器区,对“服务器区”的判断不得仅依赖界面展示或供应商结论，关键事实应能够回溯至原始对象、协议字段或受控记录。,P1,实验室负责人,generated_unreviewed
REQ-PLN004-009,PLN-004,网络分段,实施“网络分段”时应优先保证可重现性和证据完整性，而不是追求最大覆盖率；无法满足前提时输出拒绝结论。,P1,实验室负责人,generated_unreviewed
REQ-PLN004-010,PLN-004,门禁,“门禁”发生变更后，应重新执行影响分析、回归验证和人员授权确认，历史案件是否受影响必须形成书面结论。,P1,实验室负责人,generated_unreviewed
REQ-PLN004-011,PLN-004,视频监控,“视频监控”的验收必须包含正常、边界、冲突、恶意和历史回归样本，并由未参与实现的人员独立复核。,P1,实验室负责人,generated_unreviewed
REQ-PLN004-012,PLN-004,UPS,围绕“UPS”，实验室建设项目计划必须保留输入来源、处理规则、输出结果和复核证据，任何不可解释的缺口均不得由默认值掩盖。,P1,实验室负责人,generated_unreviewed
REQ-PLN004-013,PLN-004,消防,“消防”应被拆分为可验证步骤；每一步都要指定责任角色、前置条件、执行记录、异常分支和完成定义。,P2,实验室负责人,generated_unreviewed
REQ-PLN004-014,PLN-004,环境监测,对“环境监测”的判断不得仅依赖界面展示或供应商结论，关键事实应能够回溯至原始对象、协议字段或受控记录。,P2,实验室负责人,generated_unreviewed
REQ-PLN004-015,PLN-004,设备URS,实施“设备URS”时应优先保证可重现性和证据完整性，而不是追求最大覆盖率；无法满足前提时输出拒绝结论。,P2,实验室负责人,generated_unreviewed
REQ-PLN004-016,PLN-004,设备验收,“设备验收”发生变更后，应重新执行影响分析、回归验证和人员授权确认，历史案件是否受影响必须形成书面结论。,P2,实验室负责人,generated_unreviewed
REQ-PLN004-017,PLN-004,校准,“校准”的验收必须包含正常、边界、冲突、恶意和历史回归样本，并由未参与实现的人员独立复核。,P2,实验室负责人,generated_unreviewed
REQ-PLN004-018,PLN-004,SOP,围绕“SOP”，实验室建设项目计划必须保留输入来源、处理规则、输出结果和复核证据，任何不可解释的缺口均不得由默认值掩盖。,P2,实验室负责人,generated_unreviewed
REQ-PLN004-019,PLN-004,试运行,“试运行”应被拆分为可验证步骤；每一步都要指定责任角色、前置条件、执行记录、异常分支和完成定义。,P2,实验室负责人,generated_unreviewed
REQ-PLN004-020,PLN-004,专家模拟评审,对“专家模拟评审”的判断不得仅依赖界面展示或供应商结论，关键事实应能够回溯至原始对象、协议字段或受控记录。,P2,实验室负责人,generated_unreviewed
REQ-PLN005-001,PLN-005,合作方尽调,“合作方尽调”应被拆分为可验证步骤；每一步都要指定责任角色、前置条件、执行记录、异常分支和完成定义。,P0,项目负责人,generated_unreviewed
REQ-PLN005-002,PLN-005,合作协议,对“合作协议”的判断不得仅依赖界面展示或供应商结论，关键事实应能够回溯至原始对象、协议字段或受控记录。,P0,项目负责人,generated_unreviewed
REQ-PLN005-003,PLN-005,角色边界,实施“角色边界”时应优先保证可重现性和证据完整性，而不是追求最大覆盖率；无法满足前提时输出拒绝结论。,P0,项目负责人,generated_unreviewed
REQ-PLN005-004,PLN-005,数据授权,“数据授权”发生变更后，应重新执行影响分析、回归验证和人员授权确认，历史案件是否受影响必须形成书面结论。,P0,项目负责人,generated_unreviewed
REQ-PLN005-005,PLN-005,案件选择,“案件选择”的验收必须包含正常、边界、冲突、恶意和历史回归样本，并由未参与实现的人员独立复核。,P0,项目负责人,generated_unreviewed
REQ-PLN005-006,PLN-005,脱敏,围绕“脱敏”，合作试点与模拟案件计划必须保留输入来源、处理规则、输出结果和复核证据，任何不可解释的缺口均不得由默认值掩盖。,P1,项目负责人,generated_unreviewed
REQ-PLN005-007,PLN-005,方法共建,“方法共建”应被拆分为可验证步骤；每一步都要指定责任角色、前置条件、执行记录、异常分支和完成定义。,P1,项目负责人,generated_unreviewed
REQ-PLN005-008,PLN-005,工具验证,对“工具验证”的判断不得仅依赖界面展示或供应商结论，关键事实应能够回溯至原始对象、协议字段或受控记录。,P1,项目负责人,generated_unreviewed
REQ-PLN005-009,PLN-005,双轨分析,实施“双轨分析”时应优先保证可重现性和证据完整性，而不是追求最大覆盖率；无法满足前提时输出拒绝结论。,P1,项目负责人,generated_unreviewed
REQ-PLN005-010,PLN-005,交叉结果,“交叉结果”发生变更后，应重新执行影响分析、回归验证和人员授权确认，历史案件是否受影响必须形成书面结论。,P1,项目负责人,generated_unreviewed
REQ-PLN005-011,PLN-005,分歧处理,“分歧处理”的验收必须包含正常、边界、冲突、恶意和历史回归样本，并由未参与实现的人员独立复核。,P1,项目负责人,generated_unreviewed
REQ-PLN005-012,PLN-005,报告模板,围绕“报告模板”，合作试点与模拟案件计划必须保留输入来源、处理规则、输出结果和复核证据，任何不可解释的缺口均不得由默认值掩盖。,P1,项目负责人,generated_unreviewed
REQ-PLN005-013,PLN-005,质证模拟,“质证模拟”应被拆分为可验证步骤；每一步都要指定责任角色、前置条件、执行记录、异常分支和完成定义。,P2,项目负责人,generated_unreviewed
REQ-PLN005-014,PLN-005,客户反馈,对“客户反馈”的判断不得仅依赖界面展示或供应商结论，关键事实应能够回溯至原始对象、协议字段或受控记录。,P2,项目负责人,generated_unreviewed
REQ-PLN005-015,PLN-005,缺陷记录,实施“缺陷记录”时应优先保证可重现性和证据完整性，而不是追求最大覆盖率；无法满足前提时输出拒绝结论。,P2,项目负责人,generated_unreviewed
REQ-PLN005-016,PLN-005,知识产权,“知识产权”发生变更后，应重新执行影响分析、回归验证和人员授权确认，历史案件是否受影响必须形成书面结论。,P2,项目负责人,generated_unreviewed
REQ-PLN005-017,PLN-005,保密,“保密”的验收必须包含正常、边界、冲突、恶意和历史回归样本，并由未参与实现的人员独立复核。,P2,项目负责人,generated_unreviewed
REQ-PLN005-018,PLN-005,退出条件,围绕“退出条件”，合作试点与模拟案件计划必须保留输入来源、处理规则、输出结果和复核证据，任何不可解释的缺口均不得由默认值掩盖。,P2,项目负责人,generated_unreviewed
REQ-PLN005-019,PLN-005,案例发布审批,“案例发布审批”应被拆分为可验证步骤；每一步都要指定责任角色、前置条件、执行记录、异常分支和完成定义。,P2,项目负责人,generated_unreviewed
REQ-PLN006-001,PLN-006,监管路径,“监管路径”应被拆分为可验证步骤；每一步都要指定责任角色、前置条件、执行记录、异常分支和完成定义。,P0,项目经理,generated_unreviewed
REQ-PLN006-002,PLN-006,能力项目库,对“能力项目库”的判断不得仅依赖界面展示或供应商结论，关键事实应能够回溯至原始对象、协议字段或受控记录。,P0,项目经理,generated_unreviewed
REQ-PLN006-003,PLN-006,人员资格,实施“人员资格”时应优先保证可重现性和证据完整性，而不是追求最大覆盖率；无法满足前提时输出拒绝结论。,P0,项目经理,generated_unreviewed
REQ-PLN006-004,PLN-006,关键人员,“关键人员”发生变更后，应重新执行影响分析、回归验证和人员授权确认，历史案件是否受影响必须形成书面结论。,P0,项目经理,generated_unreviewed
REQ-PLN006-005,PLN-006,方法误报,“方法误报”的验收必须包含正常、边界、冲突、恶意和历史回归样本，并由未参与实现的人员独立复核。,P0,项目经理,generated_unreviewed
REQ-PLN006-006,PLN-006,工具缺陷,围绕“工具缺陷”，项目风险登记与应急计划必须保留输入来源、处理规则、输出结果和复核证据，任何不可解释的缺口均不得由默认值掩盖。,P1,项目经理,generated_unreviewed
REQ-PLN006-007,PLN-006,节点中断,“节点中断”应被拆分为可验证步骤；每一步都要指定责任角色、前置条件、执行记录、异常分支和完成定义。,P1,项目经理,generated_unreviewed
REQ-PLN006-008,PLN-006,数据泄露,对“数据泄露”的判断不得仅依赖界面展示或供应商结论，关键事实应能够回溯至原始对象、协议字段或受控记录。,P1,项目经理,generated_unreviewed
REQ-PLN006-009,PLN-006,供应商退出,实施“供应商退出”时应优先保证可重现性和证据完整性，而不是追求最大覆盖率；无法满足前提时输出拒绝结论。,P1,项目经理,generated_unreviewed
REQ-PLN006-010,PLN-006,预算超支,“预算超支”发生变更后，应重新执行影响分析、回归验证和人员授权确认，历史案件是否受影响必须形成书面结论。,P1,项目经理,generated_unreviewed
REQ-PLN006-011,PLN-006,场所延期,“场所延期”的验收必须包含正常、边界、冲突、恶意和历史回归样本，并由未参与实现的人员独立复核。,P1,项目经理,generated_unreviewed
REQ-PLN006-012,PLN-006,试点失败,围绕“试点失败”，项目风险登记与应急计划必须保留输入来源、处理规则、输出结果和复核证据，任何不可解释的缺口均不得由默认值掩盖。,P1,项目经理,generated_unreviewed
REQ-PLN006-013,PLN-006,客户误用,“客户误用”应被拆分为可验证步骤；每一步都要指定责任角色、前置条件、执行记录、异常分支和完成定义。,P2,项目经理,generated_unreviewed
REQ-PLN006-014,PLN-006,宣传越界,对“宣传越界”的判断不得仅依赖界面展示或供应商结论，关键事实应能够回溯至原始对象、协议字段或受控记录。,P2,项目经理,generated_unreviewed
REQ-PLN006-015,PLN-006,知识产权争议,实施“知识产权争议”时应优先保证可重现性和证据完整性，而不是追求最大覆盖率；无法满足前提时输出拒绝结论。,P2,项目经理,generated_unreviewed
REQ-PLN006-016,PLN-006,安全事件,“安全事件”发生变更后，应重新执行影响分析、回归验证和人员授权确认，历史案件是否受影响必须形成书面结论。,P2,项目经理,generated_unreviewed
REQ-PLN006-017,PLN-006,项目终止,“项目终止”的验收必须包含正常、边界、冲突、恶意和历史回归样本，并由未参与实现的人员独立复核。,P2,项目经理,generated_unreviewed
REQ-PLN006-018,PLN-006,残余风险接受,围绕“残余风险接受”，项目风险登记与应急计划必须保留输入来源、处理规则、输出结果和复核证据，任何不可解释的缺口均不得由默认值掩盖。,P2,项目经理,generated_unreviewed
REQ-PLN007-001,PLN-007,成果分类,“成果分类”应被拆分为可验证步骤；每一步都要指定责任角色、前置条件、执行记录、异常分支和完成定义。,P0,知识产权负责人,generated_unreviewed
REQ-PLN007-002,PLN-007,发明披露,对“发明披露”的判断不得仅依赖界面展示或供应商结论，关键事实应能够回溯至原始对象、协议字段或受控记录。,P0,知识产权负责人,generated_unreviewed
REQ-PLN007-003,PLN-007,专利检索,实施“专利检索”时应优先保证可重现性和证据完整性，而不是追求最大覆盖率；无法满足前提时输出拒绝结论。,P0,知识产权负责人,generated_unreviewed
REQ-PLN007-004,PLN-007,软件著作权,“软件著作权”发生变更后，应重新执行影响分析、回归验证和人员授权确认，历史案件是否受影响必须形成书面结论。,P0,知识产权负责人,generated_unreviewed
REQ-PLN007-005,PLN-007,商标,“商标”的验收必须包含正常、边界、冲突、恶意和历史回归样本，并由未参与实现的人员独立复核。,P0,知识产权负责人,generated_unreviewed
REQ-PLN007-006,PLN-007,商业秘密,围绕“商业秘密”，知识产权与标准化计划必须保留输入来源、处理规则、输出结果和复核证据，任何不可解释的缺口均不得由默认值掩盖。,P1,知识产权负责人,generated_unreviewed
REQ-PLN007-007,PLN-007,源码权限,“源码权限”应被拆分为可验证步骤；每一步都要指定责任角色、前置条件、执行记录、异常分支和完成定义。,P1,知识产权负责人,generated_unreviewed
REQ-PLN007-008,PLN-007,数据集权属,对“数据集权属”的判断不得仅依赖界面展示或供应商结论，关键事实应能够回溯至原始对象、协议字段或受控记录。,P1,知识产权负责人,generated_unreviewed
REQ-PLN007-009,PLN-007,第三方许可证,实施“第三方许可证”时应优先保证可重现性和证据完整性，而不是追求最大覆盖率；无法满足前提时输出拒绝结论。,P1,知识产权负责人,generated_unreviewed
REQ-PLN007-010,PLN-007,开源合规,“开源合规”发生变更后，应重新执行影响分析、回归验证和人员授权确认，历史案件是否受影响必须形成书面结论。,P1,知识产权负责人,generated_unreviewed
REQ-PLN007-011,PLN-007,企业标准,“企业标准”的验收必须包含正常、边界、冲突、恶意和历史回归样本，并由未参与实现的人员独立复核。,P1,知识产权负责人,generated_unreviewed
REQ-PLN007-012,PLN-007,团体标准,围绕“团体标准”，知识产权与标准化计划必须保留输入来源、处理规则、输出结果和复核证据，任何不可解释的缺口均不得由默认值掩盖。,P1,知识产权负责人,generated_unreviewed
REQ-PLN007-013,PLN-007,行业标准建议,“行业标准建议”应被拆分为可验证步骤；每一步都要指定责任角色、前置条件、执行记录、异常分支和完成定义。,P2,知识产权负责人,generated_unreviewed
REQ-PLN007-014,PLN-007,论文审批,对“论文审批”的判断不得仅依赖界面展示或供应商结论，关键事实应能够回溯至原始对象、协议字段或受控记录。,P2,知识产权负责人,generated_unreviewed
REQ-PLN007-015,PLN-007,案例发布,实施“案例发布”时应优先保证可重现性和证据完整性，而不是追求最大覆盖率；无法满足前提时输出拒绝结论。,P2,知识产权负责人,generated_unreviewed
REQ-PLN007-016,PLN-007,离职成果,“离职成果”发生变更后，应重新执行影响分析、回归验证和人员授权确认，历史案件是否受影响必须形成书面结论。,P2,知识产权负责人,generated_unreviewed
REQ-PLN007-017,PLN-007,合作成果归属,“合作成果归属”的验收必须包含正常、边界、冲突、恶意和历史回归样本，并由未参与实现的人员独立复核。,P2,知识产权负责人,generated_unreviewed
REQ-PLN007-018,PLN-007,证据留存,围绕“证据留存”，知识产权与标准化计划必须保留输入来源、处理规则、输出结果和复核证据，任何不可解释的缺口均不得由默认值掩盖。,P2,知识产权负责人,generated_unreviewed
REQ-PLN008-001,PLN-008,阶段门状态,“阶段门状态”应被拆分为可验证步骤；每一步都要指定责任角色、前置条件、执行记录、异常分支和完成定义。,P0,项目经理,generated_unreviewed
REQ-PLN008-002,PLN-008,工作包完成率,对“工作包完成率”的判断不得仅依赖界面展示或供应商结论，关键事实应能够回溯至原始对象、协议字段或受控记录。,P0,项目经理,generated_unreviewed
REQ-PLN008-003,PLN-008,需求覆盖,实施“需求覆盖”时应优先保证可重现性和证据完整性，而不是追求最大覆盖率；无法满足前提时输出拒绝结论。,P0,项目经理,generated_unreviewed
REQ-PLN008-004,PLN-008,测试通过率,“测试通过率”发生变更后，应重新执行影响分析、回归验证和人员授权确认，历史案件是否受影响必须形成书面结论。,P0,项目经理,generated_unreviewed
REQ-PLN008-005,PLN-008,方法确认状态,“方法确认状态”的验收必须包含正常、边界、冲突、恶意和历史回归样本，并由未参与实现的人员独立复核。,P0,项目经理,generated_unreviewed
REQ-PLN008-006,PLN-008,工具验证状态,围绕“工具验证状态”，项目与质量看板设计必须保留输入来源、处理规则、输出结果和复核证据，任何不可解释的缺口均不得由默认值掩盖。,P1,项目经理,generated_unreviewed
REQ-PLN008-007,PLN-008,复现通过率,“复现通过率”应被拆分为可验证步骤；每一步都要指定责任角色、前置条件、执行记录、异常分支和完成定义。,P1,项目经理,generated_unreviewed
REQ-PLN008-008,PLN-008,证据包完整率,对“证据包完整率”的判断不得仅依赖界面展示或供应商结论，关键事实应能够回溯至原始对象、协议字段或受控记录。,P1,项目经理,generated_unreviewed
REQ-PLN008-009,PLN-008,缺陷趋势,实施“缺陷趋势”时应优先保证可重现性和证据完整性，而不是追求最大覆盖率；无法满足前提时输出拒绝结论。,P1,项目经理,generated_unreviewed
REQ-PLN008-010,PLN-008,CAPA关闭,“CAPA关闭”发生变更后，应重新执行影响分析、回归验证和人员授权确认，历史案件是否受影响必须形成书面结论。,P1,项目经理,generated_unreviewed
REQ-PLN008-011,PLN-008,人员授权,“人员授权”的验收必须包含正常、边界、冲突、恶意和历史回归样本，并由未参与实现的人员独立复核。,P1,项目经理,generated_unreviewed
REQ-PLN008-012,PLN-008,节点健康,围绕“节点健康”，项目与质量看板设计必须保留输入来源、处理规则、输出结果和复核证据，任何不可解释的缺口均不得由默认值掩盖。,P1,项目经理,generated_unreviewed
REQ-PLN008-013,PLN-008,安全事件,“安全事件”应被拆分为可验证步骤；每一步都要指定责任角色、前置条件、执行记录、异常分支和完成定义。,P2,项目经理,generated_unreviewed
REQ-PLN008-014,PLN-008,预算执行,对“预算执行”的判断不得仅依赖界面展示或供应商结论，关键事实应能够回溯至原始对象、协议字段或受控记录。,P2,项目经理,generated_unreviewed
REQ-PLN008-015,PLN-008,供应商SLA,实施“供应商SLA”时应优先保证可重现性和证据完整性，而不是追求最大覆盖率；无法满足前提时输出拒绝结论。,P2,项目经理,generated_unreviewed
REQ-PLN008-016,PLN-008,试点反馈,“试点反馈”发生变更后，应重新执行影响分析、回归验证和人员授权确认，历史案件是否受影响必须形成书面结论。,P2,项目经理,generated_unreviewed
REQ-PLN008-017,PLN-008,监管待确认项,“监管待确认项”的验收必须包含正常、边界、冲突、恶意和历史回归样本，并由未参与实现的人员独立复核。,P2,项目经理,generated_unreviewed
REQ-PLN008-018,PLN-008,数据脱敏,围绕“数据脱敏”，项目与质量看板设计必须保留输入来源、处理规则、输出结果和复核证据，任何不可解释的缺口均不得由默认值掩盖。,P2,项目经理,generated_unreviewed
REQ-GOV008-001,GOV-008,禁止无证据成熟度声明,状态声明必须指向主体、范围、日期和客观证据；没有证据时降级为研究、草案、假设或未知。,P0,项目接管负责人,reviewed
REQ-GOV008-002,GOV-008,生成内容隔离,历史生成稿和模板草案不得作为真实任务的唯一操作依据或能力证明。,P0,项目接管负责人,reviewed
REQ-GOV008-003,GOV-008,事实推断状态分层,外部事实、派生统计、项目推断和未知项必须分层并保留来源与限制。,P0,项目接管负责人,reviewed
REQ-GOV008-004,GOV-008,需求与测试状态真实性,需求评审、控制实施和测试执行必须使用不同状态并以相应证据升级。,P0,质量负责人,reviewed
REQ-GOV008-005,GOV-008,具名批准,文件批准必须记录经授权的具体身份、批准范围、时间和文件哈希。,P0,项目发起人,reviewed
REQ-GOV008-006,GOV-008,最小重构闭环,每个重构主题必须同时形成来源、需求、方法或程序、测试、记录和模拟演练。,P1,项目接管负责人,reviewed
REQ-GOV008-007,GOV-008,阶段门预算控制,预算和采购必须绑定阶段门证据、上限、残余风险和退出条件。,P0,项目发起人,reviewed
REQ-GOV008-008,GOV-008,外部沟通白名单,对外称谓、简介、报价、合同和报告类型必须在合规法务批准白名单内。,P0,合规负责人,reviewed
