requirement_id,control_id,test_id,evidence_template,document_path
REQ-GOV001-001,GOV-001-C001,TST-GOV001-001,FRM-013,00-governance/01-program-charter.md
REQ-GOV001-002,GOV-001-C002,TST-GOV001-002,FRM-013,00-governance/01-program-charter.md
REQ-GOV001-003,GOV-001-C003,TST-GOV001-003,FRM-013,00-governance/01-program-charter.md
REQ-GOV001-004,GOV-001-C004,TST-GOV001-004,FRM-013,00-governance/01-program-charter.md
REQ-GOV001-005,GOV-001-C005,TST-GOV001-005,FRM-013,00-governance/01-program-charter.md
REQ-GOV001-006,GOV-001-C006,TST-GOV001-006,FRM-013,00-governance/01-program-charter.md
REQ-GOV001-007,GOV-001-C007,TST-GOV001-007,FRM-013,00-governance/01-program-charter.md
REQ-GOV001-008,GOV-001-C008,TST-GOV001-008,FRM-013,00-governance/01-program-charter.md
REQ-GOV001-009,GOV-001-C009,TST-GOV001-009,FRM-013,00-governance/01-program-charter.md
REQ-GOV001-010,GOV-001-C010,TST-GOV001-010,FRM-013,00-governance/01-program-charter.md
REQ-GOV001-011,GOV-001-C011,TST-GOV001-011,FRM-013,00-governance/01-program-charter.md
REQ-GOV001-012,GOV-001-C012,TST-GOV001-012,FRM-013,00-governance/01-program-charter.md
REQ-GOV002-001,GOV-002-C001,TST-GOV002-001,FRM-013,00-governance/02-document-hierarchy.md
REQ-GOV002-002,GOV-002-C002,TST-GOV002-002,FRM-013,00-governance/02-document-hierarchy.md
REQ-GOV002-003,GOV-002-C003,TST-GOV002-003,FRM-013,00-governance/02-document-hierarchy.md
REQ-GOV002-004,GOV-002-C004,TST-GOV002-004,FRM-013,00-governance/02-document-hierarchy.md
REQ-GOV002-005,GOV-002-C005,TST-GOV002-005,FRM-013,00-governance/02-document-hierarchy.md
REQ-GOV002-006,GOV-002-C006,TST-GOV002-006,FRM-013,00-governance/02-document-hierarchy.md
REQ-GOV002-007,GOV-002-C007,TST-GOV002-007,FRM-013,00-governance/02-document-hierarchy.md
REQ-GOV002-008,GOV-002-C008,TST-GOV002-008,FRM-013,00-governance/02-document-hierarchy.md
REQ-GOV002-009,GOV-002-C009,TST-GOV002-009,FRM-013,00-governance/02-document-hierarchy.md
REQ-GOV002-010,GOV-002-C010,TST-GOV002-010,FRM-013,00-governance/02-document-hierarchy.md
REQ-GOV002-011,GOV-002-C011,TST-GOV002-011,FRM-013,00-governance/02-document-hierarchy.md
REQ-GOV002-012,GOV-002-C012,TST-GOV002-012,FRM-013,00-governance/02-document-hierarchy.md
REQ-GOV002-013,GOV-002-C013,TST-GOV002-013,FRM-013,00-governance/02-document-hierarchy.md
REQ-GOV002-014,GOV-002-C014,TST-GOV002-014,FRM-013,00-governance/02-document-hierarchy.md
REQ-GOV003-001,GOV-003-C001,TST-GOV003-001,FRM-013,00-governance/03-governance-raci.md
REQ-GOV003-002,GOV-003-C002,TST-GOV003-002,FRM-013,00-governance/03-governance-raci.md
REQ-GOV003-003,GOV-003-C003,TST-GOV003-003,FRM-013,00-governance/03-governance-raci.md
REQ-GOV003-004,GOV-003-C004,TST-GOV003-004,FRM-013,00-governance/03-governance-raci.md
REQ-GOV003-005,GOV-003-C005,TST-GOV003-005,FRM-013,00-governance/03-governance-raci.md
REQ-GOV003-006,GOV-003-C006,TST-GOV003-006,FRM-013,00-governance/03-governance-raci.md
REQ-GOV003-007,GOV-003-C007,TST-GOV003-007,FRM-013,00-governance/03-governance-raci.md
REQ-GOV003-008,GOV-003-C008,TST-GOV003-008,FRM-013,00-governance/03-governance-raci.md
REQ-GOV003-009,GOV-003-C009,TST-GOV003-009,FRM-013,00-governance/03-governance-raci.md
REQ-GOV003-010,GOV-003-C010,TST-GOV003-010,FRM-013,00-governance/03-governance-raci.md
REQ-GOV003-011,GOV-003-C011,TST-GOV003-011,FRM-013,00-governance/03-governance-raci.md
REQ-GOV003-012,GOV-003-C012,TST-GOV003-012,FRM-013,00-governance/03-governance-raci.md
REQ-GOV003-013,GOV-003-C013,TST-GOV003-013,FRM-013,00-governance/03-governance-raci.md
REQ-GOV003-014,GOV-003-C014,TST-GOV003-014,FRM-013,00-governance/03-governance-raci.md
REQ-GOV003-015,GOV-003-C015,TST-GOV003-015,FRM-013,00-governance/03-governance-raci.md
REQ-GOV004-001,GOV-004-C001,TST-GOV004-001,FRM-013,00-governance/04-change-control.md
REQ-GOV004-002,GOV-004-C002,TST-GOV004-002,FRM-013,00-governance/04-change-control.md
REQ-GOV004-003,GOV-004-C003,TST-GOV004-003,FRM-013,00-governance/04-change-control.md
REQ-GOV004-004,GOV-004-C004,TST-GOV004-004,FRM-013,00-governance/04-change-control.md
REQ-GOV004-005,GOV-004-C005,TST-GOV004-005,FRM-013,00-governance/04-change-control.md
REQ-GOV004-006,GOV-004-C006,TST-GOV004-006,FRM-013,00-governance/04-change-control.md
REQ-GOV004-007,GOV-004-C007,TST-GOV004-007,FRM-013,00-governance/04-change-control.md
REQ-GOV004-008,GOV-004-C008,TST-GOV004-008,FRM-013,00-governance/04-change-control.md
REQ-GOV004-009,GOV-004-C009,TST-GOV004-009,FRM-013,00-governance/04-change-control.md
REQ-GOV004-010,GOV-004-C010,TST-GOV004-010,FRM-013,00-governance/04-change-control.md
REQ-GOV004-011,GOV-004-C011,TST-GOV004-011,FRM-013,00-governance/04-change-control.md
REQ-GOV004-012,GOV-004-C012,TST-GOV004-012,FRM-013,00-governance/04-change-control.md
REQ-GOV004-013,GOV-004-C013,TST-GOV004-013,FRM-013,00-governance/04-change-control.md
REQ-GOV004-014,GOV-004-C014,TST-GOV004-014,FRM-013,00-governance/04-change-control.md
REQ-GOV004-015,GOV-004-C015,TST-GOV004-015,FRM-013,00-governance/04-change-control.md
REQ-GOV004-016,GOV-004-C016,TST-GOV004-016,FRM-013,00-governance/04-change-control.md
REQ-GOV004-017,GOV-004-C017,TST-GOV004-017,FRM-013,00-governance/04-change-control.md
REQ-GOV004-018,GOV-004-C018,TST-GOV004-018,FRM-013,00-governance/04-change-control.md
REQ-GOV005-001,GOV-005-C001,TST-GOV005-001,FRM-013,00-governance/05-decision-exception-management.md
REQ-GOV005-002,GOV-005-C002,TST-GOV005-002,FRM-013,00-governance/05-decision-exception-management.md
REQ-GOV005-003,GOV-005-C003,TST-GOV005-003,FRM-013,00-governance/05-decision-exception-management.md
REQ-GOV005-004,GOV-005-C004,TST-GOV005-004,FRM-013,00-governance/05-decision-exception-management.md
REQ-GOV005-005,GOV-005-C005,TST-GOV005-005,FRM-013,00-governance/05-decision-exception-management.md
REQ-GOV005-006,GOV-005-C006,TST-GOV005-006,FRM-013,00-governance/05-decision-exception-management.md
REQ-GOV005-007,GOV-005-C007,TST-GOV005-007,FRM-013,00-governance/05-decision-exception-management.md
REQ-GOV005-008,GOV-005-C008,TST-GOV005-008,FRM-013,00-governance/05-decision-exception-management.md
REQ-GOV005-009,GOV-005-C009,TST-GOV005-009,FRM-013,00-governance/05-decision-exception-management.md
REQ-GOV005-010,GOV-005-C010,TST-GOV005-010,FRM-013,00-governance/05-decision-exception-management.md
REQ-GOV005-011,GOV-005-C011,TST-GOV005-011,FRM-013,00-governance/05-decision-exception-management.md
REQ-GOV005-012,GOV-005-C012,TST-GOV005-012,FRM-013,00-governance/05-decision-exception-management.md
REQ-GOV005-013,GOV-005-C013,TST-GOV005-013,FRM-013,00-governance/05-decision-exception-management.md
REQ-GOV005-014,GOV-005-C014,TST-GOV005-014,FRM-013,00-governance/05-decision-exception-management.md
REQ-GOV005-015,GOV-005-C015,TST-GOV005-015,FRM-013,00-governance/05-decision-exception-management.md
REQ-GOV006-001,GOV-006-C001,TST-GOV006-001,FRM-013,00-governance/06-quality-objectives-kpis.md
REQ-GOV006-002,GOV-006-C002,TST-GOV006-002,FRM-013,00-governance/06-quality-objectives-kpis.md
REQ-GOV006-003,GOV-006-C003,TST-GOV006-003,FRM-013,00-governance/06-quality-objectives-kpis.md
REQ-GOV006-004,GOV-006-C004,TST-GOV006-004,FRM-013,00-governance/06-quality-objectives-kpis.md
REQ-GOV006-005,GOV-006-C005,TST-GOV006-005,FRM-013,00-governance/06-quality-objectives-kpis.md
REQ-GOV006-006,GOV-006-C006,TST-GOV006-006,FRM-013,00-governance/06-quality-objectives-kpis.md
REQ-GOV006-007,GOV-006-C007,TST-GOV006-007,FRM-013,00-governance/06-quality-objectives-kpis.md
REQ-GOV006-008,GOV-006-C008,TST-GOV006-008,FRM-013,00-governance/06-quality-objectives-kpis.md
REQ-GOV006-009,GOV-006-C009,TST-GOV006-009,FRM-013,00-governance/06-quality-objectives-kpis.md
REQ-GOV006-010,GOV-006-C010,TST-GOV006-010,FRM-013,00-governance/06-quality-objectives-kpis.md
REQ-GOV006-011,GOV-006-C011,TST-GOV006-011,FRM-013,00-governance/06-quality-objectives-kpis.md
REQ-GOV006-012,GOV-006-C012,TST-GOV006-012,FRM-013,00-governance/06-quality-objectives-kpis.md
REQ-GOV006-013,GOV-006-C013,TST-GOV006-013,FRM-013,00-governance/06-quality-objectives-kpis.md
REQ-GOV006-014,GOV-006-C014,TST-GOV006-014,FRM-013,00-governance/06-quality-objectives-kpis.md
REQ-GOV006-015,GOV-006-C015,TST-GOV006-015,FRM-013,00-governance/06-quality-objectives-kpis.md
REQ-GOV006-016,GOV-006-C016,TST-GOV006-016,FRM-013,00-governance/06-quality-objectives-kpis.md
REQ-GOV007-001,GOV-007-C001,TST-GOV007-001,FRM-013,00-governance/07-release-baseline-policy.md
REQ-GOV007-002,GOV-007-C002,TST-GOV007-002,FRM-013,00-governance/07-release-baseline-policy.md
REQ-GOV007-003,GOV-007-C003,TST-GOV007-003,FRM-013,00-governance/07-release-baseline-policy.md
REQ-GOV007-004,GOV-007-C004,TST-GOV007-004,FRM-013,00-governance/07-release-baseline-policy.md
REQ-GOV007-005,GOV-007-C005,TST-GOV007-005,FRM-013,00-governance/07-release-baseline-policy.md
REQ-GOV007-006,GOV-007-C006,TST-GOV007-006,FRM-013,00-governance/07-release-baseline-policy.md
REQ-GOV007-007,GOV-007-C007,TST-GOV007-007,FRM-013,00-governance/07-release-baseline-policy.md
REQ-GOV007-008,GOV-007-C008,TST-GOV007-008,FRM-013,00-governance/07-release-baseline-policy.md
REQ-GOV007-009,GOV-007-C009,TST-GOV007-009,FRM-013,00-governance/07-release-baseline-policy.md
REQ-GOV007-010,GOV-007-C010,TST-GOV007-010,FRM-013,00-governance/07-release-baseline-policy.md
REQ-GOV007-011,GOV-007-C011,TST-GOV007-011,FRM-013,00-governance/07-release-baseline-policy.md
REQ-GOV007-012,GOV-007-C012,TST-GOV007-012,FRM-013,00-governance/07-release-baseline-policy.md
REQ-GOV007-013,GOV-007-C013,TST-GOV007-013,FRM-013,00-governance/07-release-baseline-policy.md
REQ-GOV007-014,GOV-007-C014,TST-GOV007-014,FRM-013,00-governance/07-release-baseline-policy.md
REQ-GOV007-015,GOV-007-C015,TST-GOV007-015,FRM-013,00-governance/07-release-baseline-policy.md
REQ-REG001-001,REG-001-C001,TST-REG001-001,FRM-015,01-regulatory/01-regulatory-map.md
REQ-REG001-002,REG-001-C002,TST-REG001-002,FRM-015,01-regulatory/01-regulatory-map.md
REQ-REG001-003,REG-001-C003,TST-REG001-003,FRM-015,01-regulatory/01-regulatory-map.md
REQ-REG001-004,REG-001-C004,TST-REG001-004,FRM-015,01-regulatory/01-regulatory-map.md
REQ-REG001-005,REG-001-C005,TST-REG001-005,FRM-015,01-regulatory/01-regulatory-map.md
REQ-REG001-006,REG-001-C006,TST-REG001-006,FRM-015,01-regulatory/01-regulatory-map.md
REQ-REG001-007,REG-001-C007,TST-REG001-007,FRM-015,01-regulatory/01-regulatory-map.md
REQ-REG001-008,REG-001-C008,TST-REG001-008,FRM-015,01-regulatory/01-regulatory-map.md
REQ-REG001-009,REG-001-C009,TST-REG001-009,FRM-015,01-regulatory/01-regulatory-map.md
REQ-REG001-010,REG-001-C010,TST-REG001-010,FRM-015,01-regulatory/01-regulatory-map.md
REQ-REG001-011,REG-001-C011,TST-REG001-011,FRM-015,01-regulatory/01-regulatory-map.md
REQ-REG001-012,REG-001-C012,TST-REG001-012,FRM-015,01-regulatory/01-regulatory-map.md
REQ-REG001-013,REG-001-C013,TST-REG001-013,FRM-015,01-regulatory/01-regulatory-map.md
REQ-REG001-014,REG-001-C014,TST-REG001-014,FRM-015,01-regulatory/01-regulatory-map.md
REQ-REG001-015,REG-001-C015,TST-REG001-015,FRM-015,01-regulatory/01-regulatory-map.md
REQ-REG002-001,REG-002-C001,TST-REG002-001,FRM-015,01-regulatory/02-cma-one-list-one-library.md
REQ-REG002-002,REG-002-C002,TST-REG002-002,FRM-015,01-regulatory/02-cma-one-list-one-library.md
REQ-REG002-003,REG-002-C003,TST-REG002-003,FRM-015,01-regulatory/02-cma-one-list-one-library.md
REQ-REG002-004,REG-002-C004,TST-REG002-004,FRM-015,01-regulatory/02-cma-one-list-one-library.md
REQ-REG002-005,REG-002-C005,TST-REG002-005,FRM-015,01-regulatory/02-cma-one-list-one-library.md
REQ-REG002-006,REG-002-C006,TST-REG002-006,FRM-015,01-regulatory/02-cma-one-list-one-library.md
REQ-REG002-007,REG-002-C007,TST-REG002-007,FRM-015,01-regulatory/02-cma-one-list-one-library.md
REQ-REG002-008,REG-002-C008,TST-REG002-008,FRM-015,01-regulatory/02-cma-one-list-one-library.md
REQ-REG002-009,REG-002-C009,TST-REG002-009,FRM-015,01-regulatory/02-cma-one-list-one-library.md
REQ-REG002-010,REG-002-C010,TST-REG002-010,FRM-015,01-regulatory/02-cma-one-list-one-library.md
REQ-REG002-011,REG-002-C011,TST-REG002-011,FRM-015,01-regulatory/02-cma-one-list-one-library.md
REQ-REG002-012,REG-002-C012,TST-REG002-012,FRM-015,01-regulatory/02-cma-one-list-one-library.md
REQ-REG002-013,REG-002-C013,TST-REG002-013,FRM-015,01-regulatory/02-cma-one-list-one-library.md
REQ-REG002-014,REG-002-C014,TST-REG002-014,FRM-015,01-regulatory/02-cma-one-list-one-library.md
REQ-REG002-015,REG-002-C015,TST-REG002-015,FRM-015,01-regulatory/02-cma-one-list-one-library.md
REQ-REG002-016,REG-002-C016,TST-REG002-016,FRM-015,01-regulatory/02-cma-one-list-one-library.md
REQ-REG002-017,REG-002-C017,TST-REG002-017,FRM-015,01-regulatory/02-cma-one-list-one-library.md
REQ-REG003-001,REG-003-C001,TST-REG003-001,FRM-015,01-regulatory/03-cnas-accreditation.md
REQ-REG003-002,REG-003-C002,TST-REG003-002,FRM-015,01-regulatory/03-cnas-accreditation.md
REQ-REG003-003,REG-003-C003,TST-REG003-003,FRM-015,01-regulatory/03-cnas-accreditation.md
REQ-REG003-004,REG-003-C004,TST-REG003-004,FRM-015,01-regulatory/03-cnas-accreditation.md
REQ-REG003-005,REG-003-C005,TST-REG003-005,FRM-015,01-regulatory/03-cnas-accreditation.md
REQ-REG003-006,REG-003-C006,TST-REG003-006,FRM-015,01-regulatory/03-cnas-accreditation.md
REQ-REG003-007,REG-003-C007,TST-REG003-007,FRM-015,01-regulatory/03-cnas-accreditation.md
REQ-REG003-008,REG-003-C008,TST-REG003-008,FRM-015,01-regulatory/03-cnas-accreditation.md
REQ-REG003-009,REG-003-C009,TST-REG003-009,FRM-015,01-regulatory/03-cnas-accreditation.md
REQ-REG003-010,REG-003-C010,TST-REG003-010,FRM-015,01-regulatory/03-cnas-accreditation.md
REQ-REG003-011,REG-003-C011,TST-REG003-011,FRM-015,01-regulatory/03-cnas-accreditation.md
REQ-REG003-012,REG-003-C012,TST-REG003-012,FRM-015,01-regulatory/03-cnas-accreditation.md
REQ-REG003-013,REG-003-C013,TST-REG003-013,FRM-015,01-regulatory/03-cnas-accreditation.md
REQ-REG003-014,REG-003-C014,TST-REG003-014,FRM-015,01-regulatory/03-cnas-accreditation.md
REQ-REG003-015,REG-003-C015,TST-REG003-015,FRM-015,01-regulatory/03-cnas-accreditation.md
REQ-REG003-016,REG-003-C016,TST-REG003-016,FRM-015,01-regulatory/03-cnas-accreditation.md
REQ-REG003-017,REG-003-C017,TST-REG003-017,FRM-015,01-regulatory/03-cnas-accreditation.md
REQ-REG004-001,REG-004-C001,TST-REG004-001,FRM-015,01-regulatory/04-judicial-appraisal-registration.md
REQ-REG004-002,REG-004-C002,TST-REG004-002,FRM-015,01-regulatory/04-judicial-appraisal-registration.md
REQ-REG004-003,REG-004-C003,TST-REG004-003,FRM-015,01-regulatory/04-judicial-appraisal-registration.md
REQ-REG004-004,REG-004-C004,TST-REG004-004,FRM-015,01-regulatory/04-judicial-appraisal-registration.md
REQ-REG004-005,REG-004-C005,TST-REG004-005,FRM-015,01-regulatory/04-judicial-appraisal-registration.md
REQ-REG004-006,REG-004-C006,TST-REG004-006,FRM-015,01-regulatory/04-judicial-appraisal-registration.md
REQ-REG004-007,REG-004-C007,TST-REG004-007,FRM-015,01-regulatory/04-judicial-appraisal-registration.md
REQ-REG004-008,REG-004-C008,TST-REG004-008,FRM-015,01-regulatory/04-judicial-appraisal-registration.md
REQ-REG004-009,REG-004-C009,TST-REG004-009,FRM-015,01-regulatory/04-judicial-appraisal-registration.md
REQ-REG004-010,REG-004-C010,TST-REG004-010,FRM-015,01-regulatory/04-judicial-appraisal-registration.md
REQ-REG004-011,REG-004-C011,TST-REG004-011,FRM-015,01-regulatory/04-judicial-appraisal-registration.md
REQ-REG004-012,REG-004-C012,TST-REG004-012,FRM-015,01-regulatory/04-judicial-appraisal-registration.md
REQ-REG004-013,REG-004-C013,TST-REG004-013,FRM-015,01-regulatory/04-judicial-appraisal-registration.md
REQ-REG004-014,REG-004-C014,TST-REG004-014,FRM-015,01-regulatory/04-judicial-appraisal-registration.md
REQ-REG004-015,REG-004-C015,TST-REG004-015,FRM-015,01-regulatory/04-judicial-appraisal-registration.md
REQ-REG004-016,REG-004-C016,TST-REG004-016,FRM-015,01-regulatory/04-judicial-appraisal-registration.md
REQ-REG004-017,REG-004-C017,TST-REG004-017,FRM-015,01-regulatory/04-judicial-appraisal-registration.md
REQ-REG005-001,REG-005-C001,TST-REG005-001,FRM-015,01-regulatory/05-beijing-establishment-path.md
REQ-REG005-002,REG-005-C002,TST-REG005-002,FRM-015,01-regulatory/05-beijing-establishment-path.md
REQ-REG005-003,REG-005-C003,TST-REG005-003,FRM-015,01-regulatory/05-beijing-establishment-path.md
REQ-REG005-004,REG-005-C004,TST-REG005-004,FRM-015,01-regulatory/05-beijing-establishment-path.md
REQ-REG005-005,REG-005-C005,TST-REG005-005,FRM-015,01-regulatory/05-beijing-establishment-path.md
REQ-REG005-006,REG-005-C006,TST-REG005-006,FRM-015,01-regulatory/05-beijing-establishment-path.md
REQ-REG005-007,REG-005-C007,TST-REG005-007,FRM-015,01-regulatory/05-beijing-establishment-path.md
REQ-REG005-008,REG-005-C008,TST-REG005-008,FRM-015,01-regulatory/05-beijing-establishment-path.md
REQ-REG005-009,REG-005-C009,TST-REG005-009,FRM-015,01-regulatory/05-beijing-establishment-path.md
REQ-REG005-010,REG-005-C010,TST-REG005-010,FRM-015,01-regulatory/05-beijing-establishment-path.md
REQ-REG005-011,REG-005-C011,TST-REG005-011,FRM-015,01-regulatory/05-beijing-establishment-path.md
REQ-REG005-012,REG-005-C012,TST-REG005-012,FRM-015,01-regulatory/05-beijing-establishment-path.md
REQ-REG005-013,REG-005-C013,TST-REG005-013,FRM-015,01-regulatory/05-beijing-establishment-path.md
REQ-REG005-014,REG-005-C014,TST-REG005-014,FRM-015,01-regulatory/05-beijing-establishment-path.md
REQ-REG005-015,REG-005-C015,TST-REG005-015,FRM-015,01-regulatory/05-beijing-establishment-path.md
REQ-REG005-016,REG-005-C016,TST-REG005-016,FRM-015,01-regulatory/05-beijing-establishment-path.md
REQ-REG005-017,REG-005-C017,TST-REG005-017,FRM-015,01-regulatory/05-beijing-establishment-path.md
REQ-REG005-018,REG-005-C018,TST-REG005-018,FRM-015,01-regulatory/05-beijing-establishment-path.md
REQ-REG006-001,REG-006-C001,TST-REG006-001,FRM-015,01-regulatory/06-electronic-evidence-rules.md
REQ-REG006-002,REG-006-C002,TST-REG006-002,FRM-015,01-regulatory/06-electronic-evidence-rules.md
REQ-REG006-003,REG-006-C003,TST-REG006-003,FRM-015,01-regulatory/06-electronic-evidence-rules.md
REQ-REG006-004,REG-006-C004,TST-REG006-004,FRM-015,01-regulatory/06-electronic-evidence-rules.md
REQ-REG006-005,REG-006-C005,TST-REG006-005,FRM-015,01-regulatory/06-electronic-evidence-rules.md
REQ-REG006-006,REG-006-C006,TST-REG006-006,FRM-015,01-regulatory/06-electronic-evidence-rules.md
REQ-REG006-007,REG-006-C007,TST-REG006-007,FRM-015,01-regulatory/06-electronic-evidence-rules.md
REQ-REG006-008,REG-006-C008,TST-REG006-008,FRM-015,01-regulatory/06-electronic-evidence-rules.md
REQ-REG006-009,REG-006-C009,TST-REG006-009,FRM-015,01-regulatory/06-electronic-evidence-rules.md
REQ-REG006-010,REG-006-C010,TST-REG006-010,FRM-015,01-regulatory/06-electronic-evidence-rules.md
REQ-REG006-011,REG-006-C011,TST-REG006-011,FRM-015,01-regulatory/06-electronic-evidence-rules.md
REQ-REG006-012,REG-006-C012,TST-REG006-012,FRM-015,01-regulatory/06-electronic-evidence-rules.md
REQ-REG006-013,REG-006-C013,TST-REG006-013,FRM-015,01-regulatory/06-electronic-evidence-rules.md
REQ-REG006-014,REG-006-C014,TST-REG006-014,FRM-015,01-regulatory/06-electronic-evidence-rules.md
REQ-REG006-015,REG-006-C015,TST-REG006-015,FRM-015,01-regulatory/06-electronic-evidence-rules.md
REQ-REG006-016,REG-006-C016,TST-REG006-016,FRM-015,01-regulatory/06-electronic-evidence-rules.md
REQ-REG006-017,REG-006-C017,TST-REG006-017,FRM-015,01-regulatory/06-electronic-evidence-rules.md
REQ-REG006-018,REG-006-C018,TST-REG006-018,FRM-015,01-regulatory/06-electronic-evidence-rules.md
REQ-REG007-001,REG-007-C001,TST-REG007-001,FRM-015,01-regulatory/07-data-security-privacy.md
REQ-REG007-002,REG-007-C002,TST-REG007-002,FRM-015,01-regulatory/07-data-security-privacy.md
REQ-REG007-003,REG-007-C003,TST-REG007-003,FRM-015,01-regulatory/07-data-security-privacy.md
REQ-REG007-004,REG-007-C004,TST-REG007-004,FRM-015,01-regulatory/07-data-security-privacy.md
REQ-REG007-005,REG-007-C005,TST-REG007-005,FRM-015,01-regulatory/07-data-security-privacy.md
REQ-REG007-006,REG-007-C006,TST-REG007-006,FRM-015,01-regulatory/07-data-security-privacy.md
REQ-REG007-007,REG-007-C007,TST-REG007-007,FRM-015,01-regulatory/07-data-security-privacy.md
REQ-REG007-008,REG-007-C008,TST-REG007-008,FRM-015,01-regulatory/07-data-security-privacy.md
REQ-REG007-009,REG-007-C009,TST-REG007-009,FRM-015,01-regulatory/07-data-security-privacy.md
REQ-REG007-010,REG-007-C010,TST-REG007-010,FRM-015,01-regulatory/07-data-security-privacy.md
REQ-REG007-011,REG-007-C011,TST-REG007-011,FRM-015,01-regulatory/07-data-security-privacy.md
REQ-REG007-012,REG-007-C012,TST-REG007-012,FRM-015,01-regulatory/07-data-security-privacy.md
REQ-REG007-013,REG-007-C013,TST-REG007-013,FRM-015,01-regulatory/07-data-security-privacy.md
REQ-REG007-014,REG-007-C014,TST-REG007-014,FRM-015,01-regulatory/07-data-security-privacy.md
REQ-REG007-015,REG-007-C015,TST-REG007-015,FRM-015,01-regulatory/07-data-security-privacy.md
REQ-REG007-016,REG-007-C016,TST-REG007-016,FRM-015,01-regulatory/07-data-security-privacy.md
REQ-REG007-017,REG-007-C017,TST-REG007-017,FRM-015,01-regulatory/07-data-security-privacy.md
REQ-REG007-018,REG-007-C018,TST-REG007-018,FRM-015,01-regulatory/07-data-security-privacy.md
REQ-REG007-019,REG-007-C019,TST-REG007-019,FRM-015,01-regulatory/07-data-security-privacy.md
REQ-REG008-001,REG-008-C001,TST-REG008-001,FRM-015,01-regulatory/08-virtual-asset-boundaries.md
REQ-REG008-002,REG-008-C002,TST-REG008-002,FRM-015,01-regulatory/08-virtual-asset-boundaries.md
REQ-REG008-003,REG-008-C003,TST-REG008-003,FRM-015,01-regulatory/08-virtual-asset-boundaries.md
REQ-REG008-004,REG-008-C004,TST-REG008-004,FRM-015,01-regulatory/08-virtual-asset-boundaries.md
REQ-REG008-005,REG-008-C005,TST-REG008-005,FRM-015,01-regulatory/08-virtual-asset-boundaries.md
REQ-REG008-006,REG-008-C006,TST-REG008-006,FRM-015,01-regulatory/08-virtual-asset-boundaries.md
REQ-REG008-007,REG-008-C007,TST-REG008-007,FRM-015,01-regulatory/08-virtual-asset-boundaries.md
REQ-REG008-008,REG-008-C008,TST-REG008-008,FRM-015,01-regulatory/08-virtual-asset-boundaries.md
REQ-REG008-009,REG-008-C009,TST-REG008-009,FRM-015,01-regulatory/08-virtual-asset-boundaries.md
REQ-REG008-010,REG-008-C010,TST-REG008-010,FRM-015,01-regulatory/08-virtual-asset-boundaries.md
REQ-REG008-011,REG-008-C011,TST-REG008-011,FRM-015,01-regulatory/08-virtual-asset-boundaries.md
REQ-REG008-012,REG-008-C012,TST-REG008-012,FRM-015,01-regulatory/08-virtual-asset-boundaries.md
REQ-REG008-013,REG-008-C013,TST-REG008-013,FRM-015,01-regulatory/08-virtual-asset-boundaries.md
REQ-REG008-014,REG-008-C014,TST-REG008-014,FRM-015,01-regulatory/08-virtual-asset-boundaries.md
REQ-REG008-015,REG-008-C015,TST-REG008-015,FRM-015,01-regulatory/08-virtual-asset-boundaries.md
REQ-REG008-016,REG-008-C016,TST-REG008-016,FRM-015,01-regulatory/08-virtual-asset-boundaries.md
REQ-REG008-017,REG-008-C017,TST-REG008-017,FRM-015,01-regulatory/08-virtual-asset-boundaries.md
REQ-REG009-001,REG-009-C001,TST-REG009-001,FRM-015,01-regulatory/09-regulatory-gap-register.md
REQ-REG009-002,REG-009-C002,TST-REG009-002,FRM-015,01-regulatory/09-regulatory-gap-register.md
REQ-REG009-003,REG-009-C003,TST-REG009-003,FRM-015,01-regulatory/09-regulatory-gap-register.md
REQ-REG009-004,REG-009-C004,TST-REG009-004,FRM-015,01-regulatory/09-regulatory-gap-register.md
REQ-REG009-005,REG-009-C005,TST-REG009-005,FRM-015,01-regulatory/09-regulatory-gap-register.md
REQ-REG009-006,REG-009-C006,TST-REG009-006,FRM-015,01-regulatory/09-regulatory-gap-register.md
REQ-REG009-007,REG-009-C007,TST-REG009-007,FRM-015,01-regulatory/09-regulatory-gap-register.md
REQ-REG009-008,REG-009-C008,TST-REG009-008,FRM-015,01-regulatory/09-regulatory-gap-register.md
REQ-REG009-009,REG-009-C009,TST-REG009-009,FRM-015,01-regulatory/09-regulatory-gap-register.md
REQ-REG009-010,REG-009-C010,TST-REG009-010,FRM-015,01-regulatory/09-regulatory-gap-register.md
REQ-REG009-011,REG-009-C011,TST-REG009-011,FRM-015,01-regulatory/09-regulatory-gap-register.md
REQ-REG009-012,REG-009-C012,TST-REG009-012,FRM-015,01-regulatory/09-regulatory-gap-register.md
REQ-REG009-013,REG-009-C013,TST-REG009-013,FRM-015,01-regulatory/09-regulatory-gap-register.md
REQ-REG009-014,REG-009-C014,TST-REG009-014,FRM-015,01-regulatory/09-regulatory-gap-register.md
REQ-REG009-015,REG-009-C015,TST-REG009-015,FRM-015,01-regulatory/09-regulatory-gap-register.md
REQ-REG009-016,REG-009-C016,TST-REG009-016,FRM-015,01-regulatory/09-regulatory-gap-register.md
REQ-REG010-001,REG-010-C001,TST-REG010-001,FRM-015,01-regulatory/10-regulator-engagement.md
REQ-REG010-002,REG-010-C002,TST-REG010-002,FRM-015,01-regulatory/10-regulator-engagement.md
REQ-REG010-003,REG-010-C003,TST-REG010-003,FRM-015,01-regulatory/10-regulator-engagement.md
REQ-REG010-004,REG-010-C004,TST-REG010-004,FRM-015,01-regulatory/10-regulator-engagement.md
REQ-REG010-005,REG-010-C005,TST-REG010-005,FRM-015,01-regulatory/10-regulator-engagement.md
REQ-REG010-006,REG-010-C006,TST-REG010-006,FRM-015,01-regulatory/10-regulator-engagement.md
REQ-REG010-007,REG-010-C007,TST-REG010-007,FRM-015,01-regulatory/10-regulator-engagement.md
REQ-REG010-008,REG-010-C008,TST-REG010-008,FRM-015,01-regulatory/10-regulator-engagement.md
REQ-REG010-009,REG-010-C009,TST-REG010-009,FRM-015,01-regulatory/10-regulator-engagement.md
REQ-REG010-010,REG-010-C010,TST-REG010-010,FRM-015,01-regulatory/10-regulator-engagement.md
REQ-REG010-011,REG-010-C011,TST-REG010-011,FRM-015,01-regulatory/10-regulator-engagement.md
REQ-REG010-012,REG-010-C012,TST-REG010-012,FRM-015,01-regulatory/10-regulator-engagement.md
REQ-REG010-013,REG-010-C013,TST-REG010-013,FRM-015,01-regulatory/10-regulator-engagement.md
REQ-REG010-014,REG-010-C014,TST-REG010-014,FRM-015,01-regulatory/10-regulator-engagement.md
REQ-REG010-015,REG-010-C015,TST-REG010-015,FRM-015,01-regulatory/10-regulator-engagement.md
REQ-REG010-016,REG-010-C016,TST-REG010-016,FRM-015,01-regulatory/10-regulator-engagement.md
REQ-PRD001-001,PRD-001-C001,TST-PRD001-001,FRM-010,02-product/01-product-vision-scope.md
REQ-PRD001-002,PRD-001-C002,TST-PRD001-002,FRM-010,02-product/01-product-vision-scope.md
REQ-PRD001-003,PRD-001-C003,TST-PRD001-003,FRM-010,02-product/01-product-vision-scope.md
REQ-PRD001-004,PRD-001-C004,TST-PRD001-004,FRM-010,02-product/01-product-vision-scope.md
REQ-PRD001-005,PRD-001-C005,TST-PRD001-005,FRM-010,02-product/01-product-vision-scope.md
REQ-PRD001-006,PRD-001-C006,TST-PRD001-006,FRM-010,02-product/01-product-vision-scope.md
REQ-PRD001-007,PRD-001-C007,TST-PRD001-007,FRM-010,02-product/01-product-vision-scope.md
REQ-PRD001-008,PRD-001-C008,TST-PRD001-008,FRM-010,02-product/01-product-vision-scope.md
REQ-PRD001-009,PRD-001-C009,TST-PRD001-009,FRM-010,02-product/01-product-vision-scope.md
REQ-PRD001-010,PRD-001-C010,TST-PRD001-010,FRM-010,02-product/01-product-vision-scope.md
REQ-PRD001-011,PRD-001-C011,TST-PRD001-011,FRM-010,02-product/01-product-vision-scope.md
REQ-PRD001-012,PRD-001-C012,TST-PRD001-012,FRM-010,02-product/01-product-vision-scope.md
REQ-PRD001-013,PRD-001-C013,TST-PRD001-013,FRM-010,02-product/01-product-vision-scope.md
REQ-PRD001-014,PRD-001-C014,TST-PRD001-014,FRM-010,02-product/01-product-vision-scope.md
REQ-PRD001-015,PRD-001-C015,TST-PRD001-015,FRM-010,02-product/01-product-vision-scope.md
REQ-PRD001-016,PRD-001-C016,TST-PRD001-016,FRM-010,02-product/01-product-vision-scope.md
REQ-PRD002-001,PRD-002-C001,TST-PRD002-001,FRM-010,02-product/02-personas-use-cases.md
REQ-PRD002-002,PRD-002-C002,TST-PRD002-002,FRM-010,02-product/02-personas-use-cases.md
REQ-PRD002-003,PRD-002-C003,TST-PRD002-003,FRM-010,02-product/02-personas-use-cases.md
REQ-PRD002-004,PRD-002-C004,TST-PRD002-004,FRM-010,02-product/02-personas-use-cases.md
REQ-PRD002-005,PRD-002-C005,TST-PRD002-005,FRM-010,02-product/02-personas-use-cases.md
REQ-PRD002-006,PRD-002-C006,TST-PRD002-006,FRM-010,02-product/02-personas-use-cases.md
REQ-PRD002-007,PRD-002-C007,TST-PRD002-007,FRM-010,02-product/02-personas-use-cases.md
REQ-PRD002-008,PRD-002-C008,TST-PRD002-008,FRM-010,02-product/02-personas-use-cases.md
REQ-PRD002-009,PRD-002-C009,TST-PRD002-009,FRM-010,02-product/02-personas-use-cases.md
REQ-PRD002-010,PRD-002-C010,TST-PRD002-010,FRM-010,02-product/02-personas-use-cases.md
REQ-PRD002-011,PRD-002-C011,TST-PRD002-011,FRM-010,02-product/02-personas-use-cases.md
REQ-PRD002-012,PRD-002-C012,TST-PRD002-012,FRM-010,02-product/02-personas-use-cases.md
REQ-PRD002-013,PRD-002-C013,TST-PRD002-013,FRM-010,02-product/02-personas-use-cases.md
REQ-PRD002-014,PRD-002-C014,TST-PRD002-014,FRM-010,02-product/02-personas-use-cases.md
REQ-PRD002-015,PRD-002-C015,TST-PRD002-015,FRM-010,02-product/02-personas-use-cases.md
REQ-PRD003-001,PRD-003-C001,TST-PRD003-001,FRM-010,02-product/03-functional-requirements.md
REQ-PRD003-002,PRD-003-C002,TST-PRD003-002,FRM-010,02-product/03-functional-requirements.md
REQ-PRD003-003,PRD-003-C003,TST-PRD003-003,FRM-010,02-product/03-functional-requirements.md
REQ-PRD003-004,PRD-003-C004,TST-PRD003-004,FRM-010,02-product/03-functional-requirements.md
REQ-PRD003-005,PRD-003-C005,TST-PRD003-005,FRM-010,02-product/03-functional-requirements.md
REQ-PRD003-006,PRD-003-C006,TST-PRD003-006,FRM-010,02-product/03-functional-requirements.md
REQ-PRD003-007,PRD-003-C007,TST-PRD003-007,FRM-010,02-product/03-functional-requirements.md
REQ-PRD003-008,PRD-003-C008,TST-PRD003-008,FRM-010,02-product/03-functional-requirements.md
REQ-PRD003-009,PRD-003-C009,TST-PRD003-009,FRM-010,02-product/03-functional-requirements.md
REQ-PRD003-010,PRD-003-C010,TST-PRD003-010,FRM-010,02-product/03-functional-requirements.md
REQ-PRD003-011,PRD-003-C011,TST-PRD003-011,FRM-010,02-product/03-functional-requirements.md
REQ-PRD003-012,PRD-003-C012,TST-PRD003-012,FRM-010,02-product/03-functional-requirements.md
REQ-PRD003-013,PRD-003-C013,TST-PRD003-013,FRM-010,02-product/03-functional-requirements.md
REQ-PRD003-014,PRD-003-C014,TST-PRD003-014,FRM-010,02-product/03-functional-requirements.md
REQ-PRD003-015,PRD-003-C015,TST-PRD003-015,FRM-010,02-product/03-functional-requirements.md
REQ-PRD003-016,PRD-003-C016,TST-PRD003-016,FRM-010,02-product/03-functional-requirements.md
REQ-PRD003-017,PRD-003-C017,TST-PRD003-017,FRM-010,02-product/03-functional-requirements.md
REQ-PRD003-018,PRD-003-C018,TST-PRD003-018,FRM-010,02-product/03-functional-requirements.md
REQ-PRD003-019,PRD-003-C019,TST-PRD003-019,FRM-010,02-product/03-functional-requirements.md
REQ-PRD003-020,PRD-003-C020,TST-PRD003-020,FRM-010,02-product/03-functional-requirements.md
REQ-PRD004-001,PRD-004-C001,TST-PRD004-001,FRM-010,02-product/04-case-lifecycle.md
REQ-PRD004-002,PRD-004-C002,TST-PRD004-002,FRM-010,02-product/04-case-lifecycle.md
REQ-PRD004-003,PRD-004-C003,TST-PRD004-003,FRM-010,02-product/04-case-lifecycle.md
REQ-PRD004-004,PRD-004-C004,TST-PRD004-004,FRM-010,02-product/04-case-lifecycle.md
REQ-PRD004-005,PRD-004-C005,TST-PRD004-005,FRM-010,02-product/04-case-lifecycle.md
REQ-PRD004-006,PRD-004-C006,TST-PRD004-006,FRM-010,02-product/04-case-lifecycle.md
REQ-PRD004-007,PRD-004-C007,TST-PRD004-007,FRM-010,02-product/04-case-lifecycle.md
REQ-PRD004-008,PRD-004-C008,TST-PRD004-008,FRM-010,02-product/04-case-lifecycle.md
REQ-PRD004-009,PRD-004-C009,TST-PRD004-009,FRM-010,02-product/04-case-lifecycle.md
REQ-PRD004-010,PRD-004-C010,TST-PRD004-010,FRM-010,02-product/04-case-lifecycle.md
REQ-PRD004-011,PRD-004-C011,TST-PRD004-011,FRM-010,02-product/04-case-lifecycle.md
REQ-PRD004-012,PRD-004-C012,TST-PRD004-012,FRM-010,02-product/04-case-lifecycle.md
REQ-PRD004-013,PRD-004-C013,TST-PRD004-013,FRM-010,02-product/04-case-lifecycle.md
REQ-PRD004-014,PRD-004-C014,TST-PRD004-014,FRM-010,02-product/04-case-lifecycle.md
REQ-PRD004-015,PRD-004-C015,TST-PRD004-015,FRM-010,02-product/04-case-lifecycle.md
REQ-PRD004-016,PRD-004-C016,TST-PRD004-016,FRM-010,02-product/04-case-lifecycle.md
REQ-PRD004-017,PRD-004-C017,TST-PRD004-017,FRM-010,02-product/04-case-lifecycle.md
REQ-PRD004-018,PRD-004-C018,TST-PRD004-018,FRM-010,02-product/04-case-lifecycle.md
REQ-PRD004-019,PRD-004-C019,TST-PRD004-019,FRM-010,02-product/04-case-lifecycle.md
REQ-PRD004-020,PRD-004-C020,TST-PRD004-020,FRM-010,02-product/04-case-lifecycle.md
REQ-PRD005-001,PRD-005-C001,TST-PRD005-001,FRM-010,02-product/05-evidence-package.md
REQ-PRD005-002,PRD-005-C002,TST-PRD005-002,FRM-010,02-product/05-evidence-package.md
REQ-PRD005-003,PRD-005-C003,TST-PRD005-003,FRM-010,02-product/05-evidence-package.md
REQ-PRD005-004,PRD-005-C004,TST-PRD005-004,FRM-010,02-product/05-evidence-package.md
REQ-PRD005-005,PRD-005-C005,TST-PRD005-005,FRM-010,02-product/05-evidence-package.md
REQ-PRD005-006,PRD-005-C006,TST-PRD005-006,FRM-010,02-product/05-evidence-package.md
REQ-PRD005-007,PRD-005-C007,TST-PRD005-007,FRM-010,02-product/05-evidence-package.md
REQ-PRD005-008,PRD-005-C008,TST-PRD005-008,FRM-010,02-product/05-evidence-package.md
REQ-PRD005-009,PRD-005-C009,TST-PRD005-009,FRM-010,02-product/05-evidence-package.md
REQ-PRD005-010,PRD-005-C010,TST-PRD005-010,FRM-010,02-product/05-evidence-package.md
REQ-PRD005-011,PRD-005-C011,TST-PRD005-011,FRM-010,02-product/05-evidence-package.md
REQ-PRD005-012,PRD-005-C012,TST-PRD005-012,FRM-010,02-product/05-evidence-package.md
REQ-PRD005-013,PRD-005-C013,TST-PRD005-013,FRM-010,02-product/05-evidence-package.md
REQ-PRD005-014,PRD-005-C014,TST-PRD005-014,FRM-010,02-product/05-evidence-package.md
REQ-PRD005-015,PRD-005-C015,TST-PRD005-015,FRM-010,02-product/05-evidence-package.md
REQ-PRD005-016,PRD-005-C016,TST-PRD005-016,FRM-010,02-product/05-evidence-package.md
REQ-PRD005-017,PRD-005-C017,TST-PRD005-017,FRM-010,02-product/05-evidence-package.md
REQ-PRD005-018,PRD-005-C018,TST-PRD005-018,FRM-010,02-product/05-evidence-package.md
REQ-PRD005-019,PRD-005-C019,TST-PRD005-019,FRM-010,02-product/05-evidence-package.md
REQ-PRD005-020,PRD-005-C020,TST-PRD005-020,FRM-010,02-product/05-evidence-package.md
REQ-PRD006-001,PRD-006-C001,TST-PRD006-001,FRM-010,02-product/06-analysis-workbench.md
REQ-PRD006-002,PRD-006-C002,TST-PRD006-002,FRM-010,02-product/06-analysis-workbench.md
REQ-PRD006-003,PRD-006-C003,TST-PRD006-003,FRM-010,02-product/06-analysis-workbench.md
REQ-PRD006-004,PRD-006-C004,TST-PRD006-004,FRM-010,02-product/06-analysis-workbench.md
REQ-PRD006-005,PRD-006-C005,TST-PRD006-005,FRM-010,02-product/06-analysis-workbench.md
REQ-PRD006-006,PRD-006-C006,TST-PRD006-006,FRM-010,02-product/06-analysis-workbench.md
REQ-PRD006-007,PRD-006-C007,TST-PRD006-007,FRM-010,02-product/06-analysis-workbench.md
REQ-PRD006-008,PRD-006-C008,TST-PRD006-008,FRM-010,02-product/06-analysis-workbench.md
REQ-PRD006-009,PRD-006-C009,TST-PRD006-009,FRM-010,02-product/06-analysis-workbench.md
REQ-PRD006-010,PRD-006-C010,TST-PRD006-010,FRM-010,02-product/06-analysis-workbench.md
REQ-PRD006-011,PRD-006-C011,TST-PRD006-011,FRM-010,02-product/06-analysis-workbench.md
REQ-PRD006-012,PRD-006-C012,TST-PRD006-012,FRM-010,02-product/06-analysis-workbench.md
REQ-PRD006-013,PRD-006-C013,TST-PRD006-013,FRM-010,02-product/06-analysis-workbench.md
REQ-PRD006-014,PRD-006-C014,TST-PRD006-014,FRM-010,02-product/06-analysis-workbench.md
REQ-PRD006-015,PRD-006-C015,TST-PRD006-015,FRM-010,02-product/06-analysis-workbench.md
REQ-PRD006-016,PRD-006-C016,TST-PRD006-016,FRM-010,02-product/06-analysis-workbench.md
REQ-PRD006-017,PRD-006-C017,TST-PRD006-017,FRM-010,02-product/06-analysis-workbench.md
REQ-PRD006-018,PRD-006-C018,TST-PRD006-018,FRM-010,02-product/06-analysis-workbench.md
REQ-PRD006-019,PRD-006-C019,TST-PRD006-019,FRM-010,02-product/06-analysis-workbench.md
REQ-PRD006-020,PRD-006-C020,TST-PRD006-020,FRM-010,02-product/06-analysis-workbench.md
REQ-PRD007-001,PRD-007-C001,TST-PRD007-001,FRM-010,02-product/07-reporting-explanation.md
REQ-PRD007-002,PRD-007-C002,TST-PRD007-002,FRM-010,02-product/07-reporting-explanation.md
REQ-PRD007-003,PRD-007-C003,TST-PRD007-003,FRM-010,02-product/07-reporting-explanation.md
REQ-PRD007-004,PRD-007-C004,TST-PRD007-004,FRM-010,02-product/07-reporting-explanation.md
REQ-PRD007-005,PRD-007-C005,TST-PRD007-005,FRM-010,02-product/07-reporting-explanation.md
REQ-PRD007-006,PRD-007-C006,TST-PRD007-006,FRM-010,02-product/07-reporting-explanation.md
REQ-PRD007-007,PRD-007-C007,TST-PRD007-007,FRM-010,02-product/07-reporting-explanation.md
REQ-PRD007-008,PRD-007-C008,TST-PRD007-008,FRM-010,02-product/07-reporting-explanation.md
REQ-PRD007-009,PRD-007-C009,TST-PRD007-009,FRM-010,02-product/07-reporting-explanation.md
REQ-PRD007-010,PRD-007-C010,TST-PRD007-010,FRM-010,02-product/07-reporting-explanation.md
REQ-PRD007-011,PRD-007-C011,TST-PRD007-011,FRM-010,02-product/07-reporting-explanation.md
REQ-PRD007-012,PRD-007-C012,TST-PRD007-012,FRM-010,02-product/07-reporting-explanation.md
REQ-PRD007-013,PRD-007-C013,TST-PRD007-013,FRM-010,02-product/07-reporting-explanation.md
REQ-PRD007-014,PRD-007-C014,TST-PRD007-014,FRM-010,02-product/07-reporting-explanation.md
REQ-PRD007-015,PRD-007-C015,TST-PRD007-015,FRM-010,02-product/07-reporting-explanation.md
REQ-PRD007-016,PRD-007-C016,TST-PRD007-016,FRM-010,02-product/07-reporting-explanation.md
REQ-PRD007-017,PRD-007-C017,TST-PRD007-017,FRM-010,02-product/07-reporting-explanation.md
REQ-PRD007-018,PRD-007-C018,TST-PRD007-018,FRM-010,02-product/07-reporting-explanation.md
REQ-PRD007-019,PRD-007-C019,TST-PRD007-019,FRM-010,02-product/07-reporting-explanation.md
REQ-PRD007-020,PRD-007-C020,TST-PRD007-020,FRM-010,02-product/07-reporting-explanation.md
REQ-PRD008-001,PRD-008-C001,TST-PRD008-001,FRM-010,02-product/08-nonfunctional-requirements.md
REQ-PRD008-002,PRD-008-C002,TST-PRD008-002,FRM-010,02-product/08-nonfunctional-requirements.md
REQ-PRD008-003,PRD-008-C003,TST-PRD008-003,FRM-010,02-product/08-nonfunctional-requirements.md
REQ-PRD008-004,PRD-008-C004,TST-PRD008-004,FRM-010,02-product/08-nonfunctional-requirements.md
REQ-PRD008-005,PRD-008-C005,TST-PRD008-005,FRM-010,02-product/08-nonfunctional-requirements.md
REQ-PRD008-006,PRD-008-C006,TST-PRD008-006,FRM-010,02-product/08-nonfunctional-requirements.md
REQ-PRD008-007,PRD-008-C007,TST-PRD008-007,FRM-010,02-product/08-nonfunctional-requirements.md
REQ-PRD008-008,PRD-008-C008,TST-PRD008-008,FRM-010,02-product/08-nonfunctional-requirements.md
REQ-PRD008-009,PRD-008-C009,TST-PRD008-009,FRM-010,02-product/08-nonfunctional-requirements.md
REQ-PRD008-010,PRD-008-C010,TST-PRD008-010,FRM-010,02-product/08-nonfunctional-requirements.md
REQ-PRD008-011,PRD-008-C011,TST-PRD008-011,FRM-010,02-product/08-nonfunctional-requirements.md
REQ-PRD008-012,PRD-008-C012,TST-PRD008-012,FRM-010,02-product/08-nonfunctional-requirements.md
REQ-PRD008-013,PRD-008-C013,TST-PRD008-013,FRM-010,02-product/08-nonfunctional-requirements.md
REQ-PRD008-014,PRD-008-C014,TST-PRD008-014,FRM-010,02-product/08-nonfunctional-requirements.md
REQ-PRD008-015,PRD-008-C015,TST-PRD008-015,FRM-010,02-product/08-nonfunctional-requirements.md
REQ-PRD008-016,PRD-008-C016,TST-PRD008-016,FRM-010,02-product/08-nonfunctional-requirements.md
REQ-PRD008-017,PRD-008-C017,TST-PRD008-017,FRM-010,02-product/08-nonfunctional-requirements.md
REQ-PRD008-018,PRD-008-C018,TST-PRD008-018,FRM-010,02-product/08-nonfunctional-requirements.md
REQ-PRD008-019,PRD-008-C019,TST-PRD008-019,FRM-010,02-product/08-nonfunctional-requirements.md
REQ-PRD008-020,PRD-008-C020,TST-PRD008-020,FRM-010,02-product/08-nonfunctional-requirements.md
REQ-PRD009-001,PRD-009-C001,TST-PRD009-001,FRM-010,02-product/09-release-acceptance.md
REQ-PRD009-002,PRD-009-C002,TST-PRD009-002,FRM-010,02-product/09-release-acceptance.md
REQ-PRD009-003,PRD-009-C003,TST-PRD009-003,FRM-010,02-product/09-release-acceptance.md
REQ-PRD009-004,PRD-009-C004,TST-PRD009-004,FRM-010,02-product/09-release-acceptance.md
REQ-PRD009-005,PRD-009-C005,TST-PRD009-005,FRM-010,02-product/09-release-acceptance.md
REQ-PRD009-006,PRD-009-C006,TST-PRD009-006,FRM-010,02-product/09-release-acceptance.md
REQ-PRD009-007,PRD-009-C007,TST-PRD009-007,FRM-010,02-product/09-release-acceptance.md
REQ-PRD009-008,PRD-009-C008,TST-PRD009-008,FRM-010,02-product/09-release-acceptance.md
REQ-PRD009-009,PRD-009-C009,TST-PRD009-009,FRM-010,02-product/09-release-acceptance.md
REQ-PRD009-010,PRD-009-C010,TST-PRD009-010,FRM-010,02-product/09-release-acceptance.md
REQ-PRD009-011,PRD-009-C011,TST-PRD009-011,FRM-010,02-product/09-release-acceptance.md
REQ-PRD009-012,PRD-009-C012,TST-PRD009-012,FRM-010,02-product/09-release-acceptance.md
REQ-PRD009-013,PRD-009-C013,TST-PRD009-013,FRM-010,02-product/09-release-acceptance.md
REQ-PRD009-014,PRD-009-C014,TST-PRD009-014,FRM-010,02-product/09-release-acceptance.md
REQ-PRD009-015,PRD-009-C015,TST-PRD009-015,FRM-010,02-product/09-release-acceptance.md
REQ-PRD009-016,PRD-009-C016,TST-PRD009-016,FRM-010,02-product/09-release-acceptance.md
REQ-PRD009-017,PRD-009-C017,TST-PRD009-017,FRM-010,02-product/09-release-acceptance.md
REQ-PRD009-018,PRD-009-C018,TST-PRD009-018,FRM-010,02-product/09-release-acceptance.md
REQ-PRD009-019,PRD-009-C019,TST-PRD009-019,FRM-010,02-product/09-release-acceptance.md
REQ-PRD009-020,PRD-009-C020,TST-PRD009-020,FRM-010,02-product/09-release-acceptance.md
REQ-PRD010-001,PRD-010-C001,TST-PRD010-001,FRM-010,02-product/10-product-roadmap.md
REQ-PRD010-002,PRD-010-C002,TST-PRD010-002,FRM-010,02-product/10-product-roadmap.md
REQ-PRD010-003,PRD-010-C003,TST-PRD010-003,FRM-010,02-product/10-product-roadmap.md
REQ-PRD010-004,PRD-010-C004,TST-PRD010-004,FRM-010,02-product/10-product-roadmap.md
REQ-PRD010-005,PRD-010-C005,TST-PRD010-005,FRM-010,02-product/10-product-roadmap.md
REQ-PRD010-006,PRD-010-C006,TST-PRD010-006,FRM-010,02-product/10-product-roadmap.md
REQ-PRD010-007,PRD-010-C007,TST-PRD010-007,FRM-010,02-product/10-product-roadmap.md
REQ-PRD010-008,PRD-010-C008,TST-PRD010-008,FRM-010,02-product/10-product-roadmap.md
REQ-PRD010-009,PRD-010-C009,TST-PRD010-009,FRM-010,02-product/10-product-roadmap.md
REQ-PRD010-010,PRD-010-C010,TST-PRD010-010,FRM-010,02-product/10-product-roadmap.md
REQ-PRD010-011,PRD-010-C011,TST-PRD010-011,FRM-010,02-product/10-product-roadmap.md
REQ-PRD010-012,PRD-010-C012,TST-PRD010-012,FRM-010,02-product/10-product-roadmap.md
REQ-PRD010-013,PRD-010-C013,TST-PRD010-013,FRM-010,02-product/10-product-roadmap.md
REQ-PRD010-014,PRD-010-C014,TST-PRD010-014,FRM-010,02-product/10-product-roadmap.md
REQ-PRD010-015,PRD-010-C015,TST-PRD010-015,FRM-010,02-product/10-product-roadmap.md
REQ-PRD010-016,PRD-010-C016,TST-PRD010-016,FRM-010,02-product/10-product-roadmap.md
REQ-PRD010-017,PRD-010-C017,TST-PRD010-017,FRM-010,02-product/10-product-roadmap.md
REQ-PRD010-018,PRD-010-C018,TST-PRD010-018,FRM-010,02-product/10-product-roadmap.md
REQ-ARC001-001,ARC-001-C001,TST-ARC001-001,FRM-010,03-architecture/01-context-trust-boundaries.md
REQ-ARC001-002,ARC-001-C002,TST-ARC001-002,FRM-010,03-architecture/01-context-trust-boundaries.md
REQ-ARC001-003,ARC-001-C003,TST-ARC001-003,FRM-010,03-architecture/01-context-trust-boundaries.md
REQ-ARC001-004,ARC-001-C004,TST-ARC001-004,FRM-010,03-architecture/01-context-trust-boundaries.md
REQ-ARC001-005,ARC-001-C005,TST-ARC001-005,FRM-010,03-architecture/01-context-trust-boundaries.md
REQ-ARC001-006,ARC-001-C006,TST-ARC001-006,FRM-010,03-architecture/01-context-trust-boundaries.md
REQ-ARC001-007,ARC-001-C007,TST-ARC001-007,FRM-010,03-architecture/01-context-trust-boundaries.md
REQ-ARC001-008,ARC-001-C008,TST-ARC001-008,FRM-010,03-architecture/01-context-trust-boundaries.md
REQ-ARC001-009,ARC-001-C009,TST-ARC001-009,FRM-010,03-architecture/01-context-trust-boundaries.md
REQ-ARC001-010,ARC-001-C010,TST-ARC001-010,FRM-010,03-architecture/01-context-trust-boundaries.md
REQ-ARC001-011,ARC-001-C011,TST-ARC001-011,FRM-010,03-architecture/01-context-trust-boundaries.md
REQ-ARC001-012,ARC-001-C012,TST-ARC001-012,FRM-010,03-architecture/01-context-trust-boundaries.md
REQ-ARC001-013,ARC-001-C013,TST-ARC001-013,FRM-010,03-architecture/01-context-trust-boundaries.md
REQ-ARC001-014,ARC-001-C014,TST-ARC001-014,FRM-010,03-architecture/01-context-trust-boundaries.md
REQ-ARC001-015,ARC-001-C015,TST-ARC001-015,FRM-010,03-architecture/01-context-trust-boundaries.md
REQ-ARC001-016,ARC-001-C016,TST-ARC001-016,FRM-010,03-architecture/01-context-trust-boundaries.md
REQ-ARC001-017,ARC-001-C017,TST-ARC001-017,FRM-010,03-architecture/01-context-trust-boundaries.md
REQ-ARC001-018,ARC-001-C018,TST-ARC001-018,FRM-010,03-architecture/01-context-trust-boundaries.md
REQ-ARC001-019,ARC-001-C019,TST-ARC001-019,FRM-010,03-architecture/01-context-trust-boundaries.md
REQ-ARC002-001,ARC-002-C001,TST-ARC002-001,FRM-010,03-architecture/02-logical-architecture.md
REQ-ARC002-002,ARC-002-C002,TST-ARC002-002,FRM-010,03-architecture/02-logical-architecture.md
REQ-ARC002-003,ARC-002-C003,TST-ARC002-003,FRM-010,03-architecture/02-logical-architecture.md
REQ-ARC002-004,ARC-002-C004,TST-ARC002-004,FRM-010,03-architecture/02-logical-architecture.md
REQ-ARC002-005,ARC-002-C005,TST-ARC002-005,FRM-010,03-architecture/02-logical-architecture.md
REQ-ARC002-006,ARC-002-C006,TST-ARC002-006,FRM-010,03-architecture/02-logical-architecture.md
REQ-ARC002-007,ARC-002-C007,TST-ARC002-007,FRM-010,03-architecture/02-logical-architecture.md
REQ-ARC002-008,ARC-002-C008,TST-ARC002-008,FRM-010,03-architecture/02-logical-architecture.md
REQ-ARC002-009,ARC-002-C009,TST-ARC002-009,FRM-010,03-architecture/02-logical-architecture.md
REQ-ARC002-010,ARC-002-C010,TST-ARC002-010,FRM-010,03-architecture/02-logical-architecture.md
REQ-ARC002-011,ARC-002-C011,TST-ARC002-011,FRM-010,03-architecture/02-logical-architecture.md
REQ-ARC002-012,ARC-002-C012,TST-ARC002-012,FRM-010,03-architecture/02-logical-architecture.md
REQ-ARC002-013,ARC-002-C013,TST-ARC002-013,FRM-010,03-architecture/02-logical-architecture.md
REQ-ARC002-014,ARC-002-C014,TST-ARC002-014,FRM-010,03-architecture/02-logical-architecture.md
REQ-ARC002-015,ARC-002-C015,TST-ARC002-015,FRM-010,03-architecture/02-logical-architecture.md
REQ-ARC002-016,ARC-002-C016,TST-ARC002-016,FRM-010,03-architecture/02-logical-architecture.md
REQ-ARC002-017,ARC-002-C017,TST-ARC002-017,FRM-010,03-architecture/02-logical-architecture.md
REQ-ARC002-018,ARC-002-C018,TST-ARC002-018,FRM-010,03-architecture/02-logical-architecture.md
REQ-ARC002-019,ARC-002-C019,TST-ARC002-019,FRM-010,03-architecture/02-logical-architecture.md
REQ-ARC002-020,ARC-002-C020,TST-ARC002-020,FRM-010,03-architecture/02-logical-architecture.md
REQ-ARC003-001,ARC-003-C001,TST-ARC003-001,FRM-010,03-architecture/03-deployment-architecture.md
REQ-ARC003-002,ARC-003-C002,TST-ARC003-002,FRM-010,03-architecture/03-deployment-architecture.md
REQ-ARC003-003,ARC-003-C003,TST-ARC003-003,FRM-010,03-architecture/03-deployment-architecture.md
REQ-ARC003-004,ARC-003-C004,TST-ARC003-004,FRM-010,03-architecture/03-deployment-architecture.md
REQ-ARC003-005,ARC-003-C005,TST-ARC003-005,FRM-010,03-architecture/03-deployment-architecture.md
REQ-ARC003-006,ARC-003-C006,TST-ARC003-006,FRM-010,03-architecture/03-deployment-architecture.md
REQ-ARC003-007,ARC-003-C007,TST-ARC003-007,FRM-010,03-architecture/03-deployment-architecture.md
REQ-ARC003-008,ARC-003-C008,TST-ARC003-008,FRM-010,03-architecture/03-deployment-architecture.md
REQ-ARC003-009,ARC-003-C009,TST-ARC003-009,FRM-010,03-architecture/03-deployment-architecture.md
REQ-ARC003-010,ARC-003-C010,TST-ARC003-010,FRM-010,03-architecture/03-deployment-architecture.md
REQ-ARC003-011,ARC-003-C011,TST-ARC003-011,FRM-010,03-architecture/03-deployment-architecture.md
REQ-ARC003-012,ARC-003-C012,TST-ARC003-012,FRM-010,03-architecture/03-deployment-architecture.md
REQ-ARC003-013,ARC-003-C013,TST-ARC003-013,FRM-010,03-architecture/03-deployment-architecture.md
REQ-ARC003-014,ARC-003-C014,TST-ARC003-014,FRM-010,03-architecture/03-deployment-architecture.md
REQ-ARC003-015,ARC-003-C015,TST-ARC003-015,FRM-010,03-architecture/03-deployment-architecture.md
REQ-ARC003-016,ARC-003-C016,TST-ARC003-016,FRM-010,03-architecture/03-deployment-architecture.md
REQ-ARC003-017,ARC-003-C017,TST-ARC003-017,FRM-010,03-architecture/03-deployment-architecture.md
REQ-ARC003-018,ARC-003-C018,TST-ARC003-018,FRM-010,03-architecture/03-deployment-architecture.md
REQ-ARC003-019,ARC-003-C019,TST-ARC003-019,FRM-010,03-architecture/03-deployment-architecture.md
REQ-ARC003-020,ARC-003-C020,TST-ARC003-020,FRM-010,03-architecture/03-deployment-architecture.md
REQ-ARC004-001,ARC-004-C001,TST-ARC004-001,FRM-010,03-architecture/04-evidence-data-model.md
REQ-ARC004-002,ARC-004-C002,TST-ARC004-002,FRM-010,03-architecture/04-evidence-data-model.md
REQ-ARC004-003,ARC-004-C003,TST-ARC004-003,FRM-010,03-architecture/04-evidence-data-model.md
REQ-ARC004-004,ARC-004-C004,TST-ARC004-004,FRM-010,03-architecture/04-evidence-data-model.md
REQ-ARC004-005,ARC-004-C005,TST-ARC004-005,FRM-010,03-architecture/04-evidence-data-model.md
REQ-ARC004-006,ARC-004-C006,TST-ARC004-006,FRM-010,03-architecture/04-evidence-data-model.md
REQ-ARC004-007,ARC-004-C007,TST-ARC004-007,FRM-010,03-architecture/04-evidence-data-model.md
REQ-ARC004-008,ARC-004-C008,TST-ARC004-008,FRM-010,03-architecture/04-evidence-data-model.md
REQ-ARC004-009,ARC-004-C009,TST-ARC004-009,FRM-010,03-architecture/04-evidence-data-model.md
REQ-ARC004-010,ARC-004-C010,TST-ARC004-010,FRM-010,03-architecture/04-evidence-data-model.md
REQ-ARC004-011,ARC-004-C011,TST-ARC004-011,FRM-010,03-architecture/04-evidence-data-model.md
REQ-ARC004-012,ARC-004-C012,TST-ARC004-012,FRM-010,03-architecture/04-evidence-data-model.md
REQ-ARC004-013,ARC-004-C013,TST-ARC004-013,FRM-010,03-architecture/04-evidence-data-model.md
REQ-ARC004-014,ARC-004-C014,TST-ARC004-014,FRM-010,03-architecture/04-evidence-data-model.md
REQ-ARC004-015,ARC-004-C015,TST-ARC004-015,FRM-010,03-architecture/04-evidence-data-model.md
REQ-ARC004-016,ARC-004-C016,TST-ARC004-016,FRM-010,03-architecture/04-evidence-data-model.md
REQ-ARC004-017,ARC-004-C017,TST-ARC004-017,FRM-010,03-architecture/04-evidence-data-model.md
REQ-ARC004-018,ARC-004-C018,TST-ARC004-018,FRM-010,03-architecture/04-evidence-data-model.md
REQ-ARC004-019,ARC-004-C019,TST-ARC004-019,FRM-010,03-architecture/04-evidence-data-model.md
REQ-ARC004-020,ARC-004-C020,TST-ARC004-020,FRM-010,03-architecture/04-evidence-data-model.md
REQ-ARC005-001,ARC-005-C001,TST-ARC005-001,FRM-010,03-architecture/05-provenance-chain-of-custody.md
REQ-ARC005-002,ARC-005-C002,TST-ARC005-002,FRM-010,03-architecture/05-provenance-chain-of-custody.md
REQ-ARC005-003,ARC-005-C003,TST-ARC005-003,FRM-010,03-architecture/05-provenance-chain-of-custody.md
REQ-ARC005-004,ARC-005-C004,TST-ARC005-004,FRM-010,03-architecture/05-provenance-chain-of-custody.md
REQ-ARC005-005,ARC-005-C005,TST-ARC005-005,FRM-010,03-architecture/05-provenance-chain-of-custody.md
REQ-ARC005-006,ARC-005-C006,TST-ARC005-006,FRM-010,03-architecture/05-provenance-chain-of-custody.md
REQ-ARC005-007,ARC-005-C007,TST-ARC005-007,FRM-010,03-architecture/05-provenance-chain-of-custody.md
REQ-ARC005-008,ARC-005-C008,TST-ARC005-008,FRM-010,03-architecture/05-provenance-chain-of-custody.md
REQ-ARC005-009,ARC-005-C009,TST-ARC005-009,FRM-010,03-architecture/05-provenance-chain-of-custody.md
REQ-ARC005-010,ARC-005-C010,TST-ARC005-010,FRM-010,03-architecture/05-provenance-chain-of-custody.md
REQ-ARC005-011,ARC-005-C011,TST-ARC005-011,FRM-010,03-architecture/05-provenance-chain-of-custody.md
REQ-ARC005-012,ARC-005-C012,TST-ARC005-012,FRM-010,03-architecture/05-provenance-chain-of-custody.md
REQ-ARC005-013,ARC-005-C013,TST-ARC005-013,FRM-010,03-architecture/05-provenance-chain-of-custody.md
REQ-ARC005-014,ARC-005-C014,TST-ARC005-014,FRM-010,03-architecture/05-provenance-chain-of-custody.md
REQ-ARC005-015,ARC-005-C015,TST-ARC005-015,FRM-010,03-architecture/05-provenance-chain-of-custody.md
REQ-ARC005-016,ARC-005-C016,TST-ARC005-016,FRM-010,03-architecture/05-provenance-chain-of-custody.md
REQ-ARC005-017,ARC-005-C017,TST-ARC005-017,FRM-010,03-architecture/05-provenance-chain-of-custody.md
REQ-ARC005-018,ARC-005-C018,TST-ARC005-018,FRM-010,03-architecture/05-provenance-chain-of-custody.md
REQ-ARC005-019,ARC-005-C019,TST-ARC005-019,FRM-010,03-architecture/05-provenance-chain-of-custody.md
REQ-ARC005-020,ARC-005-C020,TST-ARC005-020,FRM-010,03-architecture/05-provenance-chain-of-custody.md
REQ-ARC006-001,ARC-006-C001,TST-ARC006-001,FRM-010,03-architecture/06-node-data-source-governance.md
REQ-ARC006-002,ARC-006-C002,TST-ARC006-002,FRM-010,03-architecture/06-node-data-source-governance.md
REQ-ARC006-003,ARC-006-C003,TST-ARC006-003,FRM-010,03-architecture/06-node-data-source-governance.md
REQ-ARC006-004,ARC-006-C004,TST-ARC006-004,FRM-010,03-architecture/06-node-data-source-governance.md
REQ-ARC006-005,ARC-006-C005,TST-ARC006-005,FRM-010,03-architecture/06-node-data-source-governance.md
REQ-ARC006-006,ARC-006-C006,TST-ARC006-006,FRM-010,03-architecture/06-node-data-source-governance.md
REQ-ARC006-007,ARC-006-C007,TST-ARC006-007,FRM-010,03-architecture/06-node-data-source-governance.md
REQ-ARC006-008,ARC-006-C008,TST-ARC006-008,FRM-010,03-architecture/06-node-data-source-governance.md
REQ-ARC006-009,ARC-006-C009,TST-ARC006-009,FRM-010,03-architecture/06-node-data-source-governance.md
REQ-ARC006-010,ARC-006-C010,TST-ARC006-010,FRM-010,03-architecture/06-node-data-source-governance.md
REQ-ARC006-011,ARC-006-C011,TST-ARC006-011,FRM-010,03-architecture/06-node-data-source-governance.md
REQ-ARC006-012,ARC-006-C012,TST-ARC006-012,FRM-010,03-architecture/06-node-data-source-governance.md
REQ-ARC006-013,ARC-006-C013,TST-ARC006-013,FRM-010,03-architecture/06-node-data-source-governance.md
REQ-ARC006-014,ARC-006-C014,TST-ARC006-014,FRM-010,03-architecture/06-node-data-source-governance.md
REQ-ARC006-015,ARC-006-C015,TST-ARC006-015,FRM-010,03-architecture/06-node-data-source-governance.md
REQ-ARC006-016,ARC-006-C016,TST-ARC006-016,FRM-010,03-architecture/06-node-data-source-governance.md
REQ-ARC006-017,ARC-006-C017,TST-ARC006-017,FRM-010,03-architecture/06-node-data-source-governance.md
REQ-ARC006-018,ARC-006-C018,TST-ARC006-018,FRM-010,03-architecture/06-node-data-source-governance.md
REQ-ARC006-019,ARC-006-C019,TST-ARC006-019,FRM-010,03-architecture/06-node-data-source-governance.md
REQ-ARC006-020,ARC-006-C020,TST-ARC006-020,FRM-010,03-architecture/06-node-data-source-governance.md
REQ-ARC007-001,ARC-007-C001,TST-ARC007-001,FRM-010,03-architecture/07-security-architecture.md
REQ-ARC007-002,ARC-007-C002,TST-ARC007-002,FRM-010,03-architecture/07-security-architecture.md
REQ-ARC007-003,ARC-007-C003,TST-ARC007-003,FRM-010,03-architecture/07-security-architecture.md
REQ-ARC007-004,ARC-007-C004,TST-ARC007-004,FRM-010,03-architecture/07-security-architecture.md
REQ-ARC007-005,ARC-007-C005,TST-ARC007-005,FRM-010,03-architecture/07-security-architecture.md
REQ-ARC007-006,ARC-007-C006,TST-ARC007-006,FRM-010,03-architecture/07-security-architecture.md
REQ-ARC007-007,ARC-007-C007,TST-ARC007-007,FRM-010,03-architecture/07-security-architecture.md
REQ-ARC007-008,ARC-007-C008,TST-ARC007-008,FRM-010,03-architecture/07-security-architecture.md
REQ-ARC007-009,ARC-007-C009,TST-ARC007-009,FRM-010,03-architecture/07-security-architecture.md
REQ-ARC007-010,ARC-007-C010,TST-ARC007-010,FRM-010,03-architecture/07-security-architecture.md
REQ-ARC007-011,ARC-007-C011,TST-ARC007-011,FRM-010,03-architecture/07-security-architecture.md
REQ-ARC007-012,ARC-007-C012,TST-ARC007-012,FRM-010,03-architecture/07-security-architecture.md
REQ-ARC007-013,ARC-007-C013,TST-ARC007-013,FRM-010,03-architecture/07-security-architecture.md
REQ-ARC007-014,ARC-007-C014,TST-ARC007-014,FRM-010,03-architecture/07-security-architecture.md
REQ-ARC007-015,ARC-007-C015,TST-ARC007-015,FRM-010,03-architecture/07-security-architecture.md
REQ-ARC007-016,ARC-007-C016,TST-ARC007-016,FRM-010,03-architecture/07-security-architecture.md
REQ-ARC007-017,ARC-007-C017,TST-ARC007-017,FRM-010,03-architecture/07-security-architecture.md
REQ-ARC007-018,ARC-007-C018,TST-ARC007-018,FRM-010,03-architecture/07-security-architecture.md
REQ-ARC007-019,ARC-007-C019,TST-ARC007-019,FRM-010,03-architecture/07-security-architecture.md
REQ-ARC007-020,ARC-007-C020,TST-ARC007-020,FRM-010,03-architecture/07-security-architecture.md
REQ-ARC008-001,ARC-008-C001,TST-ARC008-001,FRM-010,03-architecture/08-observability-audit.md
REQ-ARC008-002,ARC-008-C002,TST-ARC008-002,FRM-010,03-architecture/08-observability-audit.md
REQ-ARC008-003,ARC-008-C003,TST-ARC008-003,FRM-010,03-architecture/08-observability-audit.md
REQ-ARC008-004,ARC-008-C004,TST-ARC008-004,FRM-010,03-architecture/08-observability-audit.md
REQ-ARC008-005,ARC-008-C005,TST-ARC008-005,FRM-010,03-architecture/08-observability-audit.md
REQ-ARC008-006,ARC-008-C006,TST-ARC008-006,FRM-010,03-architecture/08-observability-audit.md
REQ-ARC008-007,ARC-008-C007,TST-ARC008-007,FRM-010,03-architecture/08-observability-audit.md
REQ-ARC008-008,ARC-008-C008,TST-ARC008-008,FRM-010,03-architecture/08-observability-audit.md
REQ-ARC008-009,ARC-008-C009,TST-ARC008-009,FRM-010,03-architecture/08-observability-audit.md
REQ-ARC008-010,ARC-008-C010,TST-ARC008-010,FRM-010,03-architecture/08-observability-audit.md
REQ-ARC008-011,ARC-008-C011,TST-ARC008-011,FRM-010,03-architecture/08-observability-audit.md
REQ-ARC008-012,ARC-008-C012,TST-ARC008-012,FRM-010,03-architecture/08-observability-audit.md
REQ-ARC008-013,ARC-008-C013,TST-ARC008-013,FRM-010,03-architecture/08-observability-audit.md
REQ-ARC008-014,ARC-008-C014,TST-ARC008-014,FRM-010,03-architecture/08-observability-audit.md
REQ-ARC008-015,ARC-008-C015,TST-ARC008-015,FRM-010,03-architecture/08-observability-audit.md
REQ-ARC008-016,ARC-008-C016,TST-ARC008-016,FRM-010,03-architecture/08-observability-audit.md
REQ-ARC008-017,ARC-008-C017,TST-ARC008-017,FRM-010,03-architecture/08-observability-audit.md
REQ-ARC008-018,ARC-008-C018,TST-ARC008-018,FRM-010,03-architecture/08-observability-audit.md
REQ-ARC008-019,ARC-008-C019,TST-ARC008-019,FRM-010,03-architecture/08-observability-audit.md
REQ-ARC008-020,ARC-008-C020,TST-ARC008-020,FRM-010,03-architecture/08-observability-audit.md
REQ-ARC009-001,ARC-009-C001,TST-ARC009-001,FRM-010,03-architecture/09-backup-disaster-recovery.md
REQ-ARC009-002,ARC-009-C002,TST-ARC009-002,FRM-010,03-architecture/09-backup-disaster-recovery.md
REQ-ARC009-003,ARC-009-C003,TST-ARC009-003,FRM-010,03-architecture/09-backup-disaster-recovery.md
REQ-ARC009-004,ARC-009-C004,TST-ARC009-004,FRM-010,03-architecture/09-backup-disaster-recovery.md
REQ-ARC009-005,ARC-009-C005,TST-ARC009-005,FRM-010,03-architecture/09-backup-disaster-recovery.md
REQ-ARC009-006,ARC-009-C006,TST-ARC009-006,FRM-010,03-architecture/09-backup-disaster-recovery.md
REQ-ARC009-007,ARC-009-C007,TST-ARC009-007,FRM-010,03-architecture/09-backup-disaster-recovery.md
REQ-ARC009-008,ARC-009-C008,TST-ARC009-008,FRM-010,03-architecture/09-backup-disaster-recovery.md
REQ-ARC009-009,ARC-009-C009,TST-ARC009-009,FRM-010,03-architecture/09-backup-disaster-recovery.md
REQ-ARC009-010,ARC-009-C010,TST-ARC009-010,FRM-010,03-architecture/09-backup-disaster-recovery.md
REQ-ARC009-011,ARC-009-C011,TST-ARC009-011,FRM-010,03-architecture/09-backup-disaster-recovery.md
REQ-ARC009-012,ARC-009-C012,TST-ARC009-012,FRM-010,03-architecture/09-backup-disaster-recovery.md
REQ-ARC009-013,ARC-009-C013,TST-ARC009-013,FRM-010,03-architecture/09-backup-disaster-recovery.md
REQ-ARC009-014,ARC-009-C014,TST-ARC009-014,FRM-010,03-architecture/09-backup-disaster-recovery.md
REQ-ARC009-015,ARC-009-C015,TST-ARC009-015,FRM-010,03-architecture/09-backup-disaster-recovery.md
REQ-ARC009-016,ARC-009-C016,TST-ARC009-016,FRM-010,03-architecture/09-backup-disaster-recovery.md
REQ-ARC009-017,ARC-009-C017,TST-ARC009-017,FRM-010,03-architecture/09-backup-disaster-recovery.md
REQ-ARC009-018,ARC-009-C018,TST-ARC009-018,FRM-010,03-architecture/09-backup-disaster-recovery.md
REQ-ARC009-019,ARC-009-C019,TST-ARC009-019,FRM-010,03-architecture/09-backup-disaster-recovery.md
REQ-ARC009-020,ARC-009-C020,TST-ARC009-020,FRM-010,03-architecture/09-backup-disaster-recovery.md
REQ-ARC010-001,ARC-010-C001,TST-ARC010-001,FRM-010,03-architecture/10-api-integration-contracts.md
REQ-ARC010-002,ARC-010-C002,TST-ARC010-002,FRM-010,03-architecture/10-api-integration-contracts.md
REQ-ARC010-003,ARC-010-C003,TST-ARC010-003,FRM-010,03-architecture/10-api-integration-contracts.md
REQ-ARC010-004,ARC-010-C004,TST-ARC010-004,FRM-010,03-architecture/10-api-integration-contracts.md
REQ-ARC010-005,ARC-010-C005,TST-ARC010-005,FRM-010,03-architecture/10-api-integration-contracts.md
REQ-ARC010-006,ARC-010-C006,TST-ARC010-006,FRM-010,03-architecture/10-api-integration-contracts.md
REQ-ARC010-007,ARC-010-C007,TST-ARC010-007,FRM-010,03-architecture/10-api-integration-contracts.md
REQ-ARC010-008,ARC-010-C008,TST-ARC010-008,FRM-010,03-architecture/10-api-integration-contracts.md
REQ-ARC010-009,ARC-010-C009,TST-ARC010-009,FRM-010,03-architecture/10-api-integration-contracts.md
REQ-ARC010-010,ARC-010-C010,TST-ARC010-010,FRM-010,03-architecture/10-api-integration-contracts.md
REQ-ARC010-011,ARC-010-C011,TST-ARC010-011,FRM-010,03-architecture/10-api-integration-contracts.md
REQ-ARC010-012,ARC-010-C012,TST-ARC010-012,FRM-010,03-architecture/10-api-integration-contracts.md
REQ-ARC010-013,ARC-010-C013,TST-ARC010-013,FRM-010,03-architecture/10-api-integration-contracts.md
REQ-ARC010-014,ARC-010-C014,TST-ARC010-014,FRM-010,03-architecture/10-api-integration-contracts.md
REQ-ARC010-015,ARC-010-C015,TST-ARC010-015,FRM-010,03-architecture/10-api-integration-contracts.md
REQ-ARC010-016,ARC-010-C016,TST-ARC010-016,FRM-010,03-architecture/10-api-integration-contracts.md
REQ-ARC010-017,ARC-010-C017,TST-ARC010-017,FRM-010,03-architecture/10-api-integration-contracts.md
REQ-ARC010-018,ARC-010-C018,TST-ARC010-018,FRM-010,03-architecture/10-api-integration-contracts.md
REQ-ARC010-019,ARC-010-C019,TST-ARC010-019,FRM-010,03-architecture/10-api-integration-contracts.md
REQ-ARC010-020,ARC-010-C020,TST-ARC010-020,FRM-010,03-architecture/10-api-integration-contracts.md
REQ-MTH001-001,MTH-001-C001,TST-MTH001-001,FRM-008,04-methods/01-general-method-framework.md
REQ-MTH001-002,MTH-001-C002,TST-MTH001-002,FRM-008,04-methods/01-general-method-framework.md
REQ-MTH001-003,MTH-001-C003,TST-MTH001-003,FRM-008,04-methods/01-general-method-framework.md
REQ-MTH001-004,MTH-001-C004,TST-MTH001-004,FRM-008,04-methods/01-general-method-framework.md
REQ-MTH001-005,MTH-001-C005,TST-MTH001-005,FRM-008,04-methods/01-general-method-framework.md
REQ-MTH001-006,MTH-001-C006,TST-MTH001-006,FRM-008,04-methods/01-general-method-framework.md
REQ-MTH001-007,MTH-001-C007,TST-MTH001-007,FRM-008,04-methods/01-general-method-framework.md
REQ-MTH001-008,MTH-001-C008,TST-MTH001-008,FRM-008,04-methods/01-general-method-framework.md
REQ-MTH001-009,MTH-001-C009,TST-MTH001-009,FRM-008,04-methods/01-general-method-framework.md
REQ-MTH001-010,MTH-001-C010,TST-MTH001-010,FRM-008,04-methods/01-general-method-framework.md
REQ-MTH001-011,MTH-001-C011,TST-MTH001-011,FRM-008,04-methods/01-general-method-framework.md
REQ-MTH001-012,MTH-001-C012,TST-MTH001-012,FRM-008,04-methods/01-general-method-framework.md
REQ-MTH001-013,MTH-001-C013,TST-MTH001-013,FRM-008,04-methods/01-general-method-framework.md
REQ-MTH001-014,MTH-001-C014,TST-MTH001-014,FRM-008,04-methods/01-general-method-framework.md
REQ-MTH001-015,MTH-001-C015,TST-MTH001-015,FRM-008,04-methods/01-general-method-framework.md
REQ-MTH001-016,MTH-001-C016,TST-MTH001-016,FRM-008,04-methods/01-general-method-framework.md
REQ-MTH001-017,MTH-001-C017,TST-MTH001-017,FRM-008,04-methods/01-general-method-framework.md
REQ-MTH001-018,MTH-001-C018,TST-MTH001-018,FRM-008,04-methods/01-general-method-framework.md
REQ-MTH001-019,MTH-001-C019,TST-MTH001-019,FRM-008,04-methods/01-general-method-framework.md
REQ-MTH001-020,MTH-001-C020,TST-MTH001-020,FRM-008,04-methods/01-general-method-framework.md
REQ-MTH001-021,MTH-001-C021,TST-MTH001-021,FRM-008,04-methods/01-general-method-framework.md
REQ-MBTC001-001,M-BTC-001-C001,TST-MBTC001-001,FRM-008,04-methods/02-bitcoin-utxo-acquisition-tracing.md
REQ-MBTC001-002,M-BTC-001-C002,TST-MBTC001-002,FRM-008,04-methods/02-bitcoin-utxo-acquisition-tracing.md
REQ-MBTC001-003,M-BTC-001-C003,TST-MBTC001-003,FRM-008,04-methods/02-bitcoin-utxo-acquisition-tracing.md
REQ-MBTC001-004,M-BTC-001-C004,TST-MBTC001-004,FRM-008,04-methods/02-bitcoin-utxo-acquisition-tracing.md
REQ-MBTC001-005,M-BTC-001-C005,TST-MBTC001-005,FRM-008,04-methods/02-bitcoin-utxo-acquisition-tracing.md
REQ-MBTC001-006,M-BTC-001-C006,TST-MBTC001-006,FRM-008,04-methods/02-bitcoin-utxo-acquisition-tracing.md
REQ-MBTC001-007,M-BTC-001-C007,TST-MBTC001-007,FRM-008,04-methods/02-bitcoin-utxo-acquisition-tracing.md
REQ-MBTC001-008,M-BTC-001-C008,TST-MBTC001-008,FRM-008,04-methods/02-bitcoin-utxo-acquisition-tracing.md
REQ-MBTC001-009,M-BTC-001-C009,TST-MBTC001-009,FRM-008,04-methods/02-bitcoin-utxo-acquisition-tracing.md
REQ-MBTC001-010,M-BTC-001-C010,TST-MBTC001-010,FRM-008,04-methods/02-bitcoin-utxo-acquisition-tracing.md
REQ-MBTC001-011,M-BTC-001-C011,TST-MBTC001-011,FRM-008,04-methods/02-bitcoin-utxo-acquisition-tracing.md
REQ-MBTC001-012,M-BTC-001-C012,TST-MBTC001-012,FRM-008,04-methods/02-bitcoin-utxo-acquisition-tracing.md
REQ-MBTC001-013,M-BTC-001-C013,TST-MBTC001-013,FRM-008,04-methods/02-bitcoin-utxo-acquisition-tracing.md
REQ-MBTC001-014,M-BTC-001-C014,TST-MBTC001-014,FRM-008,04-methods/02-bitcoin-utxo-acquisition-tracing.md
REQ-MBTC001-015,M-BTC-001-C015,TST-MBTC001-015,FRM-008,04-methods/02-bitcoin-utxo-acquisition-tracing.md
REQ-MBTC001-016,M-BTC-001-C016,TST-MBTC001-016,FRM-008,04-methods/02-bitcoin-utxo-acquisition-tracing.md
REQ-MBTC001-017,M-BTC-001-C017,TST-MBTC001-017,FRM-008,04-methods/02-bitcoin-utxo-acquisition-tracing.md
REQ-MBTC001-018,M-BTC-001-C018,TST-MBTC001-018,FRM-008,04-methods/02-bitcoin-utxo-acquisition-tracing.md
REQ-MBTC001-019,M-BTC-001-C019,TST-MBTC001-019,FRM-008,04-methods/02-bitcoin-utxo-acquisition-tracing.md
REQ-MBTC001-020,M-BTC-001-C020,TST-MBTC001-020,FRM-008,04-methods/02-bitcoin-utxo-acquisition-tracing.md
REQ-MBTC001-021,M-BTC-001-C021,TST-MBTC001-021,FRM-008,04-methods/02-bitcoin-utxo-acquisition-tracing.md
REQ-MBTC001-022,M-BTC-001-C022,TST-MBTC001-022,FRM-008,04-methods/02-bitcoin-utxo-acquisition-tracing.md
REQ-MBTC001-023,M-BTC-001-C023,TST-MBTC001-023,FRM-008,04-methods/02-bitcoin-utxo-acquisition-tracing.md
REQ-MEVM001-001,M-EVM-001-C001,TST-MEVM001-001,FRM-008,04-methods/03-evm-acquisition-execution.md
REQ-MEVM001-002,M-EVM-001-C002,TST-MEVM001-002,FRM-008,04-methods/03-evm-acquisition-execution.md
REQ-MEVM001-003,M-EVM-001-C003,TST-MEVM001-003,FRM-008,04-methods/03-evm-acquisition-execution.md
REQ-MEVM001-004,M-EVM-001-C004,TST-MEVM001-004,FRM-008,04-methods/03-evm-acquisition-execution.md
REQ-MEVM001-005,M-EVM-001-C005,TST-MEVM001-005,FRM-008,04-methods/03-evm-acquisition-execution.md
REQ-MEVM001-006,M-EVM-001-C006,TST-MEVM001-006,FRM-008,04-methods/03-evm-acquisition-execution.md
REQ-MEVM001-007,M-EVM-001-C007,TST-MEVM001-007,FRM-008,04-methods/03-evm-acquisition-execution.md
REQ-MEVM001-008,M-EVM-001-C008,TST-MEVM001-008,FRM-008,04-methods/03-evm-acquisition-execution.md
REQ-MEVM001-009,M-EVM-001-C009,TST-MEVM001-009,FRM-008,04-methods/03-evm-acquisition-execution.md
REQ-MEVM001-010,M-EVM-001-C010,TST-MEVM001-010,FRM-008,04-methods/03-evm-acquisition-execution.md
REQ-MEVM001-011,M-EVM-001-C011,TST-MEVM001-011,FRM-008,04-methods/03-evm-acquisition-execution.md
REQ-MEVM001-012,M-EVM-001-C012,TST-MEVM001-012,FRM-008,04-methods/03-evm-acquisition-execution.md
REQ-MEVM001-013,M-EVM-001-C013,TST-MEVM001-013,FRM-008,04-methods/03-evm-acquisition-execution.md
REQ-MEVM001-014,M-EVM-001-C014,TST-MEVM001-014,FRM-008,04-methods/03-evm-acquisition-execution.md
REQ-MEVM001-015,M-EVM-001-C015,TST-MEVM001-015,FRM-008,04-methods/03-evm-acquisition-execution.md
REQ-MEVM001-016,M-EVM-001-C016,TST-MEVM001-016,FRM-008,04-methods/03-evm-acquisition-execution.md
REQ-MEVM001-017,M-EVM-001-C017,TST-MEVM001-017,FRM-008,04-methods/03-evm-acquisition-execution.md
REQ-MEVM001-018,M-EVM-001-C018,TST-MEVM001-018,FRM-008,04-methods/03-evm-acquisition-execution.md
REQ-MEVM001-019,M-EVM-001-C019,TST-MEVM001-019,FRM-008,04-methods/03-evm-acquisition-execution.md
REQ-MEVM001-020,M-EVM-001-C020,TST-MEVM001-020,FRM-008,04-methods/03-evm-acquisition-execution.md
REQ-MEVM001-021,M-EVM-001-C021,TST-MEVM001-021,FRM-008,04-methods/03-evm-acquisition-execution.md
REQ-MEVM001-022,M-EVM-001-C022,TST-MEVM001-022,FRM-008,04-methods/03-evm-acquisition-execution.md
REQ-MEVM001-023,M-EVM-001-C023,TST-MEVM001-023,FRM-008,04-methods/03-evm-acquisition-execution.md
REQ-MEVM001-024,M-EVM-001-C024,TST-MEVM001-024,FRM-008,04-methods/03-evm-acquisition-execution.md
REQ-MEVM001-025,M-EVM-001-C025,TST-MEVM001-025,FRM-008,04-methods/03-evm-acquisition-execution.md
REQ-MTRON001-001,M-TRON-001-C001,TST-MTRON001-001,FRM-008,04-methods/04-tron-acquisition-analysis.md
REQ-MTRON001-002,M-TRON-001-C002,TST-MTRON001-002,FRM-008,04-methods/04-tron-acquisition-analysis.md
REQ-MTRON001-003,M-TRON-001-C003,TST-MTRON001-003,FRM-008,04-methods/04-tron-acquisition-analysis.md
REQ-MTRON001-004,M-TRON-001-C004,TST-MTRON001-004,FRM-008,04-methods/04-tron-acquisition-analysis.md
REQ-MTRON001-005,M-TRON-001-C005,TST-MTRON001-005,FRM-008,04-methods/04-tron-acquisition-analysis.md
REQ-MTRON001-006,M-TRON-001-C006,TST-MTRON001-006,FRM-008,04-methods/04-tron-acquisition-analysis.md
REQ-MTRON001-007,M-TRON-001-C007,TST-MTRON001-007,FRM-008,04-methods/04-tron-acquisition-analysis.md
REQ-MTRON001-008,M-TRON-001-C008,TST-MTRON001-008,FRM-008,04-methods/04-tron-acquisition-analysis.md
REQ-MTRON001-009,M-TRON-001-C009,TST-MTRON001-009,FRM-008,04-methods/04-tron-acquisition-analysis.md
REQ-MTRON001-010,M-TRON-001-C010,TST-MTRON001-010,FRM-008,04-methods/04-tron-acquisition-analysis.md
REQ-MTRON001-011,M-TRON-001-C011,TST-MTRON001-011,FRM-008,04-methods/04-tron-acquisition-analysis.md
REQ-MTRON001-012,M-TRON-001-C012,TST-MTRON001-012,FRM-008,04-methods/04-tron-acquisition-analysis.md
REQ-MTRON001-013,M-TRON-001-C013,TST-MTRON001-013,FRM-008,04-methods/04-tron-acquisition-analysis.md
REQ-MTRON001-014,M-TRON-001-C014,TST-MTRON001-014,FRM-008,04-methods/04-tron-acquisition-analysis.md
REQ-MTRON001-015,M-TRON-001-C015,TST-MTRON001-015,FRM-008,04-methods/04-tron-acquisition-analysis.md
REQ-MTRON001-016,M-TRON-001-C016,TST-MTRON001-016,FRM-008,04-methods/04-tron-acquisition-analysis.md
REQ-MTRON001-017,M-TRON-001-C017,TST-MTRON001-017,FRM-008,04-methods/04-tron-acquisition-analysis.md
REQ-MTRON001-018,M-TRON-001-C018,TST-MTRON001-018,FRM-008,04-methods/04-tron-acquisition-analysis.md
REQ-MTRON001-019,M-TRON-001-C019,TST-MTRON001-019,FRM-008,04-methods/04-tron-acquisition-analysis.md
REQ-MTRON001-020,M-TRON-001-C020,TST-MTRON001-020,FRM-008,04-methods/04-tron-acquisition-analysis.md
REQ-MTRON001-021,M-TRON-001-C021,TST-MTRON001-021,FRM-008,04-methods/04-tron-acquisition-analysis.md
REQ-MTRON001-022,M-TRON-001-C022,TST-MTRON001-022,FRM-008,04-methods/04-tron-acquisition-analysis.md
REQ-MTRON001-023,M-TRON-001-C023,TST-MTRON001-023,FRM-008,04-methods/04-tron-acquisition-analysis.md
REQ-MXCHAIN001-001,M-XCHAIN-001-C001,TST-MXCHAIN001-001,FRM-008,04-methods/05-cross-chain-bridge-correlation.md
REQ-MXCHAIN001-002,M-XCHAIN-001-C002,TST-MXCHAIN001-002,FRM-008,04-methods/05-cross-chain-bridge-correlation.md
REQ-MXCHAIN001-003,M-XCHAIN-001-C003,TST-MXCHAIN001-003,FRM-008,04-methods/05-cross-chain-bridge-correlation.md
REQ-MXCHAIN001-004,M-XCHAIN-001-C004,TST-MXCHAIN001-004,FRM-008,04-methods/05-cross-chain-bridge-correlation.md
REQ-MXCHAIN001-005,M-XCHAIN-001-C005,TST-MXCHAIN001-005,FRM-008,04-methods/05-cross-chain-bridge-correlation.md
REQ-MXCHAIN001-006,M-XCHAIN-001-C006,TST-MXCHAIN001-006,FRM-008,04-methods/05-cross-chain-bridge-correlation.md
REQ-MXCHAIN001-007,M-XCHAIN-001-C007,TST-MXCHAIN001-007,FRM-008,04-methods/05-cross-chain-bridge-correlation.md
REQ-MXCHAIN001-008,M-XCHAIN-001-C008,TST-MXCHAIN001-008,FRM-008,04-methods/05-cross-chain-bridge-correlation.md
REQ-MXCHAIN001-009,M-XCHAIN-001-C009,TST-MXCHAIN001-009,FRM-008,04-methods/05-cross-chain-bridge-correlation.md
REQ-MXCHAIN001-010,M-XCHAIN-001-C010,TST-MXCHAIN001-010,FRM-008,04-methods/05-cross-chain-bridge-correlation.md
REQ-MXCHAIN001-011,M-XCHAIN-001-C011,TST-MXCHAIN001-011,FRM-008,04-methods/05-cross-chain-bridge-correlation.md
REQ-MXCHAIN001-012,M-XCHAIN-001-C012,TST-MXCHAIN001-012,FRM-008,04-methods/05-cross-chain-bridge-correlation.md
REQ-MXCHAIN001-013,M-XCHAIN-001-C013,TST-MXCHAIN001-013,FRM-008,04-methods/05-cross-chain-bridge-correlation.md
REQ-MXCHAIN001-014,M-XCHAIN-001-C014,TST-MXCHAIN001-014,FRM-008,04-methods/05-cross-chain-bridge-correlation.md
REQ-MXCHAIN001-015,M-XCHAIN-001-C015,TST-MXCHAIN001-015,FRM-008,04-methods/05-cross-chain-bridge-correlation.md
REQ-MXCHAIN001-016,M-XCHAIN-001-C016,TST-MXCHAIN001-016,FRM-008,04-methods/05-cross-chain-bridge-correlation.md
REQ-MXCHAIN001-017,M-XCHAIN-001-C017,TST-MXCHAIN001-017,FRM-008,04-methods/05-cross-chain-bridge-correlation.md
REQ-MXCHAIN001-018,M-XCHAIN-001-C018,TST-MXCHAIN001-018,FRM-008,04-methods/05-cross-chain-bridge-correlation.md
REQ-MXCHAIN001-019,M-XCHAIN-001-C019,TST-MXCHAIN001-019,FRM-008,04-methods/05-cross-chain-bridge-correlation.md
REQ-MXCHAIN001-020,M-XCHAIN-001-C020,TST-MXCHAIN001-020,FRM-008,04-methods/05-cross-chain-bridge-correlation.md
REQ-MXCHAIN001-021,M-XCHAIN-001-C021,TST-MXCHAIN001-021,FRM-008,04-methods/05-cross-chain-bridge-correlation.md
REQ-MXCHAIN001-022,M-XCHAIN-001-C022,TST-MXCHAIN001-022,FRM-008,04-methods/05-cross-chain-bridge-correlation.md
REQ-MXCHAIN001-023,M-XCHAIN-001-C023,TST-MXCHAIN001-023,FRM-008,04-methods/05-cross-chain-bridge-correlation.md
REQ-MXCHAIN001-024,M-XCHAIN-001-C024,TST-MXCHAIN001-024,FRM-008,04-methods/05-cross-chain-bridge-correlation.md
REQ-MXCHAIN001-025,M-XCHAIN-001-C025,TST-MXCHAIN001-025,FRM-008,04-methods/05-cross-chain-bridge-correlation.md
REQ-MDEFI001-001,M-DEFI-001-C001,TST-MDEFI001-001,FRM-008,04-methods/06-defi-economic-flow.md
REQ-MDEFI001-002,M-DEFI-001-C002,TST-MDEFI001-002,FRM-008,04-methods/06-defi-economic-flow.md
REQ-MDEFI001-003,M-DEFI-001-C003,TST-MDEFI001-003,FRM-008,04-methods/06-defi-economic-flow.md
REQ-MDEFI001-004,M-DEFI-001-C004,TST-MDEFI001-004,FRM-008,04-methods/06-defi-economic-flow.md
REQ-MDEFI001-005,M-DEFI-001-C005,TST-MDEFI001-005,FRM-008,04-methods/06-defi-economic-flow.md
REQ-MDEFI001-006,M-DEFI-001-C006,TST-MDEFI001-006,FRM-008,04-methods/06-defi-economic-flow.md
REQ-MDEFI001-007,M-DEFI-001-C007,TST-MDEFI001-007,FRM-008,04-methods/06-defi-economic-flow.md
REQ-MDEFI001-008,M-DEFI-001-C008,TST-MDEFI001-008,FRM-008,04-methods/06-defi-economic-flow.md
REQ-MDEFI001-009,M-DEFI-001-C009,TST-MDEFI001-009,FRM-008,04-methods/06-defi-economic-flow.md
REQ-MDEFI001-010,M-DEFI-001-C010,TST-MDEFI001-010,FRM-008,04-methods/06-defi-economic-flow.md
REQ-MDEFI001-011,M-DEFI-001-C011,TST-MDEFI001-011,FRM-008,04-methods/06-defi-economic-flow.md
REQ-MDEFI001-012,M-DEFI-001-C012,TST-MDEFI001-012,FRM-008,04-methods/06-defi-economic-flow.md
REQ-MDEFI001-013,M-DEFI-001-C013,TST-MDEFI001-013,FRM-008,04-methods/06-defi-economic-flow.md
REQ-MDEFI001-014,M-DEFI-001-C014,TST-MDEFI001-014,FRM-008,04-methods/06-defi-economic-flow.md
REQ-MDEFI001-015,M-DEFI-001-C015,TST-MDEFI001-015,FRM-008,04-methods/06-defi-economic-flow.md
REQ-MDEFI001-016,M-DEFI-001-C016,TST-MDEFI001-016,FRM-008,04-methods/06-defi-economic-flow.md
REQ-MDEFI001-017,M-DEFI-001-C017,TST-MDEFI001-017,FRM-008,04-methods/06-defi-economic-flow.md
REQ-MDEFI001-018,M-DEFI-001-C018,TST-MDEFI001-018,FRM-008,04-methods/06-defi-economic-flow.md
REQ-MDEFI001-019,M-DEFI-001-C019,TST-MDEFI001-019,FRM-008,04-methods/06-defi-economic-flow.md
REQ-MDEFI001-020,M-DEFI-001-C020,TST-MDEFI001-020,FRM-008,04-methods/06-defi-economic-flow.md
REQ-MDEFI001-021,M-DEFI-001-C021,TST-MDEFI001-021,FRM-008,04-methods/06-defi-economic-flow.md
REQ-MDEFI001-022,M-DEFI-001-C022,TST-MDEFI001-022,FRM-008,04-methods/06-defi-economic-flow.md
REQ-MDEFI001-023,M-DEFI-001-C023,TST-MDEFI001-023,FRM-008,04-methods/06-defi-economic-flow.md
REQ-MMIX001-001,M-MIX-001-C001,TST-MMIX001-001,FRM-008,04-methods/07-mixer-coinjoin-analysis.md
REQ-MMIX001-002,M-MIX-001-C002,TST-MMIX001-002,FRM-008,04-methods/07-mixer-coinjoin-analysis.md
REQ-MMIX001-003,M-MIX-001-C003,TST-MMIX001-003,FRM-008,04-methods/07-mixer-coinjoin-analysis.md
REQ-MMIX001-004,M-MIX-001-C004,TST-MMIX001-004,FRM-008,04-methods/07-mixer-coinjoin-analysis.md
REQ-MMIX001-005,M-MIX-001-C005,TST-MMIX001-005,FRM-008,04-methods/07-mixer-coinjoin-analysis.md
REQ-MMIX001-006,M-MIX-001-C006,TST-MMIX001-006,FRM-008,04-methods/07-mixer-coinjoin-analysis.md
REQ-MMIX001-007,M-MIX-001-C007,TST-MMIX001-007,FRM-008,04-methods/07-mixer-coinjoin-analysis.md
REQ-MMIX001-008,M-MIX-001-C008,TST-MMIX001-008,FRM-008,04-methods/07-mixer-coinjoin-analysis.md
REQ-MMIX001-009,M-MIX-001-C009,TST-MMIX001-009,FRM-008,04-methods/07-mixer-coinjoin-analysis.md
REQ-MMIX001-010,M-MIX-001-C010,TST-MMIX001-010,FRM-008,04-methods/07-mixer-coinjoin-analysis.md
REQ-MMIX001-011,M-MIX-001-C011,TST-MMIX001-011,FRM-008,04-methods/07-mixer-coinjoin-analysis.md
REQ-MMIX001-012,M-MIX-001-C012,TST-MMIX001-012,FRM-008,04-methods/07-mixer-coinjoin-analysis.md
REQ-MMIX001-013,M-MIX-001-C013,TST-MMIX001-013,FRM-008,04-methods/07-mixer-coinjoin-analysis.md
REQ-MMIX001-014,M-MIX-001-C014,TST-MMIX001-014,FRM-008,04-methods/07-mixer-coinjoin-analysis.md
REQ-MMIX001-015,M-MIX-001-C015,TST-MMIX001-015,FRM-008,04-methods/07-mixer-coinjoin-analysis.md
REQ-MMIX001-016,M-MIX-001-C016,TST-MMIX001-016,FRM-008,04-methods/07-mixer-coinjoin-analysis.md
REQ-MMIX001-017,M-MIX-001-C017,TST-MMIX001-017,FRM-008,04-methods/07-mixer-coinjoin-analysis.md
REQ-MMIX001-018,M-MIX-001-C018,TST-MMIX001-018,FRM-008,04-methods/07-mixer-coinjoin-analysis.md
REQ-MMIX001-019,M-MIX-001-C019,TST-MMIX001-019,FRM-008,04-methods/07-mixer-coinjoin-analysis.md
REQ-MMIX001-020,M-MIX-001-C020,TST-MMIX001-020,FRM-008,04-methods/07-mixer-coinjoin-analysis.md
REQ-MMIX001-021,M-MIX-001-C021,TST-MMIX001-021,FRM-008,04-methods/07-mixer-coinjoin-analysis.md
REQ-MCLUSTER001-001,M-CLUSTER-001-C001,TST-MCLUSTER001-001,FRM-008,04-methods/08-address-clustering.md
REQ-MCLUSTER001-002,M-CLUSTER-001-C002,TST-MCLUSTER001-002,FRM-008,04-methods/08-address-clustering.md
REQ-MCLUSTER001-003,M-CLUSTER-001-C003,TST-MCLUSTER001-003,FRM-008,04-methods/08-address-clustering.md
REQ-MCLUSTER001-004,M-CLUSTER-001-C004,TST-MCLUSTER001-004,FRM-008,04-methods/08-address-clustering.md
REQ-MCLUSTER001-005,M-CLUSTER-001-C005,TST-MCLUSTER001-005,FRM-008,04-methods/08-address-clustering.md
REQ-MCLUSTER001-006,M-CLUSTER-001-C006,TST-MCLUSTER001-006,FRM-008,04-methods/08-address-clustering.md
REQ-MCLUSTER001-007,M-CLUSTER-001-C007,TST-MCLUSTER001-007,FRM-008,04-methods/08-address-clustering.md
REQ-MCLUSTER001-008,M-CLUSTER-001-C008,TST-MCLUSTER001-008,FRM-008,04-methods/08-address-clustering.md
REQ-MCLUSTER001-009,M-CLUSTER-001-C009,TST-MCLUSTER001-009,FRM-008,04-methods/08-address-clustering.md
REQ-MCLUSTER001-010,M-CLUSTER-001-C010,TST-MCLUSTER001-010,FRM-008,04-methods/08-address-clustering.md
REQ-MCLUSTER001-011,M-CLUSTER-001-C011,TST-MCLUSTER001-011,FRM-008,04-methods/08-address-clustering.md
REQ-MCLUSTER001-012,M-CLUSTER-001-C012,TST-MCLUSTER001-012,FRM-008,04-methods/08-address-clustering.md
REQ-MCLUSTER001-013,M-CLUSTER-001-C013,TST-MCLUSTER001-013,FRM-008,04-methods/08-address-clustering.md
REQ-MCLUSTER001-014,M-CLUSTER-001-C014,TST-MCLUSTER001-014,FRM-008,04-methods/08-address-clustering.md
REQ-MCLUSTER001-015,M-CLUSTER-001-C015,TST-MCLUSTER001-015,FRM-008,04-methods/08-address-clustering.md
REQ-MCLUSTER001-016,M-CLUSTER-001-C016,TST-MCLUSTER001-016,FRM-008,04-methods/08-address-clustering.md
REQ-MCLUSTER001-017,M-CLUSTER-001-C017,TST-MCLUSTER001-017,FRM-008,04-methods/08-address-clustering.md
REQ-MCLUSTER001-018,M-CLUSTER-001-C018,TST-MCLUSTER001-018,FRM-008,04-methods/08-address-clustering.md
REQ-MCLUSTER001-019,M-CLUSTER-001-C019,TST-MCLUSTER001-019,FRM-008,04-methods/08-address-clustering.md
REQ-MCLUSTER001-020,M-CLUSTER-001-C020,TST-MCLUSTER001-020,FRM-008,04-methods/08-address-clustering.md
REQ-MCLUSTER001-021,M-CLUSTER-001-C021,TST-MCLUSTER001-021,FRM-008,04-methods/08-address-clustering.md
REQ-MCLUSTER001-022,M-CLUSTER-001-C022,TST-MCLUSTER001-022,FRM-008,04-methods/08-address-clustering.md
REQ-MLABEL001-001,M-LABEL-001-C001,TST-MLABEL001-001,FRM-008,04-methods/09-label-entity-attribution.md
REQ-MLABEL001-002,M-LABEL-001-C002,TST-MLABEL001-002,FRM-008,04-methods/09-label-entity-attribution.md
REQ-MLABEL001-003,M-LABEL-001-C003,TST-MLABEL001-003,FRM-008,04-methods/09-label-entity-attribution.md
REQ-MLABEL001-004,M-LABEL-001-C004,TST-MLABEL001-004,FRM-008,04-methods/09-label-entity-attribution.md
REQ-MLABEL001-005,M-LABEL-001-C005,TST-MLABEL001-005,FRM-008,04-methods/09-label-entity-attribution.md
REQ-MLABEL001-006,M-LABEL-001-C006,TST-MLABEL001-006,FRM-008,04-methods/09-label-entity-attribution.md
REQ-MLABEL001-007,M-LABEL-001-C007,TST-MLABEL001-007,FRM-008,04-methods/09-label-entity-attribution.md
REQ-MLABEL001-008,M-LABEL-001-C008,TST-MLABEL001-008,FRM-008,04-methods/09-label-entity-attribution.md
REQ-MLABEL001-009,M-LABEL-001-C009,TST-MLABEL001-009,FRM-008,04-methods/09-label-entity-attribution.md
REQ-MLABEL001-010,M-LABEL-001-C010,TST-MLABEL001-010,FRM-008,04-methods/09-label-entity-attribution.md
REQ-MLABEL001-011,M-LABEL-001-C011,TST-MLABEL001-011,FRM-008,04-methods/09-label-entity-attribution.md
REQ-MLABEL001-012,M-LABEL-001-C012,TST-MLABEL001-012,FRM-008,04-methods/09-label-entity-attribution.md
REQ-MLABEL001-013,M-LABEL-001-C013,TST-MLABEL001-013,FRM-008,04-methods/09-label-entity-attribution.md
REQ-MLABEL001-014,M-LABEL-001-C014,TST-MLABEL001-014,FRM-008,04-methods/09-label-entity-attribution.md
REQ-MLABEL001-015,M-LABEL-001-C015,TST-MLABEL001-015,FRM-008,04-methods/09-label-entity-attribution.md
REQ-MLABEL001-016,M-LABEL-001-C016,TST-MLABEL001-016,FRM-008,04-methods/09-label-entity-attribution.md
REQ-MLABEL001-017,M-LABEL-001-C017,TST-MLABEL001-017,FRM-008,04-methods/09-label-entity-attribution.md
REQ-MLABEL001-018,M-LABEL-001-C018,TST-MLABEL001-018,FRM-008,04-methods/09-label-entity-attribution.md
REQ-MLABEL001-019,M-LABEL-001-C019,TST-MLABEL001-019,FRM-008,04-methods/09-label-entity-attribution.md
REQ-MLABEL001-020,M-LABEL-001-C020,TST-MLABEL001-020,FRM-008,04-methods/09-label-entity-attribution.md
REQ-MLABEL001-021,M-LABEL-001-C021,TST-MLABEL001-021,FRM-008,04-methods/09-label-entity-attribution.md
REQ-MLABEL001-022,M-LABEL-001-C022,TST-MLABEL001-022,FRM-008,04-methods/09-label-entity-attribution.md
REQ-MAUTH001-001,M-AUTH-001-C001,TST-MAUTH001-001,FRM-008,04-methods/10-authenticity-integrity.md
REQ-MAUTH001-002,M-AUTH-001-C002,TST-MAUTH001-002,FRM-008,04-methods/10-authenticity-integrity.md
REQ-MAUTH001-003,M-AUTH-001-C003,TST-MAUTH001-003,FRM-008,04-methods/10-authenticity-integrity.md
REQ-MAUTH001-004,M-AUTH-001-C004,TST-MAUTH001-004,FRM-008,04-methods/10-authenticity-integrity.md
REQ-MAUTH001-005,M-AUTH-001-C005,TST-MAUTH001-005,FRM-008,04-methods/10-authenticity-integrity.md
REQ-MAUTH001-006,M-AUTH-001-C006,TST-MAUTH001-006,FRM-008,04-methods/10-authenticity-integrity.md
REQ-MAUTH001-007,M-AUTH-001-C007,TST-MAUTH001-007,FRM-008,04-methods/10-authenticity-integrity.md
REQ-MAUTH001-008,M-AUTH-001-C008,TST-MAUTH001-008,FRM-008,04-methods/10-authenticity-integrity.md
REQ-MAUTH001-009,M-AUTH-001-C009,TST-MAUTH001-009,FRM-008,04-methods/10-authenticity-integrity.md
REQ-MAUTH001-010,M-AUTH-001-C010,TST-MAUTH001-010,FRM-008,04-methods/10-authenticity-integrity.md
REQ-MAUTH001-011,M-AUTH-001-C011,TST-MAUTH001-011,FRM-008,04-methods/10-authenticity-integrity.md
REQ-MAUTH001-012,M-AUTH-001-C012,TST-MAUTH001-012,FRM-008,04-methods/10-authenticity-integrity.md
REQ-MAUTH001-013,M-AUTH-001-C013,TST-MAUTH001-013,FRM-008,04-methods/10-authenticity-integrity.md
REQ-MAUTH001-014,M-AUTH-001-C014,TST-MAUTH001-014,FRM-008,04-methods/10-authenticity-integrity.md
REQ-MAUTH001-015,M-AUTH-001-C015,TST-MAUTH001-015,FRM-008,04-methods/10-authenticity-integrity.md
REQ-MAUTH001-016,M-AUTH-001-C016,TST-MAUTH001-016,FRM-008,04-methods/10-authenticity-integrity.md
REQ-MAUTH001-017,M-AUTH-001-C017,TST-MAUTH001-017,FRM-008,04-methods/10-authenticity-integrity.md
REQ-MAUTH001-018,M-AUTH-001-C018,TST-MAUTH001-018,FRM-008,04-methods/10-authenticity-integrity.md
REQ-MAUTH001-019,M-AUTH-001-C019,TST-MAUTH001-019,FRM-008,04-methods/10-authenticity-integrity.md
REQ-MAUTH001-020,M-AUTH-001-C020,TST-MAUTH001-020,FRM-008,04-methods/10-authenticity-integrity.md
REQ-MFUNC001-001,M-FUNC-001-C001,TST-MFUNC001-001,FRM-008,04-methods/11-smart-contract-functional-analysis.md
REQ-MFUNC001-002,M-FUNC-001-C002,TST-MFUNC001-002,FRM-008,04-methods/11-smart-contract-functional-analysis.md
REQ-MFUNC001-003,M-FUNC-001-C003,TST-MFUNC001-003,FRM-008,04-methods/11-smart-contract-functional-analysis.md
REQ-MFUNC001-004,M-FUNC-001-C004,TST-MFUNC001-004,FRM-008,04-methods/11-smart-contract-functional-analysis.md
REQ-MFUNC001-005,M-FUNC-001-C005,TST-MFUNC001-005,FRM-008,04-methods/11-smart-contract-functional-analysis.md
REQ-MFUNC001-006,M-FUNC-001-C006,TST-MFUNC001-006,FRM-008,04-methods/11-smart-contract-functional-analysis.md
REQ-MFUNC001-007,M-FUNC-001-C007,TST-MFUNC001-007,FRM-008,04-methods/11-smart-contract-functional-analysis.md
REQ-MFUNC001-008,M-FUNC-001-C008,TST-MFUNC001-008,FRM-008,04-methods/11-smart-contract-functional-analysis.md
REQ-MFUNC001-009,M-FUNC-001-C009,TST-MFUNC001-009,FRM-008,04-methods/11-smart-contract-functional-analysis.md
REQ-MFUNC001-010,M-FUNC-001-C010,TST-MFUNC001-010,FRM-008,04-methods/11-smart-contract-functional-analysis.md
REQ-MFUNC001-011,M-FUNC-001-C011,TST-MFUNC001-011,FRM-008,04-methods/11-smart-contract-functional-analysis.md
REQ-MFUNC001-012,M-FUNC-001-C012,TST-MFUNC001-012,FRM-008,04-methods/11-smart-contract-functional-analysis.md
REQ-MFUNC001-013,M-FUNC-001-C013,TST-MFUNC001-013,FRM-008,04-methods/11-smart-contract-functional-analysis.md
REQ-MFUNC001-014,M-FUNC-001-C014,TST-MFUNC001-014,FRM-008,04-methods/11-smart-contract-functional-analysis.md
REQ-MFUNC001-015,M-FUNC-001-C015,TST-MFUNC001-015,FRM-008,04-methods/11-smart-contract-functional-analysis.md
REQ-MFUNC001-016,M-FUNC-001-C016,TST-MFUNC001-016,FRM-008,04-methods/11-smart-contract-functional-analysis.md
REQ-MFUNC001-017,M-FUNC-001-C017,TST-MFUNC001-017,FRM-008,04-methods/11-smart-contract-functional-analysis.md
REQ-MFUNC001-018,M-FUNC-001-C018,TST-MFUNC001-018,FRM-008,04-methods/11-smart-contract-functional-analysis.md
REQ-MFUNC001-019,M-FUNC-001-C019,TST-MFUNC001-019,FRM-008,04-methods/11-smart-contract-functional-analysis.md
REQ-MFUNC001-020,M-FUNC-001-C020,TST-MFUNC001-020,FRM-008,04-methods/11-smart-contract-functional-analysis.md
REQ-MFUNC001-021,M-FUNC-001-C021,TST-MFUNC001-021,FRM-008,04-methods/11-smart-contract-functional-analysis.md
REQ-MFUNC001-022,M-FUNC-001-C022,TST-MFUNC001-022,FRM-008,04-methods/11-smart-contract-functional-analysis.md
REQ-MAI001-001,M-AI-001-C001,TST-MAI001-001,FRM-008,04-methods/12-ai-agent-governance.md
REQ-MAI001-002,M-AI-001-C002,TST-MAI001-002,FRM-008,04-methods/12-ai-agent-governance.md
REQ-MAI001-003,M-AI-001-C003,TST-MAI001-003,FRM-008,04-methods/12-ai-agent-governance.md
REQ-MAI001-004,M-AI-001-C004,TST-MAI001-004,FRM-008,04-methods/12-ai-agent-governance.md
REQ-MAI001-005,M-AI-001-C005,TST-MAI001-005,FRM-008,04-methods/12-ai-agent-governance.md
REQ-MAI001-006,M-AI-001-C006,TST-MAI001-006,FRM-008,04-methods/12-ai-agent-governance.md
REQ-MAI001-007,M-AI-001-C007,TST-MAI001-007,FRM-008,04-methods/12-ai-agent-governance.md
REQ-MAI001-008,M-AI-001-C008,TST-MAI001-008,FRM-008,04-methods/12-ai-agent-governance.md
REQ-MAI001-009,M-AI-001-C009,TST-MAI001-009,FRM-008,04-methods/12-ai-agent-governance.md
REQ-MAI001-010,M-AI-001-C010,TST-MAI001-010,FRM-008,04-methods/12-ai-agent-governance.md
REQ-MAI001-011,M-AI-001-C011,TST-MAI001-011,FRM-008,04-methods/12-ai-agent-governance.md
REQ-MAI001-012,M-AI-001-C012,TST-MAI001-012,FRM-008,04-methods/12-ai-agent-governance.md
REQ-MAI001-013,M-AI-001-C013,TST-MAI001-013,FRM-008,04-methods/12-ai-agent-governance.md
REQ-MAI001-014,M-AI-001-C014,TST-MAI001-014,FRM-008,04-methods/12-ai-agent-governance.md
REQ-MAI001-015,M-AI-001-C015,TST-MAI001-015,FRM-008,04-methods/12-ai-agent-governance.md
REQ-MAI001-016,M-AI-001-C016,TST-MAI001-016,FRM-008,04-methods/12-ai-agent-governance.md
REQ-MAI001-017,M-AI-001-C017,TST-MAI001-017,FRM-008,04-methods/12-ai-agent-governance.md
REQ-MAI001-018,M-AI-001-C018,TST-MAI001-018,FRM-008,04-methods/12-ai-agent-governance.md
REQ-MAI001-019,M-AI-001-C019,TST-MAI001-019,FRM-008,04-methods/12-ai-agent-governance.md
REQ-MAI001-020,M-AI-001-C020,TST-MAI001-020,FRM-008,04-methods/12-ai-agent-governance.md
REQ-MAI001-021,M-AI-001-C021,TST-MAI001-021,FRM-008,04-methods/12-ai-agent-governance.md
REQ-QMS001-001,QMS-001-C001,TST-QMS001-001,FRM-016,05-quality/01-quality-manual.md
REQ-QMS001-002,QMS-001-C002,TST-QMS001-002,FRM-016,05-quality/01-quality-manual.md
REQ-QMS001-003,QMS-001-C003,TST-QMS001-003,FRM-016,05-quality/01-quality-manual.md
REQ-QMS001-004,QMS-001-C004,TST-QMS001-004,FRM-016,05-quality/01-quality-manual.md
REQ-QMS001-005,QMS-001-C005,TST-QMS001-005,FRM-016,05-quality/01-quality-manual.md
REQ-QMS001-006,QMS-001-C006,TST-QMS001-006,FRM-016,05-quality/01-quality-manual.md
REQ-QMS001-007,QMS-001-C007,TST-QMS001-007,FRM-016,05-quality/01-quality-manual.md
REQ-QMS001-008,QMS-001-C008,TST-QMS001-008,FRM-016,05-quality/01-quality-manual.md
REQ-QMS001-009,QMS-001-C009,TST-QMS001-009,FRM-016,05-quality/01-quality-manual.md
REQ-QMS001-010,QMS-001-C010,TST-QMS001-010,FRM-016,05-quality/01-quality-manual.md
REQ-QMS001-011,QMS-001-C011,TST-QMS001-011,FRM-016,05-quality/01-quality-manual.md
REQ-QMS001-012,QMS-001-C012,TST-QMS001-012,FRM-016,05-quality/01-quality-manual.md
REQ-QMS001-013,QMS-001-C013,TST-QMS001-013,FRM-016,05-quality/01-quality-manual.md
REQ-QMS001-014,QMS-001-C014,TST-QMS001-014,FRM-016,05-quality/01-quality-manual.md
REQ-QMS001-015,QMS-001-C015,TST-QMS001-015,FRM-016,05-quality/01-quality-manual.md
REQ-QMS001-016,QMS-001-C016,TST-QMS001-016,FRM-016,05-quality/01-quality-manual.md
REQ-QMS001-017,QMS-001-C017,TST-QMS001-017,FRM-016,05-quality/01-quality-manual.md
REQ-QMS001-018,QMS-001-C018,TST-QMS001-018,FRM-016,05-quality/01-quality-manual.md
REQ-QMS001-019,QMS-001-C019,TST-QMS001-019,FRM-016,05-quality/01-quality-manual.md
REQ-QMS001-020,QMS-001-C020,TST-QMS001-020,FRM-016,05-quality/01-quality-manual.md
REQ-QMS001-021,QMS-001-C021,TST-QMS001-021,FRM-016,05-quality/01-quality-manual.md
REQ-QMS001-022,QMS-001-C022,TST-QMS001-022,FRM-016,05-quality/01-quality-manual.md
REQ-QMS001-023,QMS-001-C023,TST-QMS001-023,FRM-016,05-quality/01-quality-manual.md
REQ-QMS001-024,QMS-001-C024,TST-QMS001-024,FRM-016,05-quality/01-quality-manual.md
REQ-QMS001-025,QMS-001-C025,TST-QMS001-025,FRM-016,05-quality/01-quality-manual.md
REQ-QMS001-026,QMS-001-C026,TST-QMS001-026,FRM-016,05-quality/01-quality-manual.md
REQ-QMS001-027,QMS-001-C027,TST-QMS001-027,FRM-016,05-quality/01-quality-manual.md
REQ-QMS002-001,QMS-002-C001,TST-QMS002-001,FRM-012,05-quality/02-document-record-control.md
REQ-QMS002-002,QMS-002-C002,TST-QMS002-002,FRM-012,05-quality/02-document-record-control.md
REQ-QMS002-003,QMS-002-C003,TST-QMS002-003,FRM-012,05-quality/02-document-record-control.md
REQ-QMS002-004,QMS-002-C004,TST-QMS002-004,FRM-012,05-quality/02-document-record-control.md
REQ-QMS002-005,QMS-002-C005,TST-QMS002-005,FRM-012,05-quality/02-document-record-control.md
REQ-QMS002-006,QMS-002-C006,TST-QMS002-006,FRM-012,05-quality/02-document-record-control.md
REQ-QMS002-007,QMS-002-C007,TST-QMS002-007,FRM-012,05-quality/02-document-record-control.md
REQ-QMS002-008,QMS-002-C008,TST-QMS002-008,FRM-012,05-quality/02-document-record-control.md
REQ-QMS002-009,QMS-002-C009,TST-QMS002-009,FRM-012,05-quality/02-document-record-control.md
REQ-QMS002-010,QMS-002-C010,TST-QMS002-010,FRM-012,05-quality/02-document-record-control.md
REQ-QMS002-011,QMS-002-C011,TST-QMS002-011,FRM-012,05-quality/02-document-record-control.md
REQ-QMS002-012,QMS-002-C012,TST-QMS002-012,FRM-012,05-quality/02-document-record-control.md
REQ-QMS002-013,QMS-002-C013,TST-QMS002-013,FRM-012,05-quality/02-document-record-control.md
REQ-QMS002-014,QMS-002-C014,TST-QMS002-014,FRM-012,05-quality/02-document-record-control.md
REQ-QMS002-015,QMS-002-C015,TST-QMS002-015,FRM-012,05-quality/02-document-record-control.md
REQ-QMS002-016,QMS-002-C016,TST-QMS002-016,FRM-012,05-quality/02-document-record-control.md
REQ-QMS002-017,QMS-002-C017,TST-QMS002-017,FRM-012,05-quality/02-document-record-control.md
REQ-QMS002-018,QMS-002-C018,TST-QMS002-018,FRM-012,05-quality/02-document-record-control.md
REQ-QMS002-019,QMS-002-C019,TST-QMS002-019,FRM-012,05-quality/02-document-record-control.md
REQ-QMS002-020,QMS-002-C020,TST-QMS002-020,FRM-012,05-quality/02-document-record-control.md
REQ-QMS003-001,QMS-003-C001,TST-QMS003-001,FRM-008,05-quality/03-method-validation.md
REQ-QMS003-002,QMS-003-C002,TST-QMS003-002,FRM-008,05-quality/03-method-validation.md
REQ-QMS003-003,QMS-003-C003,TST-QMS003-003,FRM-008,05-quality/03-method-validation.md
REQ-QMS003-004,QMS-003-C004,TST-QMS003-004,FRM-008,05-quality/03-method-validation.md
REQ-QMS003-005,QMS-003-C005,TST-QMS003-005,FRM-008,05-quality/03-method-validation.md
REQ-QMS003-006,QMS-003-C006,TST-QMS003-006,FRM-008,05-quality/03-method-validation.md
REQ-QMS003-007,QMS-003-C007,TST-QMS003-007,FRM-008,05-quality/03-method-validation.md
REQ-QMS003-008,QMS-003-C008,TST-QMS003-008,FRM-008,05-quality/03-method-validation.md
REQ-QMS003-009,QMS-003-C009,TST-QMS003-009,FRM-008,05-quality/03-method-validation.md
REQ-QMS003-010,QMS-003-C010,TST-QMS003-010,FRM-008,05-quality/03-method-validation.md
REQ-QMS003-011,QMS-003-C011,TST-QMS003-011,FRM-008,05-quality/03-method-validation.md
REQ-QMS003-012,QMS-003-C012,TST-QMS003-012,FRM-008,05-quality/03-method-validation.md
REQ-QMS003-013,QMS-003-C013,TST-QMS003-013,FRM-008,05-quality/03-method-validation.md
REQ-QMS003-014,QMS-003-C014,TST-QMS003-014,FRM-008,05-quality/03-method-validation.md
REQ-QMS003-015,QMS-003-C015,TST-QMS003-015,FRM-008,05-quality/03-method-validation.md
REQ-QMS003-016,QMS-003-C016,TST-QMS003-016,FRM-008,05-quality/03-method-validation.md
REQ-QMS003-017,QMS-003-C017,TST-QMS003-017,FRM-008,05-quality/03-method-validation.md
REQ-QMS003-018,QMS-003-C018,TST-QMS003-018,FRM-008,05-quality/03-method-validation.md
REQ-QMS003-019,QMS-003-C019,TST-QMS003-019,FRM-008,05-quality/03-method-validation.md
REQ-QMS003-020,QMS-003-C020,TST-QMS003-020,FRM-008,05-quality/03-method-validation.md
REQ-QMS004-001,QMS-004-C001,TST-QMS004-001,FRM-009,05-quality/04-tool-validation.md
REQ-QMS004-002,QMS-004-C002,TST-QMS004-002,FRM-009,05-quality/04-tool-validation.md
REQ-QMS004-003,QMS-004-C003,TST-QMS004-003,FRM-009,05-quality/04-tool-validation.md
REQ-QMS004-004,QMS-004-C004,TST-QMS004-004,FRM-009,05-quality/04-tool-validation.md
REQ-QMS004-005,QMS-004-C005,TST-QMS004-005,FRM-009,05-quality/04-tool-validation.md
REQ-QMS004-006,QMS-004-C006,TST-QMS004-006,FRM-009,05-quality/04-tool-validation.md
REQ-QMS004-007,QMS-004-C007,TST-QMS004-007,FRM-009,05-quality/04-tool-validation.md
REQ-QMS004-008,QMS-004-C008,TST-QMS004-008,FRM-009,05-quality/04-tool-validation.md
REQ-QMS004-009,QMS-004-C009,TST-QMS004-009,FRM-009,05-quality/04-tool-validation.md
REQ-QMS004-010,QMS-004-C010,TST-QMS004-010,FRM-009,05-quality/04-tool-validation.md
REQ-QMS004-011,QMS-004-C011,TST-QMS004-011,FRM-009,05-quality/04-tool-validation.md
REQ-QMS004-012,QMS-004-C012,TST-QMS004-012,FRM-009,05-quality/04-tool-validation.md
REQ-QMS004-013,QMS-004-C013,TST-QMS004-013,FRM-009,05-quality/04-tool-validation.md
REQ-QMS004-014,QMS-004-C014,TST-QMS004-014,FRM-009,05-quality/04-tool-validation.md
REQ-QMS004-015,QMS-004-C015,TST-QMS004-015,FRM-009,05-quality/04-tool-validation.md
REQ-QMS004-016,QMS-004-C016,TST-QMS004-016,FRM-009,05-quality/04-tool-validation.md
REQ-QMS004-017,QMS-004-C017,TST-QMS004-017,FRM-009,05-quality/04-tool-validation.md
REQ-QMS004-018,QMS-004-C018,TST-QMS004-018,FRM-009,05-quality/04-tool-validation.md
REQ-QMS004-019,QMS-004-C019,TST-QMS004-019,FRM-009,05-quality/04-tool-validation.md
REQ-QMS004-020,QMS-004-C020,TST-QMS004-020,FRM-009,05-quality/04-tool-validation.md
REQ-QMS005-001,QMS-005-C001,TST-QMS005-001,REF-011,05-quality/05-sampling-ground-truth.md
REQ-QMS005-002,QMS-005-C002,TST-QMS005-002,REF-011,05-quality/05-sampling-ground-truth.md
REQ-QMS005-003,QMS-005-C003,TST-QMS005-003,REF-011,05-quality/05-sampling-ground-truth.md
REQ-QMS005-004,QMS-005-C004,TST-QMS005-004,REF-011,05-quality/05-sampling-ground-truth.md
REQ-QMS005-005,QMS-005-C005,TST-QMS005-005,REF-011,05-quality/05-sampling-ground-truth.md
REQ-QMS005-006,QMS-005-C006,TST-QMS005-006,REF-011,05-quality/05-sampling-ground-truth.md
REQ-QMS005-007,QMS-005-C007,TST-QMS005-007,REF-011,05-quality/05-sampling-ground-truth.md
REQ-QMS005-008,QMS-005-C008,TST-QMS005-008,REF-011,05-quality/05-sampling-ground-truth.md
REQ-QMS005-009,QMS-005-C009,TST-QMS005-009,REF-011,05-quality/05-sampling-ground-truth.md
REQ-QMS005-010,QMS-005-C010,TST-QMS005-010,REF-011,05-quality/05-sampling-ground-truth.md
REQ-QMS005-011,QMS-005-C011,TST-QMS005-011,REF-011,05-quality/05-sampling-ground-truth.md
REQ-QMS005-012,QMS-005-C012,TST-QMS005-012,REF-011,05-quality/05-sampling-ground-truth.md
REQ-QMS005-013,QMS-005-C013,TST-QMS005-013,REF-011,05-quality/05-sampling-ground-truth.md
REQ-QMS005-014,QMS-005-C014,TST-QMS005-014,REF-011,05-quality/05-sampling-ground-truth.md
REQ-QMS005-015,QMS-005-C015,TST-QMS005-015,REF-011,05-quality/05-sampling-ground-truth.md
REQ-QMS005-016,QMS-005-C016,TST-QMS005-016,REF-011,05-quality/05-sampling-ground-truth.md
REQ-QMS005-017,QMS-005-C017,TST-QMS005-017,REF-011,05-quality/05-sampling-ground-truth.md
REQ-QMS005-018,QMS-005-C018,TST-QMS005-018,REF-011,05-quality/05-sampling-ground-truth.md
REQ-QMS005-019,QMS-005-C019,TST-QMS005-019,REF-011,05-quality/05-sampling-ground-truth.md
REQ-QMS005-020,QMS-005-C020,TST-QMS005-020,REF-011,05-quality/05-sampling-ground-truth.md
REQ-QMS006-001,QMS-006-C001,TST-QMS006-001,FRM-012,05-quality/06-proficiency-comparison.md
REQ-QMS006-002,QMS-006-C002,TST-QMS006-002,FRM-012,05-quality/06-proficiency-comparison.md
REQ-QMS006-003,QMS-006-C003,TST-QMS006-003,FRM-012,05-quality/06-proficiency-comparison.md
REQ-QMS006-004,QMS-006-C004,TST-QMS006-004,FRM-012,05-quality/06-proficiency-comparison.md
REQ-QMS006-005,QMS-006-C005,TST-QMS006-005,FRM-012,05-quality/06-proficiency-comparison.md
REQ-QMS006-006,QMS-006-C006,TST-QMS006-006,FRM-012,05-quality/06-proficiency-comparison.md
REQ-QMS006-007,QMS-006-C007,TST-QMS006-007,FRM-012,05-quality/06-proficiency-comparison.md
REQ-QMS006-008,QMS-006-C008,TST-QMS006-008,FRM-012,05-quality/06-proficiency-comparison.md
REQ-QMS006-009,QMS-006-C009,TST-QMS006-009,FRM-012,05-quality/06-proficiency-comparison.md
REQ-QMS006-010,QMS-006-C010,TST-QMS006-010,FRM-012,05-quality/06-proficiency-comparison.md
REQ-QMS006-011,QMS-006-C011,TST-QMS006-011,FRM-012,05-quality/06-proficiency-comparison.md
REQ-QMS006-012,QMS-006-C012,TST-QMS006-012,FRM-012,05-quality/06-proficiency-comparison.md
REQ-QMS006-013,QMS-006-C013,TST-QMS006-013,FRM-012,05-quality/06-proficiency-comparison.md
REQ-QMS006-014,QMS-006-C014,TST-QMS006-014,FRM-012,05-quality/06-proficiency-comparison.md
REQ-QMS006-015,QMS-006-C015,TST-QMS006-015,FRM-012,05-quality/06-proficiency-comparison.md
REQ-QMS006-016,QMS-006-C016,TST-QMS006-016,FRM-012,05-quality/06-proficiency-comparison.md
REQ-QMS006-017,QMS-006-C017,TST-QMS006-017,FRM-012,05-quality/06-proficiency-comparison.md
REQ-QMS006-018,QMS-006-C018,TST-QMS006-018,FRM-012,05-quality/06-proficiency-comparison.md
REQ-QMS007-001,QMS-007-C001,TST-QMS007-001,FRM-012,05-quality/07-equipment-metrology.md
REQ-QMS007-002,QMS-007-C002,TST-QMS007-002,FRM-012,05-quality/07-equipment-metrology.md
REQ-QMS007-003,QMS-007-C003,TST-QMS007-003,FRM-012,05-quality/07-equipment-metrology.md
REQ-QMS007-004,QMS-007-C004,TST-QMS007-004,FRM-012,05-quality/07-equipment-metrology.md
REQ-QMS007-005,QMS-007-C005,TST-QMS007-005,FRM-012,05-quality/07-equipment-metrology.md
REQ-QMS007-006,QMS-007-C006,TST-QMS007-006,FRM-012,05-quality/07-equipment-metrology.md
REQ-QMS007-007,QMS-007-C007,TST-QMS007-007,FRM-012,05-quality/07-equipment-metrology.md
REQ-QMS007-008,QMS-007-C008,TST-QMS007-008,FRM-012,05-quality/07-equipment-metrology.md
REQ-QMS007-009,QMS-007-C009,TST-QMS007-009,FRM-012,05-quality/07-equipment-metrology.md
REQ-QMS007-010,QMS-007-C010,TST-QMS007-010,FRM-012,05-quality/07-equipment-metrology.md
REQ-QMS007-011,QMS-007-C011,TST-QMS007-011,FRM-012,05-quality/07-equipment-metrology.md
REQ-QMS007-012,QMS-007-C012,TST-QMS007-012,FRM-012,05-quality/07-equipment-metrology.md
REQ-QMS007-013,QMS-007-C013,TST-QMS007-013,FRM-012,05-quality/07-equipment-metrology.md
REQ-QMS007-014,QMS-007-C014,TST-QMS007-014,FRM-012,05-quality/07-equipment-metrology.md
REQ-QMS007-015,QMS-007-C015,TST-QMS007-015,FRM-012,05-quality/07-equipment-metrology.md
REQ-QMS007-016,QMS-007-C016,TST-QMS007-016,FRM-012,05-quality/07-equipment-metrology.md
REQ-QMS007-017,QMS-007-C017,TST-QMS007-017,FRM-012,05-quality/07-equipment-metrology.md
REQ-QMS007-018,QMS-007-C018,TST-QMS007-018,FRM-012,05-quality/07-equipment-metrology.md
REQ-QMS007-019,QMS-007-C019,TST-QMS007-019,FRM-012,05-quality/07-equipment-metrology.md
REQ-QMS007-020,QMS-007-C020,TST-QMS007-020,FRM-012,05-quality/07-equipment-metrology.md
REQ-QMS008-001,QMS-008-C001,TST-QMS008-001,FRM-012,05-quality/08-personnel-competence.md
REQ-QMS008-002,QMS-008-C002,TST-QMS008-002,FRM-012,05-quality/08-personnel-competence.md
REQ-QMS008-003,QMS-008-C003,TST-QMS008-003,FRM-012,05-quality/08-personnel-competence.md
REQ-QMS008-004,QMS-008-C004,TST-QMS008-004,FRM-012,05-quality/08-personnel-competence.md
REQ-QMS008-005,QMS-008-C005,TST-QMS008-005,FRM-012,05-quality/08-personnel-competence.md
REQ-QMS008-006,QMS-008-C006,TST-QMS008-006,FRM-012,05-quality/08-personnel-competence.md
REQ-QMS008-007,QMS-008-C007,TST-QMS008-007,FRM-012,05-quality/08-personnel-competence.md
REQ-QMS008-008,QMS-008-C008,TST-QMS008-008,FRM-012,05-quality/08-personnel-competence.md
REQ-QMS008-009,QMS-008-C009,TST-QMS008-009,FRM-012,05-quality/08-personnel-competence.md
REQ-QMS008-010,QMS-008-C010,TST-QMS008-010,FRM-012,05-quality/08-personnel-competence.md
REQ-QMS008-011,QMS-008-C011,TST-QMS008-011,FRM-012,05-quality/08-personnel-competence.md
REQ-QMS008-012,QMS-008-C012,TST-QMS008-012,FRM-012,05-quality/08-personnel-competence.md
REQ-QMS008-013,QMS-008-C013,TST-QMS008-013,FRM-012,05-quality/08-personnel-competence.md
REQ-QMS008-014,QMS-008-C014,TST-QMS008-014,FRM-012,05-quality/08-personnel-competence.md
REQ-QMS008-015,QMS-008-C015,TST-QMS008-015,FRM-012,05-quality/08-personnel-competence.md
REQ-QMS008-016,QMS-008-C016,TST-QMS008-016,FRM-012,05-quality/08-personnel-competence.md
REQ-QMS008-017,QMS-008-C017,TST-QMS008-017,FRM-012,05-quality/08-personnel-competence.md
REQ-QMS008-018,QMS-008-C018,TST-QMS008-018,FRM-012,05-quality/08-personnel-competence.md
REQ-QMS008-019,QMS-008-C019,TST-QMS008-019,FRM-012,05-quality/08-personnel-competence.md
REQ-QMS008-020,QMS-008-C020,TST-QMS008-020,FRM-012,05-quality/08-personnel-competence.md
REQ-QMS009-001,QMS-009-C001,TST-QMS009-001,FRM-012,05-quality/09-nonconforming-capa.md
REQ-QMS009-002,QMS-009-C002,TST-QMS009-002,FRM-012,05-quality/09-nonconforming-capa.md
REQ-QMS009-003,QMS-009-C003,TST-QMS009-003,FRM-012,05-quality/09-nonconforming-capa.md
REQ-QMS009-004,QMS-009-C004,TST-QMS009-004,FRM-012,05-quality/09-nonconforming-capa.md
REQ-QMS009-005,QMS-009-C005,TST-QMS009-005,FRM-012,05-quality/09-nonconforming-capa.md
REQ-QMS009-006,QMS-009-C006,TST-QMS009-006,FRM-012,05-quality/09-nonconforming-capa.md
REQ-QMS009-007,QMS-009-C007,TST-QMS009-007,FRM-012,05-quality/09-nonconforming-capa.md
REQ-QMS009-008,QMS-009-C008,TST-QMS009-008,FRM-012,05-quality/09-nonconforming-capa.md
REQ-QMS009-009,QMS-009-C009,TST-QMS009-009,FRM-012,05-quality/09-nonconforming-capa.md
REQ-QMS009-010,QMS-009-C010,TST-QMS009-010,FRM-012,05-quality/09-nonconforming-capa.md
REQ-QMS009-011,QMS-009-C011,TST-QMS009-011,FRM-012,05-quality/09-nonconforming-capa.md
REQ-QMS009-012,QMS-009-C012,TST-QMS009-012,FRM-012,05-quality/09-nonconforming-capa.md
REQ-QMS009-013,QMS-009-C013,TST-QMS009-013,FRM-012,05-quality/09-nonconforming-capa.md
REQ-QMS009-014,QMS-009-C014,TST-QMS009-014,FRM-012,05-quality/09-nonconforming-capa.md
REQ-QMS009-015,QMS-009-C015,TST-QMS009-015,FRM-012,05-quality/09-nonconforming-capa.md
REQ-QMS009-016,QMS-009-C016,TST-QMS009-016,FRM-012,05-quality/09-nonconforming-capa.md
REQ-QMS009-017,QMS-009-C017,TST-QMS009-017,FRM-012,05-quality/09-nonconforming-capa.md
REQ-QMS009-018,QMS-009-C018,TST-QMS009-018,FRM-012,05-quality/09-nonconforming-capa.md
REQ-QMS010-001,QMS-010-C001,TST-QMS010-001,FRM-012,05-quality/10-internal-audit-review.md
REQ-QMS010-002,QMS-010-C002,TST-QMS010-002,FRM-012,05-quality/10-internal-audit-review.md
REQ-QMS010-003,QMS-010-C003,TST-QMS010-003,FRM-012,05-quality/10-internal-audit-review.md
REQ-QMS010-004,QMS-010-C004,TST-QMS010-004,FRM-012,05-quality/10-internal-audit-review.md
REQ-QMS010-005,QMS-010-C005,TST-QMS010-005,FRM-012,05-quality/10-internal-audit-review.md
REQ-QMS010-006,QMS-010-C006,TST-QMS010-006,FRM-012,05-quality/10-internal-audit-review.md
REQ-QMS010-007,QMS-010-C007,TST-QMS010-007,FRM-012,05-quality/10-internal-audit-review.md
REQ-QMS010-008,QMS-010-C008,TST-QMS010-008,FRM-012,05-quality/10-internal-audit-review.md
REQ-QMS010-009,QMS-010-C009,TST-QMS010-009,FRM-012,05-quality/10-internal-audit-review.md
REQ-QMS010-010,QMS-010-C010,TST-QMS010-010,FRM-012,05-quality/10-internal-audit-review.md
REQ-QMS010-011,QMS-010-C011,TST-QMS010-011,FRM-012,05-quality/10-internal-audit-review.md
REQ-QMS010-012,QMS-010-C012,TST-QMS010-012,FRM-012,05-quality/10-internal-audit-review.md
REQ-QMS010-013,QMS-010-C013,TST-QMS010-013,FRM-012,05-quality/10-internal-audit-review.md
REQ-QMS010-014,QMS-010-C014,TST-QMS010-014,FRM-012,05-quality/10-internal-audit-review.md
REQ-QMS010-015,QMS-010-C015,TST-QMS010-015,FRM-012,05-quality/10-internal-audit-review.md
REQ-QMS010-016,QMS-010-C016,TST-QMS010-016,FRM-012,05-quality/10-internal-audit-review.md
REQ-QMS010-017,QMS-010-C017,TST-QMS010-017,FRM-012,05-quality/10-internal-audit-review.md
REQ-QMS010-018,QMS-010-C018,TST-QMS010-018,FRM-012,05-quality/10-internal-audit-review.md
REQ-QMS010-019,QMS-010-C019,TST-QMS010-019,FRM-012,05-quality/10-internal-audit-review.md
REQ-QMS010-020,QMS-010-C020,TST-QMS010-020,FRM-012,05-quality/10-internal-audit-review.md
REQ-QMS010-021,QMS-010-C021,TST-QMS010-021,FRM-012,05-quality/10-internal-audit-review.md
REQ-QMS011-001,QMS-011-C001,TST-QMS011-001,FRM-012,05-quality/11-complaints-impartiality.md
REQ-QMS011-002,QMS-011-C002,TST-QMS011-002,FRM-012,05-quality/11-complaints-impartiality.md
REQ-QMS011-003,QMS-011-C003,TST-QMS011-003,FRM-012,05-quality/11-complaints-impartiality.md
REQ-QMS011-004,QMS-011-C004,TST-QMS011-004,FRM-012,05-quality/11-complaints-impartiality.md
REQ-QMS011-005,QMS-011-C005,TST-QMS011-005,FRM-012,05-quality/11-complaints-impartiality.md
REQ-QMS011-006,QMS-011-C006,TST-QMS011-006,FRM-012,05-quality/11-complaints-impartiality.md
REQ-QMS011-007,QMS-011-C007,TST-QMS011-007,FRM-012,05-quality/11-complaints-impartiality.md
REQ-QMS011-008,QMS-011-C008,TST-QMS011-008,FRM-012,05-quality/11-complaints-impartiality.md
REQ-QMS011-009,QMS-011-C009,TST-QMS011-009,FRM-012,05-quality/11-complaints-impartiality.md
REQ-QMS011-010,QMS-011-C010,TST-QMS011-010,FRM-012,05-quality/11-complaints-impartiality.md
REQ-QMS011-011,QMS-011-C011,TST-QMS011-011,FRM-012,05-quality/11-complaints-impartiality.md
REQ-QMS011-012,QMS-011-C012,TST-QMS011-012,FRM-012,05-quality/11-complaints-impartiality.md
REQ-QMS011-013,QMS-011-C013,TST-QMS011-013,FRM-012,05-quality/11-complaints-impartiality.md
REQ-QMS011-014,QMS-011-C014,TST-QMS011-014,FRM-012,05-quality/11-complaints-impartiality.md
REQ-QMS011-015,QMS-011-C015,TST-QMS011-015,FRM-012,05-quality/11-complaints-impartiality.md
REQ-QMS011-016,QMS-011-C016,TST-QMS011-016,FRM-012,05-quality/11-complaints-impartiality.md
REQ-QMS011-017,QMS-011-C017,TST-QMS011-017,FRM-012,05-quality/11-complaints-impartiality.md
REQ-QMS011-018,QMS-011-C018,TST-QMS011-018,FRM-012,05-quality/11-complaints-impartiality.md
REQ-QMS011-019,QMS-011-C019,TST-QMS011-019,FRM-012,05-quality/11-complaints-impartiality.md
REQ-QMS011-020,QMS-011-C020,TST-QMS011-020,FRM-012,05-quality/11-complaints-impartiality.md
REQ-QMS012-001,QMS-012-C001,TST-QMS012-001,FRM-012,05-quality/12-supplier-outsourcing.md
REQ-QMS012-002,QMS-012-C002,TST-QMS012-002,FRM-012,05-quality/12-supplier-outsourcing.md
REQ-QMS012-003,QMS-012-C003,TST-QMS012-003,FRM-012,05-quality/12-supplier-outsourcing.md
REQ-QMS012-004,QMS-012-C004,TST-QMS012-004,FRM-012,05-quality/12-supplier-outsourcing.md
REQ-QMS012-005,QMS-012-C005,TST-QMS012-005,FRM-012,05-quality/12-supplier-outsourcing.md
REQ-QMS012-006,QMS-012-C006,TST-QMS012-006,FRM-012,05-quality/12-supplier-outsourcing.md
REQ-QMS012-007,QMS-012-C007,TST-QMS012-007,FRM-012,05-quality/12-supplier-outsourcing.md
REQ-QMS012-008,QMS-012-C008,TST-QMS012-008,FRM-012,05-quality/12-supplier-outsourcing.md
REQ-QMS012-009,QMS-012-C009,TST-QMS012-009,FRM-012,05-quality/12-supplier-outsourcing.md
REQ-QMS012-010,QMS-012-C010,TST-QMS012-010,FRM-012,05-quality/12-supplier-outsourcing.md
REQ-QMS012-011,QMS-012-C011,TST-QMS012-011,FRM-012,05-quality/12-supplier-outsourcing.md
REQ-QMS012-012,QMS-012-C012,TST-QMS012-012,FRM-012,05-quality/12-supplier-outsourcing.md
REQ-QMS012-013,QMS-012-C013,TST-QMS012-013,FRM-012,05-quality/12-supplier-outsourcing.md
REQ-QMS012-014,QMS-012-C014,TST-QMS012-014,FRM-012,05-quality/12-supplier-outsourcing.md
REQ-QMS012-015,QMS-012-C015,TST-QMS012-015,FRM-012,05-quality/12-supplier-outsourcing.md
REQ-QMS012-016,QMS-012-C016,TST-QMS012-016,FRM-012,05-quality/12-supplier-outsourcing.md
REQ-QMS012-017,QMS-012-C017,TST-QMS012-017,FRM-012,05-quality/12-supplier-outsourcing.md
REQ-QMS012-018,QMS-012-C018,TST-QMS012-018,FRM-012,05-quality/12-supplier-outsourcing.md
REQ-QMS012-019,QMS-012-C019,TST-QMS012-019,FRM-012,05-quality/12-supplier-outsourcing.md
REQ-QMS012-020,QMS-012-C020,TST-QMS012-020,FRM-012,05-quality/12-supplier-outsourcing.md
REQ-SOP001-001,SOP-001-C001,TST-SOP001-001,FRM-003,06-operations/01-case-intake.md
REQ-SOP001-002,SOP-001-C002,TST-SOP001-002,FRM-003,06-operations/01-case-intake.md
REQ-SOP001-003,SOP-001-C003,TST-SOP001-003,FRM-003,06-operations/01-case-intake.md
REQ-SOP001-004,SOP-001-C004,TST-SOP001-004,FRM-003,06-operations/01-case-intake.md
REQ-SOP001-005,SOP-001-C005,TST-SOP001-005,FRM-003,06-operations/01-case-intake.md
REQ-SOP001-006,SOP-001-C006,TST-SOP001-006,FRM-003,06-operations/01-case-intake.md
REQ-SOP001-007,SOP-001-C007,TST-SOP001-007,FRM-003,06-operations/01-case-intake.md
REQ-SOP001-008,SOP-001-C008,TST-SOP001-008,FRM-003,06-operations/01-case-intake.md
REQ-SOP001-009,SOP-001-C009,TST-SOP001-009,FRM-003,06-operations/01-case-intake.md
REQ-SOP001-010,SOP-001-C010,TST-SOP001-010,FRM-003,06-operations/01-case-intake.md
REQ-SOP001-011,SOP-001-C011,TST-SOP001-011,FRM-003,06-operations/01-case-intake.md
REQ-SOP001-012,SOP-001-C012,TST-SOP001-012,FRM-003,06-operations/01-case-intake.md
REQ-SOP001-013,SOP-001-C013,TST-SOP001-013,FRM-003,06-operations/01-case-intake.md
REQ-SOP001-014,SOP-001-C014,TST-SOP001-014,FRM-003,06-operations/01-case-intake.md
REQ-SOP001-015,SOP-001-C015,TST-SOP001-015,FRM-003,06-operations/01-case-intake.md
REQ-SOP001-016,SOP-001-C016,TST-SOP001-016,FRM-003,06-operations/01-case-intake.md
REQ-SOP001-017,SOP-001-C017,TST-SOP001-017,FRM-003,06-operations/01-case-intake.md
REQ-SOP001-018,SOP-001-C018,TST-SOP001-018,FRM-003,06-operations/01-case-intake.md
REQ-SOP001-019,SOP-001-C019,TST-SOP001-019,FRM-003,06-operations/01-case-intake.md
REQ-SOP001-020,SOP-001-C020,TST-SOP001-020,FRM-003,06-operations/01-case-intake.md
REQ-SOP002-001,SOP-002-C001,TST-SOP002-001,FRM-003,06-operations/02-acquisition-session.md
REQ-SOP002-002,SOP-002-C002,TST-SOP002-002,FRM-003,06-operations/02-acquisition-session.md
REQ-SOP002-003,SOP-002-C003,TST-SOP002-003,FRM-003,06-operations/02-acquisition-session.md
REQ-SOP002-004,SOP-002-C004,TST-SOP002-004,FRM-003,06-operations/02-acquisition-session.md
REQ-SOP002-005,SOP-002-C005,TST-SOP002-005,FRM-003,06-operations/02-acquisition-session.md
REQ-SOP002-006,SOP-002-C006,TST-SOP002-006,FRM-003,06-operations/02-acquisition-session.md
REQ-SOP002-007,SOP-002-C007,TST-SOP002-007,FRM-003,06-operations/02-acquisition-session.md
REQ-SOP002-008,SOP-002-C008,TST-SOP002-008,FRM-003,06-operations/02-acquisition-session.md
REQ-SOP002-009,SOP-002-C009,TST-SOP002-009,FRM-003,06-operations/02-acquisition-session.md
REQ-SOP002-010,SOP-002-C010,TST-SOP002-010,FRM-003,06-operations/02-acquisition-session.md
REQ-SOP002-011,SOP-002-C011,TST-SOP002-011,FRM-003,06-operations/02-acquisition-session.md
REQ-SOP002-012,SOP-002-C012,TST-SOP002-012,FRM-003,06-operations/02-acquisition-session.md
REQ-SOP002-013,SOP-002-C013,TST-SOP002-013,FRM-003,06-operations/02-acquisition-session.md
REQ-SOP002-014,SOP-002-C014,TST-SOP002-014,FRM-003,06-operations/02-acquisition-session.md
REQ-SOP002-015,SOP-002-C015,TST-SOP002-015,FRM-003,06-operations/02-acquisition-session.md
REQ-SOP002-016,SOP-002-C016,TST-SOP002-016,FRM-003,06-operations/02-acquisition-session.md
REQ-SOP002-017,SOP-002-C017,TST-SOP002-017,FRM-003,06-operations/02-acquisition-session.md
REQ-SOP002-018,SOP-002-C018,TST-SOP002-018,FRM-003,06-operations/02-acquisition-session.md
REQ-SOP002-019,SOP-002-C019,TST-SOP002-019,FRM-003,06-operations/02-acquisition-session.md
REQ-SOP002-020,SOP-002-C020,TST-SOP002-020,FRM-003,06-operations/02-acquisition-session.md
REQ-SOP003-001,SOP-003-C001,TST-SOP003-001,FRM-003,06-operations/03-analysis-review.md
REQ-SOP003-002,SOP-003-C002,TST-SOP003-002,FRM-003,06-operations/03-analysis-review.md
REQ-SOP003-003,SOP-003-C003,TST-SOP003-003,FRM-003,06-operations/03-analysis-review.md
REQ-SOP003-004,SOP-003-C004,TST-SOP003-004,FRM-003,06-operations/03-analysis-review.md
REQ-SOP003-005,SOP-003-C005,TST-SOP003-005,FRM-003,06-operations/03-analysis-review.md
REQ-SOP003-006,SOP-003-C006,TST-SOP003-006,FRM-003,06-operations/03-analysis-review.md
REQ-SOP003-007,SOP-003-C007,TST-SOP003-007,FRM-003,06-operations/03-analysis-review.md
REQ-SOP003-008,SOP-003-C008,TST-SOP003-008,FRM-003,06-operations/03-analysis-review.md
REQ-SOP003-009,SOP-003-C009,TST-SOP003-009,FRM-003,06-operations/03-analysis-review.md
REQ-SOP003-010,SOP-003-C010,TST-SOP003-010,FRM-003,06-operations/03-analysis-review.md
REQ-SOP003-011,SOP-003-C011,TST-SOP003-011,FRM-003,06-operations/03-analysis-review.md
REQ-SOP003-012,SOP-003-C012,TST-SOP003-012,FRM-003,06-operations/03-analysis-review.md
REQ-SOP003-013,SOP-003-C013,TST-SOP003-013,FRM-003,06-operations/03-analysis-review.md
REQ-SOP003-014,SOP-003-C014,TST-SOP003-014,FRM-003,06-operations/03-analysis-review.md
REQ-SOP003-015,SOP-003-C015,TST-SOP003-015,FRM-003,06-operations/03-analysis-review.md
REQ-SOP003-016,SOP-003-C016,TST-SOP003-016,FRM-003,06-operations/03-analysis-review.md
REQ-SOP003-017,SOP-003-C017,TST-SOP003-017,FRM-003,06-operations/03-analysis-review.md
REQ-SOP003-018,SOP-003-C018,TST-SOP003-018,FRM-003,06-operations/03-analysis-review.md
REQ-SOP003-019,SOP-003-C019,TST-SOP003-019,FRM-003,06-operations/03-analysis-review.md
REQ-SOP003-020,SOP-003-C020,TST-SOP003-020,FRM-003,06-operations/03-analysis-review.md
REQ-SOP004-001,SOP-004-C001,TST-SOP004-001,FRM-003,06-operations/04-report-release.md
REQ-SOP004-002,SOP-004-C002,TST-SOP004-002,FRM-003,06-operations/04-report-release.md
REQ-SOP004-003,SOP-004-C003,TST-SOP004-003,FRM-003,06-operations/04-report-release.md
REQ-SOP004-004,SOP-004-C004,TST-SOP004-004,FRM-003,06-operations/04-report-release.md
REQ-SOP004-005,SOP-004-C005,TST-SOP004-005,FRM-003,06-operations/04-report-release.md
REQ-SOP004-006,SOP-004-C006,TST-SOP004-006,FRM-003,06-operations/04-report-release.md
REQ-SOP004-007,SOP-004-C007,TST-SOP004-007,FRM-003,06-operations/04-report-release.md
REQ-SOP004-008,SOP-004-C008,TST-SOP004-008,FRM-003,06-operations/04-report-release.md
REQ-SOP004-009,SOP-004-C009,TST-SOP004-009,FRM-003,06-operations/04-report-release.md
REQ-SOP004-010,SOP-004-C010,TST-SOP004-010,FRM-003,06-operations/04-report-release.md
REQ-SOP004-011,SOP-004-C011,TST-SOP004-011,FRM-003,06-operations/04-report-release.md
REQ-SOP004-012,SOP-004-C012,TST-SOP004-012,FRM-003,06-operations/04-report-release.md
REQ-SOP004-013,SOP-004-C013,TST-SOP004-013,FRM-003,06-operations/04-report-release.md
REQ-SOP004-014,SOP-004-C014,TST-SOP004-014,FRM-003,06-operations/04-report-release.md
REQ-SOP004-015,SOP-004-C015,TST-SOP004-015,FRM-003,06-operations/04-report-release.md
REQ-SOP004-016,SOP-004-C016,TST-SOP004-016,FRM-003,06-operations/04-report-release.md
REQ-SOP004-017,SOP-004-C017,TST-SOP004-017,FRM-003,06-operations/04-report-release.md
REQ-SOP004-018,SOP-004-C018,TST-SOP004-018,FRM-003,06-operations/04-report-release.md
REQ-SOP004-019,SOP-004-C019,TST-SOP004-019,FRM-003,06-operations/04-report-release.md
REQ-SOP004-020,SOP-004-C020,TST-SOP004-020,FRM-003,06-operations/04-report-release.md
REQ-SOP004-021,SOP-004-C021,TST-SOP004-021,FRM-003,06-operations/04-report-release.md
REQ-SOP004-022,SOP-004-C022,TST-SOP004-022,FRM-003,06-operations/04-report-release.md
REQ-SOP005-001,SOP-005-C001,TST-SOP005-001,FRM-003,06-operations/05-evidence-storage-transfer.md
REQ-SOP005-002,SOP-005-C002,TST-SOP005-002,FRM-003,06-operations/05-evidence-storage-transfer.md
REQ-SOP005-003,SOP-005-C003,TST-SOP005-003,FRM-003,06-operations/05-evidence-storage-transfer.md
REQ-SOP005-004,SOP-005-C004,TST-SOP005-004,FRM-003,06-operations/05-evidence-storage-transfer.md
REQ-SOP005-005,SOP-005-C005,TST-SOP005-005,FRM-003,06-operations/05-evidence-storage-transfer.md
REQ-SOP005-006,SOP-005-C006,TST-SOP005-006,FRM-003,06-operations/05-evidence-storage-transfer.md
REQ-SOP005-007,SOP-005-C007,TST-SOP005-007,FRM-003,06-operations/05-evidence-storage-transfer.md
REQ-SOP005-008,SOP-005-C008,TST-SOP005-008,FRM-003,06-operations/05-evidence-storage-transfer.md
REQ-SOP005-009,SOP-005-C009,TST-SOP005-009,FRM-003,06-operations/05-evidence-storage-transfer.md
REQ-SOP005-010,SOP-005-C010,TST-SOP005-010,FRM-003,06-operations/05-evidence-storage-transfer.md
REQ-SOP005-011,SOP-005-C011,TST-SOP005-011,FRM-003,06-operations/05-evidence-storage-transfer.md
REQ-SOP005-012,SOP-005-C012,TST-SOP005-012,FRM-003,06-operations/05-evidence-storage-transfer.md
REQ-SOP005-013,SOP-005-C013,TST-SOP005-013,FRM-003,06-operations/05-evidence-storage-transfer.md
REQ-SOP005-014,SOP-005-C014,TST-SOP005-014,FRM-003,06-operations/05-evidence-storage-transfer.md
REQ-SOP005-015,SOP-005-C015,TST-SOP005-015,FRM-003,06-operations/05-evidence-storage-transfer.md
REQ-SOP005-016,SOP-005-C016,TST-SOP005-016,FRM-003,06-operations/05-evidence-storage-transfer.md
REQ-SOP005-017,SOP-005-C017,TST-SOP005-017,FRM-003,06-operations/05-evidence-storage-transfer.md
REQ-SOP005-018,SOP-005-C018,TST-SOP005-018,FRM-003,06-operations/05-evidence-storage-transfer.md
REQ-SOP005-019,SOP-005-C019,TST-SOP005-019,FRM-003,06-operations/05-evidence-storage-transfer.md
REQ-SOP005-020,SOP-005-C020,TST-SOP005-020,FRM-003,06-operations/05-evidence-storage-transfer.md
REQ-SOP006-001,SOP-006-C001,TST-SOP006-001,FRM-003,06-operations/06-node-operations.md
REQ-SOP006-002,SOP-006-C002,TST-SOP006-002,FRM-003,06-operations/06-node-operations.md
REQ-SOP006-003,SOP-006-C003,TST-SOP006-003,FRM-003,06-operations/06-node-operations.md
REQ-SOP006-004,SOP-006-C004,TST-SOP006-004,FRM-003,06-operations/06-node-operations.md
REQ-SOP006-005,SOP-006-C005,TST-SOP006-005,FRM-003,06-operations/06-node-operations.md
REQ-SOP006-006,SOP-006-C006,TST-SOP006-006,FRM-003,06-operations/06-node-operations.md
REQ-SOP006-007,SOP-006-C007,TST-SOP006-007,FRM-003,06-operations/06-node-operations.md
REQ-SOP006-008,SOP-006-C008,TST-SOP006-008,FRM-003,06-operations/06-node-operations.md
REQ-SOP006-009,SOP-006-C009,TST-SOP006-009,FRM-003,06-operations/06-node-operations.md
REQ-SOP006-010,SOP-006-C010,TST-SOP006-010,FRM-003,06-operations/06-node-operations.md
REQ-SOP006-011,SOP-006-C011,TST-SOP006-011,FRM-003,06-operations/06-node-operations.md
REQ-SOP006-012,SOP-006-C012,TST-SOP006-012,FRM-003,06-operations/06-node-operations.md
REQ-SOP006-013,SOP-006-C013,TST-SOP006-013,FRM-003,06-operations/06-node-operations.md
REQ-SOP006-014,SOP-006-C014,TST-SOP006-014,FRM-003,06-operations/06-node-operations.md
REQ-SOP006-015,SOP-006-C015,TST-SOP006-015,FRM-003,06-operations/06-node-operations.md
REQ-SOP006-016,SOP-006-C016,TST-SOP006-016,FRM-003,06-operations/06-node-operations.md
REQ-SOP006-017,SOP-006-C017,TST-SOP006-017,FRM-003,06-operations/06-node-operations.md
REQ-SOP006-018,SOP-006-C018,TST-SOP006-018,FRM-003,06-operations/06-node-operations.md
REQ-SOP006-019,SOP-006-C019,TST-SOP006-019,FRM-003,06-operations/06-node-operations.md
REQ-SOP006-020,SOP-006-C020,TST-SOP006-020,FRM-003,06-operations/06-node-operations.md
REQ-SOP007-001,SOP-007-C001,TST-SOP007-001,FRM-003,06-operations/07-change-release.md
REQ-SOP007-002,SOP-007-C002,TST-SOP007-002,FRM-003,06-operations/07-change-release.md
REQ-SOP007-003,SOP-007-C003,TST-SOP007-003,FRM-003,06-operations/07-change-release.md
REQ-SOP007-004,SOP-007-C004,TST-SOP007-004,FRM-003,06-operations/07-change-release.md
REQ-SOP007-005,SOP-007-C005,TST-SOP007-005,FRM-003,06-operations/07-change-release.md
REQ-SOP007-006,SOP-007-C006,TST-SOP007-006,FRM-003,06-operations/07-change-release.md
REQ-SOP007-007,SOP-007-C007,TST-SOP007-007,FRM-003,06-operations/07-change-release.md
REQ-SOP007-008,SOP-007-C008,TST-SOP007-008,FRM-003,06-operations/07-change-release.md
REQ-SOP007-009,SOP-007-C009,TST-SOP007-009,FRM-003,06-operations/07-change-release.md
REQ-SOP007-010,SOP-007-C010,TST-SOP007-010,FRM-003,06-operations/07-change-release.md
REQ-SOP007-011,SOP-007-C011,TST-SOP007-011,FRM-003,06-operations/07-change-release.md
REQ-SOP007-012,SOP-007-C012,TST-SOP007-012,FRM-003,06-operations/07-change-release.md
REQ-SOP007-013,SOP-007-C013,TST-SOP007-013,FRM-003,06-operations/07-change-release.md
REQ-SOP007-014,SOP-007-C014,TST-SOP007-014,FRM-003,06-operations/07-change-release.md
REQ-SOP007-015,SOP-007-C015,TST-SOP007-015,FRM-003,06-operations/07-change-release.md
REQ-SOP007-016,SOP-007-C016,TST-SOP007-016,FRM-003,06-operations/07-change-release.md
REQ-SOP007-017,SOP-007-C017,TST-SOP007-017,FRM-003,06-operations/07-change-release.md
REQ-SOP007-018,SOP-007-C018,TST-SOP007-018,FRM-003,06-operations/07-change-release.md
REQ-SOP007-019,SOP-007-C019,TST-SOP007-019,FRM-003,06-operations/07-change-release.md
REQ-SOP007-020,SOP-007-C020,TST-SOP007-020,FRM-003,06-operations/07-change-release.md
REQ-SOP008-001,SOP-008-C001,TST-SOP008-001,FRM-003,06-operations/08-security-incident.md
REQ-SOP008-002,SOP-008-C002,TST-SOP008-002,FRM-003,06-operations/08-security-incident.md
REQ-SOP008-003,SOP-008-C003,TST-SOP008-003,FRM-003,06-operations/08-security-incident.md
REQ-SOP008-004,SOP-008-C004,TST-SOP008-004,FRM-003,06-operations/08-security-incident.md
REQ-SOP008-005,SOP-008-C005,TST-SOP008-005,FRM-003,06-operations/08-security-incident.md
REQ-SOP008-006,SOP-008-C006,TST-SOP008-006,FRM-003,06-operations/08-security-incident.md
REQ-SOP008-007,SOP-008-C007,TST-SOP008-007,FRM-003,06-operations/08-security-incident.md
REQ-SOP008-008,SOP-008-C008,TST-SOP008-008,FRM-003,06-operations/08-security-incident.md
REQ-SOP008-009,SOP-008-C009,TST-SOP008-009,FRM-003,06-operations/08-security-incident.md
REQ-SOP008-010,SOP-008-C010,TST-SOP008-010,FRM-003,06-operations/08-security-incident.md
REQ-SOP008-011,SOP-008-C011,TST-SOP008-011,FRM-003,06-operations/08-security-incident.md
REQ-SOP008-012,SOP-008-C012,TST-SOP008-012,FRM-003,06-operations/08-security-incident.md
REQ-SOP008-013,SOP-008-C013,TST-SOP008-013,FRM-003,06-operations/08-security-incident.md
REQ-SOP008-014,SOP-008-C014,TST-SOP008-014,FRM-003,06-operations/08-security-incident.md
REQ-SOP008-015,SOP-008-C015,TST-SOP008-015,FRM-003,06-operations/08-security-incident.md
REQ-SOP008-016,SOP-008-C016,TST-SOP008-016,FRM-003,06-operations/08-security-incident.md
REQ-SOP008-017,SOP-008-C017,TST-SOP008-017,FRM-003,06-operations/08-security-incident.md
REQ-SOP008-018,SOP-008-C018,TST-SOP008-018,FRM-003,06-operations/08-security-incident.md
REQ-SOP008-019,SOP-008-C019,TST-SOP008-019,FRM-003,06-operations/08-security-incident.md
REQ-SOP008-020,SOP-008-C020,TST-SOP008-020,FRM-003,06-operations/08-security-incident.md
REQ-SOP009-001,SOP-009-C001,TST-SOP009-001,FRM-003,06-operations/09-business-continuity.md
REQ-SOP009-002,SOP-009-C002,TST-SOP009-002,FRM-003,06-operations/09-business-continuity.md
REQ-SOP009-003,SOP-009-C003,TST-SOP009-003,FRM-003,06-operations/09-business-continuity.md
REQ-SOP009-004,SOP-009-C004,TST-SOP009-004,FRM-003,06-operations/09-business-continuity.md
REQ-SOP009-005,SOP-009-C005,TST-SOP009-005,FRM-003,06-operations/09-business-continuity.md
REQ-SOP009-006,SOP-009-C006,TST-SOP009-006,FRM-003,06-operations/09-business-continuity.md
REQ-SOP009-007,SOP-009-C007,TST-SOP009-007,FRM-003,06-operations/09-business-continuity.md
REQ-SOP009-008,SOP-009-C008,TST-SOP009-008,FRM-003,06-operations/09-business-continuity.md
REQ-SOP009-009,SOP-009-C009,TST-SOP009-009,FRM-003,06-operations/09-business-continuity.md
REQ-SOP009-010,SOP-009-C010,TST-SOP009-010,FRM-003,06-operations/09-business-continuity.md
REQ-SOP009-011,SOP-009-C011,TST-SOP009-011,FRM-003,06-operations/09-business-continuity.md
REQ-SOP009-012,SOP-009-C012,TST-SOP009-012,FRM-003,06-operations/09-business-continuity.md
REQ-SOP009-013,SOP-009-C013,TST-SOP009-013,FRM-003,06-operations/09-business-continuity.md
REQ-SOP009-014,SOP-009-C014,TST-SOP009-014,FRM-003,06-operations/09-business-continuity.md
REQ-SOP009-015,SOP-009-C015,TST-SOP009-015,FRM-003,06-operations/09-business-continuity.md
REQ-SOP009-016,SOP-009-C016,TST-SOP009-016,FRM-003,06-operations/09-business-continuity.md
REQ-SOP009-017,SOP-009-C017,TST-SOP009-017,FRM-003,06-operations/09-business-continuity.md
REQ-SOP009-018,SOP-009-C018,TST-SOP009-018,FRM-003,06-operations/09-business-continuity.md
REQ-SOP010-001,SOP-010-C001,TST-SOP010-001,FRM-003,06-operations/10-court-explanation.md
REQ-SOP010-002,SOP-010-C002,TST-SOP010-002,FRM-003,06-operations/10-court-explanation.md
REQ-SOP010-003,SOP-010-C003,TST-SOP010-003,FRM-003,06-operations/10-court-explanation.md
REQ-SOP010-004,SOP-010-C004,TST-SOP010-004,FRM-003,06-operations/10-court-explanation.md
REQ-SOP010-005,SOP-010-C005,TST-SOP010-005,FRM-003,06-operations/10-court-explanation.md
REQ-SOP010-006,SOP-010-C006,TST-SOP010-006,FRM-003,06-operations/10-court-explanation.md
REQ-SOP010-007,SOP-010-C007,TST-SOP010-007,FRM-003,06-operations/10-court-explanation.md
REQ-SOP010-008,SOP-010-C008,TST-SOP010-008,FRM-003,06-operations/10-court-explanation.md
REQ-SOP010-009,SOP-010-C009,TST-SOP010-009,FRM-003,06-operations/10-court-explanation.md
REQ-SOP010-010,SOP-010-C010,TST-SOP010-010,FRM-003,06-operations/10-court-explanation.md
REQ-SOP010-011,SOP-010-C011,TST-SOP010-011,FRM-003,06-operations/10-court-explanation.md
REQ-SOP010-012,SOP-010-C012,TST-SOP010-012,FRM-003,06-operations/10-court-explanation.md
REQ-SOP010-013,SOP-010-C013,TST-SOP010-013,FRM-003,06-operations/10-court-explanation.md
REQ-SOP010-014,SOP-010-C014,TST-SOP010-014,FRM-003,06-operations/10-court-explanation.md
REQ-SOP010-015,SOP-010-C015,TST-SOP010-015,FRM-003,06-operations/10-court-explanation.md
REQ-SOP010-016,SOP-010-C016,TST-SOP010-016,FRM-003,06-operations/10-court-explanation.md
REQ-SOP010-017,SOP-010-C017,TST-SOP010-017,FRM-003,06-operations/10-court-explanation.md
REQ-SOP010-018,SOP-010-C018,TST-SOP010-018,FRM-003,06-operations/10-court-explanation.md
REQ-ORG001-001,ORG-001-C001,TST-ORG001-001,FRM-014,07-organization/01-org-design.md
REQ-ORG001-002,ORG-001-C002,TST-ORG001-002,FRM-014,07-organization/01-org-design.md
REQ-ORG001-003,ORG-001-C003,TST-ORG001-003,FRM-014,07-organization/01-org-design.md
REQ-ORG001-004,ORG-001-C004,TST-ORG001-004,FRM-014,07-organization/01-org-design.md
REQ-ORG001-005,ORG-001-C005,TST-ORG001-005,FRM-014,07-organization/01-org-design.md
REQ-ORG001-006,ORG-001-C006,TST-ORG001-006,FRM-014,07-organization/01-org-design.md
REQ-ORG001-007,ORG-001-C007,TST-ORG001-007,FRM-014,07-organization/01-org-design.md
REQ-ORG001-008,ORG-001-C008,TST-ORG001-008,FRM-014,07-organization/01-org-design.md
REQ-ORG001-009,ORG-001-C009,TST-ORG001-009,FRM-014,07-organization/01-org-design.md
REQ-ORG001-010,ORG-001-C010,TST-ORG001-010,FRM-014,07-organization/01-org-design.md
REQ-ORG001-011,ORG-001-C011,TST-ORG001-011,FRM-014,07-organization/01-org-design.md
REQ-ORG001-012,ORG-001-C012,TST-ORG001-012,FRM-014,07-organization/01-org-design.md
REQ-ORG001-013,ORG-001-C013,TST-ORG001-013,FRM-014,07-organization/01-org-design.md
REQ-ORG001-014,ORG-001-C014,TST-ORG001-014,FRM-014,07-organization/01-org-design.md
REQ-ORG001-015,ORG-001-C015,TST-ORG001-015,FRM-014,07-organization/01-org-design.md
REQ-ORG001-016,ORG-001-C016,TST-ORG001-016,FRM-014,07-organization/01-org-design.md
REQ-ORG001-017,ORG-001-C017,TST-ORG001-017,FRM-014,07-organization/01-org-design.md
REQ-ORG002-001,ORG-002-C001,TST-ORG002-001,FRM-014,07-organization/02-role-descriptions.md
REQ-ORG002-002,ORG-002-C002,TST-ORG002-002,FRM-014,07-organization/02-role-descriptions.md
REQ-ORG002-003,ORG-002-C003,TST-ORG002-003,FRM-014,07-organization/02-role-descriptions.md
REQ-ORG002-004,ORG-002-C004,TST-ORG002-004,FRM-014,07-organization/02-role-descriptions.md
REQ-ORG002-005,ORG-002-C005,TST-ORG002-005,FRM-014,07-organization/02-role-descriptions.md
REQ-ORG002-006,ORG-002-C006,TST-ORG002-006,FRM-014,07-organization/02-role-descriptions.md
REQ-ORG002-007,ORG-002-C007,TST-ORG002-007,FRM-014,07-organization/02-role-descriptions.md
REQ-ORG002-008,ORG-002-C008,TST-ORG002-008,FRM-014,07-organization/02-role-descriptions.md
REQ-ORG002-009,ORG-002-C009,TST-ORG002-009,FRM-014,07-organization/02-role-descriptions.md
REQ-ORG002-010,ORG-002-C010,TST-ORG002-010,FRM-014,07-organization/02-role-descriptions.md
REQ-ORG002-011,ORG-002-C011,TST-ORG002-011,FRM-014,07-organization/02-role-descriptions.md
REQ-ORG002-012,ORG-002-C012,TST-ORG002-012,FRM-014,07-organization/02-role-descriptions.md
REQ-ORG002-013,ORG-002-C013,TST-ORG002-013,FRM-014,07-organization/02-role-descriptions.md
REQ-ORG002-014,ORG-002-C014,TST-ORG002-014,FRM-014,07-organization/02-role-descriptions.md
REQ-ORG002-015,ORG-002-C015,TST-ORG002-015,FRM-014,07-organization/02-role-descriptions.md
REQ-ORG002-016,ORG-002-C016,TST-ORG002-016,FRM-014,07-organization/02-role-descriptions.md
REQ-ORG002-017,ORG-002-C017,TST-ORG002-017,FRM-014,07-organization/02-role-descriptions.md
REQ-ORG002-018,ORG-002-C018,TST-ORG002-018,FRM-014,07-organization/02-role-descriptions.md
REQ-ORG003-001,ORG-003-C001,TST-ORG003-001,FRM-014,07-organization/03-competence-matrix.md
REQ-ORG003-002,ORG-003-C002,TST-ORG003-002,FRM-014,07-organization/03-competence-matrix.md
REQ-ORG003-003,ORG-003-C003,TST-ORG003-003,FRM-014,07-organization/03-competence-matrix.md
REQ-ORG003-004,ORG-003-C004,TST-ORG003-004,FRM-014,07-organization/03-competence-matrix.md
REQ-ORG003-005,ORG-003-C005,TST-ORG003-005,FRM-014,07-organization/03-competence-matrix.md
REQ-ORG003-006,ORG-003-C006,TST-ORG003-006,FRM-014,07-organization/03-competence-matrix.md
REQ-ORG003-007,ORG-003-C007,TST-ORG003-007,FRM-014,07-organization/03-competence-matrix.md
REQ-ORG003-008,ORG-003-C008,TST-ORG003-008,FRM-014,07-organization/03-competence-matrix.md
REQ-ORG003-009,ORG-003-C009,TST-ORG003-009,FRM-014,07-organization/03-competence-matrix.md
REQ-ORG003-010,ORG-003-C010,TST-ORG003-010,FRM-014,07-organization/03-competence-matrix.md
REQ-ORG003-011,ORG-003-C011,TST-ORG003-011,FRM-014,07-organization/03-competence-matrix.md
REQ-ORG003-012,ORG-003-C012,TST-ORG003-012,FRM-014,07-organization/03-competence-matrix.md
REQ-ORG003-013,ORG-003-C013,TST-ORG003-013,FRM-014,07-organization/03-competence-matrix.md
REQ-ORG003-014,ORG-003-C014,TST-ORG003-014,FRM-014,07-organization/03-competence-matrix.md
REQ-ORG003-015,ORG-003-C015,TST-ORG003-015,FRM-014,07-organization/03-competence-matrix.md
REQ-ORG003-016,ORG-003-C016,TST-ORG003-016,FRM-014,07-organization/03-competence-matrix.md
REQ-ORG003-017,ORG-003-C017,TST-ORG003-017,FRM-014,07-organization/03-competence-matrix.md
REQ-ORG003-018,ORG-003-C018,TST-ORG003-018,FRM-014,07-organization/03-competence-matrix.md
REQ-ORG003-019,ORG-003-C019,TST-ORG003-019,FRM-014,07-organization/03-competence-matrix.md
REQ-ORG003-020,ORG-003-C020,TST-ORG003-020,FRM-014,07-organization/03-competence-matrix.md
REQ-ORG004-001,ORG-004-C001,TST-ORG004-001,FRM-014,07-organization/04-training-authorization.md
REQ-ORG004-002,ORG-004-C002,TST-ORG004-002,FRM-014,07-organization/04-training-authorization.md
REQ-ORG004-003,ORG-004-C003,TST-ORG004-003,FRM-014,07-organization/04-training-authorization.md
REQ-ORG004-004,ORG-004-C004,TST-ORG004-004,FRM-014,07-organization/04-training-authorization.md
REQ-ORG004-005,ORG-004-C005,TST-ORG004-005,FRM-014,07-organization/04-training-authorization.md
REQ-ORG004-006,ORG-004-C006,TST-ORG004-006,FRM-014,07-organization/04-training-authorization.md
REQ-ORG004-007,ORG-004-C007,TST-ORG004-007,FRM-014,07-organization/04-training-authorization.md
REQ-ORG004-008,ORG-004-C008,TST-ORG004-008,FRM-014,07-organization/04-training-authorization.md
REQ-ORG004-009,ORG-004-C009,TST-ORG004-009,FRM-014,07-organization/04-training-authorization.md
REQ-ORG004-010,ORG-004-C010,TST-ORG004-010,FRM-014,07-organization/04-training-authorization.md
REQ-ORG004-011,ORG-004-C011,TST-ORG004-011,FRM-014,07-organization/04-training-authorization.md
REQ-ORG004-012,ORG-004-C012,TST-ORG004-012,FRM-014,07-organization/04-training-authorization.md
REQ-ORG004-013,ORG-004-C013,TST-ORG004-013,FRM-014,07-organization/04-training-authorization.md
REQ-ORG004-014,ORG-004-C014,TST-ORG004-014,FRM-014,07-organization/04-training-authorization.md
REQ-ORG004-015,ORG-004-C015,TST-ORG004-015,FRM-014,07-organization/04-training-authorization.md
REQ-ORG004-016,ORG-004-C016,TST-ORG004-016,FRM-014,07-organization/04-training-authorization.md
REQ-ORG004-017,ORG-004-C017,TST-ORG004-017,FRM-014,07-organization/04-training-authorization.md
REQ-ORG004-018,ORG-004-C018,TST-ORG004-018,FRM-014,07-organization/04-training-authorization.md
REQ-ORG004-019,ORG-004-C019,TST-ORG004-019,FRM-014,07-organization/04-training-authorization.md
REQ-ORG004-020,ORG-004-C020,TST-ORG004-020,FRM-014,07-organization/04-training-authorization.md
REQ-ORG005-001,ORG-005-C001,TST-ORG005-001,FRM-014,07-organization/05-independence-conflicts.md
REQ-ORG005-002,ORG-005-C002,TST-ORG005-002,FRM-014,07-organization/05-independence-conflicts.md
REQ-ORG005-003,ORG-005-C003,TST-ORG005-003,FRM-014,07-organization/05-independence-conflicts.md
REQ-ORG005-004,ORG-005-C004,TST-ORG005-004,FRM-014,07-organization/05-independence-conflicts.md
REQ-ORG005-005,ORG-005-C005,TST-ORG005-005,FRM-014,07-organization/05-independence-conflicts.md
REQ-ORG005-006,ORG-005-C006,TST-ORG005-006,FRM-014,07-organization/05-independence-conflicts.md
REQ-ORG005-007,ORG-005-C007,TST-ORG005-007,FRM-014,07-organization/05-independence-conflicts.md
REQ-ORG005-008,ORG-005-C008,TST-ORG005-008,FRM-014,07-organization/05-independence-conflicts.md
REQ-ORG005-009,ORG-005-C009,TST-ORG005-009,FRM-014,07-organization/05-independence-conflicts.md
REQ-ORG005-010,ORG-005-C010,TST-ORG005-010,FRM-014,07-organization/05-independence-conflicts.md
REQ-ORG005-011,ORG-005-C011,TST-ORG005-011,FRM-014,07-organization/05-independence-conflicts.md
REQ-ORG005-012,ORG-005-C012,TST-ORG005-012,FRM-014,07-organization/05-independence-conflicts.md
REQ-ORG005-013,ORG-005-C013,TST-ORG005-013,FRM-014,07-organization/05-independence-conflicts.md
REQ-ORG005-014,ORG-005-C014,TST-ORG005-014,FRM-014,07-organization/05-independence-conflicts.md
REQ-ORG005-015,ORG-005-C015,TST-ORG005-015,FRM-014,07-organization/05-independence-conflicts.md
REQ-ORG005-016,ORG-005-C016,TST-ORG005-016,FRM-014,07-organization/05-independence-conflicts.md
REQ-ORG006-001,ORG-006-C001,TST-ORG006-001,FRM-014,07-organization/06-staffing-plan.md
REQ-ORG006-002,ORG-006-C002,TST-ORG006-002,FRM-014,07-organization/06-staffing-plan.md
REQ-ORG006-003,ORG-006-C003,TST-ORG006-003,FRM-014,07-organization/06-staffing-plan.md
REQ-ORG006-004,ORG-006-C004,TST-ORG006-004,FRM-014,07-organization/06-staffing-plan.md
REQ-ORG006-005,ORG-006-C005,TST-ORG006-005,FRM-014,07-organization/06-staffing-plan.md
REQ-ORG006-006,ORG-006-C006,TST-ORG006-006,FRM-014,07-organization/06-staffing-plan.md
REQ-ORG006-007,ORG-006-C007,TST-ORG006-007,FRM-014,07-organization/06-staffing-plan.md
REQ-ORG006-008,ORG-006-C008,TST-ORG006-008,FRM-014,07-organization/06-staffing-plan.md
REQ-ORG006-009,ORG-006-C009,TST-ORG006-009,FRM-014,07-organization/06-staffing-plan.md
REQ-ORG006-010,ORG-006-C010,TST-ORG006-010,FRM-014,07-organization/06-staffing-plan.md
REQ-ORG006-011,ORG-006-C011,TST-ORG006-011,FRM-014,07-organization/06-staffing-plan.md
REQ-ORG006-012,ORG-006-C012,TST-ORG006-012,FRM-014,07-organization/06-staffing-plan.md
REQ-ORG006-013,ORG-006-C013,TST-ORG006-013,FRM-014,07-organization/06-staffing-plan.md
REQ-ORG006-014,ORG-006-C014,TST-ORG006-014,FRM-014,07-organization/06-staffing-plan.md
REQ-ORG006-015,ORG-006-C015,TST-ORG006-015,FRM-014,07-organization/06-staffing-plan.md
REQ-ORG006-016,ORG-006-C016,TST-ORG006-016,FRM-014,07-organization/06-staffing-plan.md
REQ-ORG006-017,ORG-006-C017,TST-ORG006-017,FRM-014,07-organization/06-staffing-plan.md
REQ-ORG006-018,ORG-006-C018,TST-ORG006-018,FRM-014,07-organization/06-staffing-plan.md
REQ-PLN001-001,PLN-001-C001,TST-PLN001-001,FRM-013,08-planning/01-24-month-roadmap.md
REQ-PLN001-002,PLN-001-C002,TST-PLN001-002,FRM-013,08-planning/01-24-month-roadmap.md
REQ-PLN001-003,PLN-001-C003,TST-PLN001-003,FRM-013,08-planning/01-24-month-roadmap.md
REQ-PLN001-004,PLN-001-C004,TST-PLN001-004,FRM-013,08-planning/01-24-month-roadmap.md
REQ-PLN001-005,PLN-001-C005,TST-PLN001-005,FRM-013,08-planning/01-24-month-roadmap.md
REQ-PLN001-006,PLN-001-C006,TST-PLN001-006,FRM-013,08-planning/01-24-month-roadmap.md
REQ-PLN001-007,PLN-001-C007,TST-PLN001-007,FRM-013,08-planning/01-24-month-roadmap.md
REQ-PLN001-008,PLN-001-C008,TST-PLN001-008,FRM-013,08-planning/01-24-month-roadmap.md
REQ-PLN001-009,PLN-001-C009,TST-PLN001-009,FRM-013,08-planning/01-24-month-roadmap.md
REQ-PLN001-010,PLN-001-C010,TST-PLN001-010,FRM-013,08-planning/01-24-month-roadmap.md
REQ-PLN001-011,PLN-001-C011,TST-PLN001-011,FRM-013,08-planning/01-24-month-roadmap.md
REQ-PLN001-012,PLN-001-C012,TST-PLN001-012,FRM-013,08-planning/01-24-month-roadmap.md
REQ-PLN001-013,PLN-001-C013,TST-PLN001-013,FRM-013,08-planning/01-24-month-roadmap.md
REQ-PLN001-014,PLN-001-C014,TST-PLN001-014,FRM-013,08-planning/01-24-month-roadmap.md
REQ-PLN001-015,PLN-001-C015,TST-PLN001-015,FRM-013,08-planning/01-24-month-roadmap.md
REQ-PLN001-016,PLN-001-C016,TST-PLN001-016,FRM-013,08-planning/01-24-month-roadmap.md
REQ-PLN002-001,PLN-002-C001,TST-PLN002-001,FRM-013,08-planning/02-work-breakdown.md
REQ-PLN002-002,PLN-002-C002,TST-PLN002-002,FRM-013,08-planning/02-work-breakdown.md
REQ-PLN002-003,PLN-002-C003,TST-PLN002-003,FRM-013,08-planning/02-work-breakdown.md
REQ-PLN002-004,PLN-002-C004,TST-PLN002-004,FRM-013,08-planning/02-work-breakdown.md
REQ-PLN002-005,PLN-002-C005,TST-PLN002-005,FRM-013,08-planning/02-work-breakdown.md
REQ-PLN002-006,PLN-002-C006,TST-PLN002-006,FRM-013,08-planning/02-work-breakdown.md
REQ-PLN002-007,PLN-002-C007,TST-PLN002-007,FRM-013,08-planning/02-work-breakdown.md
REQ-PLN002-008,PLN-002-C008,TST-PLN002-008,FRM-013,08-planning/02-work-breakdown.md
REQ-PLN002-009,PLN-002-C009,TST-PLN002-009,FRM-013,08-planning/02-work-breakdown.md
REQ-PLN002-010,PLN-002-C010,TST-PLN002-010,FRM-013,08-planning/02-work-breakdown.md
REQ-PLN002-011,PLN-002-C011,TST-PLN002-011,FRM-013,08-planning/02-work-breakdown.md
REQ-PLN002-012,PLN-002-C012,TST-PLN002-012,FRM-013,08-planning/02-work-breakdown.md
REQ-PLN002-013,PLN-002-C013,TST-PLN002-013,FRM-013,08-planning/02-work-breakdown.md
REQ-PLN002-014,PLN-002-C014,TST-PLN002-014,FRM-013,08-planning/02-work-breakdown.md
REQ-PLN002-015,PLN-002-C015,TST-PLN002-015,FRM-013,08-planning/02-work-breakdown.md
REQ-PLN002-016,PLN-002-C016,TST-PLN002-016,FRM-013,08-planning/02-work-breakdown.md
REQ-PLN002-017,PLN-002-C017,TST-PLN002-017,FRM-013,08-planning/02-work-breakdown.md
REQ-PLN002-018,PLN-002-C018,TST-PLN002-018,FRM-013,08-planning/02-work-breakdown.md
REQ-PLN002-019,PLN-002-C019,TST-PLN002-019,FRM-013,08-planning/02-work-breakdown.md
REQ-PLN002-020,PLN-002-C020,TST-PLN002-020,FRM-013,08-planning/02-work-breakdown.md
REQ-PLN003-001,PLN-003-C001,TST-PLN003-001,FRM-013,08-planning/03-budget-procurement.md
REQ-PLN003-002,PLN-003-C002,TST-PLN003-002,FRM-013,08-planning/03-budget-procurement.md
REQ-PLN003-003,PLN-003-C003,TST-PLN003-003,FRM-013,08-planning/03-budget-procurement.md
REQ-PLN003-004,PLN-003-C004,TST-PLN003-004,FRM-013,08-planning/03-budget-procurement.md
REQ-PLN003-005,PLN-003-C005,TST-PLN003-005,FRM-013,08-planning/03-budget-procurement.md
REQ-PLN003-006,PLN-003-C006,TST-PLN003-006,FRM-013,08-planning/03-budget-procurement.md
REQ-PLN003-007,PLN-003-C007,TST-PLN003-007,FRM-013,08-planning/03-budget-procurement.md
REQ-PLN003-008,PLN-003-C008,TST-PLN003-008,FRM-013,08-planning/03-budget-procurement.md
REQ-PLN003-009,PLN-003-C009,TST-PLN003-009,FRM-013,08-planning/03-budget-procurement.md
REQ-PLN003-010,PLN-003-C010,TST-PLN003-010,FRM-013,08-planning/03-budget-procurement.md
REQ-PLN003-011,PLN-003-C011,TST-PLN003-011,FRM-013,08-planning/03-budget-procurement.md
REQ-PLN003-012,PLN-003-C012,TST-PLN003-012,FRM-013,08-planning/03-budget-procurement.md
REQ-PLN003-013,PLN-003-C013,TST-PLN003-013,FRM-013,08-planning/03-budget-procurement.md
REQ-PLN003-014,PLN-003-C014,TST-PLN003-014,FRM-013,08-planning/03-budget-procurement.md
REQ-PLN003-015,PLN-003-C015,TST-PLN003-015,FRM-013,08-planning/03-budget-procurement.md
REQ-PLN003-016,PLN-003-C016,TST-PLN003-016,FRM-013,08-planning/03-budget-procurement.md
REQ-PLN003-017,PLN-003-C017,TST-PLN003-017,FRM-013,08-planning/03-budget-procurement.md
REQ-PLN003-018,PLN-003-C018,TST-PLN003-018,FRM-013,08-planning/03-budget-procurement.md
REQ-PLN003-019,PLN-003-C019,TST-PLN003-019,FRM-013,08-planning/03-budget-procurement.md
REQ-PLN003-020,PLN-003-C020,TST-PLN003-020,FRM-013,08-planning/03-budget-procurement.md
REQ-PLN004-001,PLN-004-C001,TST-PLN004-001,FRM-013,08-planning/04-laboratory-buildout.md
REQ-PLN004-002,PLN-004-C002,TST-PLN004-002,FRM-013,08-planning/04-laboratory-buildout.md
REQ-PLN004-003,PLN-004-C003,TST-PLN004-003,FRM-013,08-planning/04-laboratory-buildout.md
REQ-PLN004-004,PLN-004-C004,TST-PLN004-004,FRM-013,08-planning/04-laboratory-buildout.md
REQ-PLN004-005,PLN-004-C005,TST-PLN004-005,FRM-013,08-planning/04-laboratory-buildout.md
REQ-PLN004-006,PLN-004-C006,TST-PLN004-006,FRM-013,08-planning/04-laboratory-buildout.md
REQ-PLN004-007,PLN-004-C007,TST-PLN004-007,FRM-013,08-planning/04-laboratory-buildout.md
REQ-PLN004-008,PLN-004-C008,TST-PLN004-008,FRM-013,08-planning/04-laboratory-buildout.md
REQ-PLN004-009,PLN-004-C009,TST-PLN004-009,FRM-013,08-planning/04-laboratory-buildout.md
REQ-PLN004-010,PLN-004-C010,TST-PLN004-010,FRM-013,08-planning/04-laboratory-buildout.md
REQ-PLN004-011,PLN-004-C011,TST-PLN004-011,FRM-013,08-planning/04-laboratory-buildout.md
REQ-PLN004-012,PLN-004-C012,TST-PLN004-012,FRM-013,08-planning/04-laboratory-buildout.md
REQ-PLN004-013,PLN-004-C013,TST-PLN004-013,FRM-013,08-planning/04-laboratory-buildout.md
REQ-PLN004-014,PLN-004-C014,TST-PLN004-014,FRM-013,08-planning/04-laboratory-buildout.md
REQ-PLN004-015,PLN-004-C015,TST-PLN004-015,FRM-013,08-planning/04-laboratory-buildout.md
REQ-PLN004-016,PLN-004-C016,TST-PLN004-016,FRM-013,08-planning/04-laboratory-buildout.md
REQ-PLN004-017,PLN-004-C017,TST-PLN004-017,FRM-013,08-planning/04-laboratory-buildout.md
REQ-PLN004-018,PLN-004-C018,TST-PLN004-018,FRM-013,08-planning/04-laboratory-buildout.md
REQ-PLN004-019,PLN-004-C019,TST-PLN004-019,FRM-013,08-planning/04-laboratory-buildout.md
REQ-PLN004-020,PLN-004-C020,TST-PLN004-020,FRM-013,08-planning/04-laboratory-buildout.md
REQ-PLN005-001,PLN-005-C001,TST-PLN005-001,FRM-013,08-planning/05-pilot-validation.md
REQ-PLN005-002,PLN-005-C002,TST-PLN005-002,FRM-013,08-planning/05-pilot-validation.md
REQ-PLN005-003,PLN-005-C003,TST-PLN005-003,FRM-013,08-planning/05-pilot-validation.md
REQ-PLN005-004,PLN-005-C004,TST-PLN005-004,FRM-013,08-planning/05-pilot-validation.md
REQ-PLN005-005,PLN-005-C005,TST-PLN005-005,FRM-013,08-planning/05-pilot-validation.md
REQ-PLN005-006,PLN-005-C006,TST-PLN005-006,FRM-013,08-planning/05-pilot-validation.md
REQ-PLN005-007,PLN-005-C007,TST-PLN005-007,FRM-013,08-planning/05-pilot-validation.md
REQ-PLN005-008,PLN-005-C008,TST-PLN005-008,FRM-013,08-planning/05-pilot-validation.md
REQ-PLN005-009,PLN-005-C009,TST-PLN005-009,FRM-013,08-planning/05-pilot-validation.md
REQ-PLN005-010,PLN-005-C010,TST-PLN005-010,FRM-013,08-planning/05-pilot-validation.md
REQ-PLN005-011,PLN-005-C011,TST-PLN005-011,FRM-013,08-planning/05-pilot-validation.md
REQ-PLN005-012,PLN-005-C012,TST-PLN005-012,FRM-013,08-planning/05-pilot-validation.md
REQ-PLN005-013,PLN-005-C013,TST-PLN005-013,FRM-013,08-planning/05-pilot-validation.md
REQ-PLN005-014,PLN-005-C014,TST-PLN005-014,FRM-013,08-planning/05-pilot-validation.md
REQ-PLN005-015,PLN-005-C015,TST-PLN005-015,FRM-013,08-planning/05-pilot-validation.md
REQ-PLN005-016,PLN-005-C016,TST-PLN005-016,FRM-013,08-planning/05-pilot-validation.md
REQ-PLN005-017,PLN-005-C017,TST-PLN005-017,FRM-013,08-planning/05-pilot-validation.md
REQ-PLN005-018,PLN-005-C018,TST-PLN005-018,FRM-013,08-planning/05-pilot-validation.md
REQ-PLN005-019,PLN-005-C019,TST-PLN005-019,FRM-013,08-planning/05-pilot-validation.md
REQ-PLN006-001,PLN-006-C001,TST-PLN006-001,FRM-013,08-planning/06-risk-register.md
REQ-PLN006-002,PLN-006-C002,TST-PLN006-002,FRM-013,08-planning/06-risk-register.md
REQ-PLN006-003,PLN-006-C003,TST-PLN006-003,FRM-013,08-planning/06-risk-register.md
REQ-PLN006-004,PLN-006-C004,TST-PLN006-004,FRM-013,08-planning/06-risk-register.md
REQ-PLN006-005,PLN-006-C005,TST-PLN006-005,FRM-013,08-planning/06-risk-register.md
REQ-PLN006-006,PLN-006-C006,TST-PLN006-006,FRM-013,08-planning/06-risk-register.md
REQ-PLN006-007,PLN-006-C007,TST-PLN006-007,FRM-013,08-planning/06-risk-register.md
REQ-PLN006-008,PLN-006-C008,TST-PLN006-008,FRM-013,08-planning/06-risk-register.md
REQ-PLN006-009,PLN-006-C009,TST-PLN006-009,FRM-013,08-planning/06-risk-register.md
REQ-PLN006-010,PLN-006-C010,TST-PLN006-010,FRM-013,08-planning/06-risk-register.md
REQ-PLN006-011,PLN-006-C011,TST-PLN006-011,FRM-013,08-planning/06-risk-register.md
REQ-PLN006-012,PLN-006-C012,TST-PLN006-012,FRM-013,08-planning/06-risk-register.md
REQ-PLN006-013,PLN-006-C013,TST-PLN006-013,FRM-013,08-planning/06-risk-register.md
REQ-PLN006-014,PLN-006-C014,TST-PLN006-014,FRM-013,08-planning/06-risk-register.md
REQ-PLN006-015,PLN-006-C015,TST-PLN006-015,FRM-013,08-planning/06-risk-register.md
REQ-PLN006-016,PLN-006-C016,TST-PLN006-016,FRM-013,08-planning/06-risk-register.md
REQ-PLN006-017,PLN-006-C017,TST-PLN006-017,FRM-013,08-planning/06-risk-register.md
REQ-PLN006-018,PLN-006-C018,TST-PLN006-018,FRM-013,08-planning/06-risk-register.md
REQ-PLN007-001,PLN-007-C001,TST-PLN007-001,FRM-013,08-planning/07-ip-standards.md
REQ-PLN007-002,PLN-007-C002,TST-PLN007-002,FRM-013,08-planning/07-ip-standards.md
REQ-PLN007-003,PLN-007-C003,TST-PLN007-003,FRM-013,08-planning/07-ip-standards.md
REQ-PLN007-004,PLN-007-C004,TST-PLN007-004,FRM-013,08-planning/07-ip-standards.md
REQ-PLN007-005,PLN-007-C005,TST-PLN007-005,FRM-013,08-planning/07-ip-standards.md
REQ-PLN007-006,PLN-007-C006,TST-PLN007-006,FRM-013,08-planning/07-ip-standards.md
REQ-PLN007-007,PLN-007-C007,TST-PLN007-007,FRM-013,08-planning/07-ip-standards.md
REQ-PLN007-008,PLN-007-C008,TST-PLN007-008,FRM-013,08-planning/07-ip-standards.md
REQ-PLN007-009,PLN-007-C009,TST-PLN007-009,FRM-013,08-planning/07-ip-standards.md
REQ-PLN007-010,PLN-007-C010,TST-PLN007-010,FRM-013,08-planning/07-ip-standards.md
REQ-PLN007-011,PLN-007-C011,TST-PLN007-011,FRM-013,08-planning/07-ip-standards.md
REQ-PLN007-012,PLN-007-C012,TST-PLN007-012,FRM-013,08-planning/07-ip-standards.md
REQ-PLN007-013,PLN-007-C013,TST-PLN007-013,FRM-013,08-planning/07-ip-standards.md
REQ-PLN007-014,PLN-007-C014,TST-PLN007-014,FRM-013,08-planning/07-ip-standards.md
REQ-PLN007-015,PLN-007-C015,TST-PLN007-015,FRM-013,08-planning/07-ip-standards.md
REQ-PLN007-016,PLN-007-C016,TST-PLN007-016,FRM-013,08-planning/07-ip-standards.md
REQ-PLN007-017,PLN-007-C017,TST-PLN007-017,FRM-013,08-planning/07-ip-standards.md
REQ-PLN007-018,PLN-007-C018,TST-PLN007-018,FRM-013,08-planning/07-ip-standards.md
REQ-PLN008-001,PLN-008-C001,TST-PLN008-001,FRM-013,08-planning/08-kpi-dashboard.md
REQ-PLN008-002,PLN-008-C002,TST-PLN008-002,FRM-013,08-planning/08-kpi-dashboard.md
REQ-PLN008-003,PLN-008-C003,TST-PLN008-003,FRM-013,08-planning/08-kpi-dashboard.md
REQ-PLN008-004,PLN-008-C004,TST-PLN008-004,FRM-013,08-planning/08-kpi-dashboard.md
REQ-PLN008-005,PLN-008-C005,TST-PLN008-005,FRM-013,08-planning/08-kpi-dashboard.md
REQ-PLN008-006,PLN-008-C006,TST-PLN008-006,FRM-013,08-planning/08-kpi-dashboard.md
REQ-PLN008-007,PLN-008-C007,TST-PLN008-007,FRM-013,08-planning/08-kpi-dashboard.md
REQ-PLN008-008,PLN-008-C008,TST-PLN008-008,FRM-013,08-planning/08-kpi-dashboard.md
REQ-PLN008-009,PLN-008-C009,TST-PLN008-009,FRM-013,08-planning/08-kpi-dashboard.md
REQ-PLN008-010,PLN-008-C010,TST-PLN008-010,FRM-013,08-planning/08-kpi-dashboard.md
REQ-PLN008-011,PLN-008-C011,TST-PLN008-011,FRM-013,08-planning/08-kpi-dashboard.md
REQ-PLN008-012,PLN-008-C012,TST-PLN008-012,FRM-013,08-planning/08-kpi-dashboard.md
REQ-PLN008-013,PLN-008-C013,TST-PLN008-013,FRM-013,08-planning/08-kpi-dashboard.md
REQ-PLN008-014,PLN-008-C014,TST-PLN008-014,FRM-013,08-planning/08-kpi-dashboard.md
REQ-PLN008-015,PLN-008-C015,TST-PLN008-015,FRM-013,08-planning/08-kpi-dashboard.md
REQ-PLN008-016,PLN-008-C016,TST-PLN008-016,FRM-013,08-planning/08-kpi-dashboard.md
REQ-PLN008-017,PLN-008-C017,TST-PLN008-017,FRM-013,08-planning/08-kpi-dashboard.md
REQ-PLN008-018,PLN-008-C018,TST-PLN008-018,FRM-013,08-planning/08-kpi-dashboard.md
REQ-GOV008-001,GOV-008-C001,TST-GOV008-001,FRM-013,00-governance/08-takeover-maturity-and-remediation-baseline.md
REQ-GOV008-002,GOV-008-C002,TST-GOV008-002,FRM-010,00-governance/08-takeover-maturity-and-remediation-baseline.md
REQ-GOV008-003,GOV-008-C003,TST-GOV008-003,FRM-010,00-governance/08-takeover-maturity-and-remediation-baseline.md
REQ-GOV008-004,GOV-008-C004,TST-GOV008-004,FRM-010,00-governance/08-takeover-maturity-and-remediation-baseline.md
REQ-GOV008-005,GOV-008-C005,TST-GOV008-005,FRM-013,00-governance/08-takeover-maturity-and-remediation-baseline.md
REQ-GOV008-006,GOV-008-C006,TST-GOV008-006,FRM-010,00-governance/08-takeover-maturity-and-remediation-baseline.md
REQ-GOV008-007,GOV-008-C007,TST-GOV008-007,FRM-013,00-governance/08-takeover-maturity-and-remediation-baseline.md
REQ-GOV008-008,GOV-008-C008,TST-GOV008-008,FRM-010,00-governance/08-takeover-maturity-and-remediation-baseline.md
